[debug] [2026-08-28T16:22:54.724Z] ----------------------------------------------------------------------
[debug] [2026-08-28T16:22:54.729Z] Command:       C:\Program Files\nodejs\node.exe C:\Users\paixa\AppData\Roaming\npm\node_modules\firebase-tools\lib\bin\firebase.js deploy --only functions
[debug] [2026-08-28T16:22:54.729Z] CLI Version:   15.28.1
[debug] [2026-08-28T16:22:54.730Z] Platform:      win32
[debug] [2026-08-28T16:22:54.730Z] Node Version:  v24.19.0
[debug] [2026-08-28T16:22:54.730Z] Detected Agent: unknown
[debug] [2026-08-28T16:22:54.730Z] Time:          Fri Aug 28 2026 13:22:54 GMT-0300 (Horário Padrão de Brasília)
[debug] [2026-08-28T16:22:54.730Z] ----------------------------------------------------------------------
[debug] 
[debug] [2026-08-28T16:22:54.756Z] >>> [apiv2][query] GET https://firebase-public.firebaseio.com/cli.json [none]
[debug] [2026-08-28T16:23:01.678Z] > command requires scopes: ["email","openid","https://www.googleapis.com/auth/cloudplatformprojects.readonly","https://www.googleapis.com/auth/firebase","https://www.googleapis.com/auth/cloud-platform"]
[debug] [2026-08-28T16:23:01.678Z] > authorizing via signed-in user (marcioprojetosapp@gmail.com)
[debug] [2026-08-28T16:23:01.678Z] [iam] checking project acaraje-da-bencao for permissions ["cloudfunctions.functions.create","cloudfunctions.functions.delete","cloudfunctions.functions.get","cloudfunctions.functions.list","cloudfunctions.functions.update","cloudfunctions.operations.get","firebase.projects.get"]
[debug] [2026-08-28T16:23:01.680Z] Checked if tokens are valid: false, expires at: 1787926200379
[debug] [2026-08-28T16:23:01.680Z] Checked if tokens are valid: false, expires at: 1787926200379
[debug] [2026-08-28T16:23:01.680Z] > refreshing access token with scopes: []
[debug] [2026-08-28T16:23:01.683Z] >>> [apiv2][query] POST https://www.googleapis.com/oauth2/v3/token [none]
[debug] [2026-08-28T16:23:01.683Z] >>> [apiv2][body] POST https://www.googleapis.com/oauth2/v3/token [omitted]
[debug] [2026-08-28T16:23:02.267Z] <<< [apiv2][status] POST https://www.googleapis.com/oauth2/v3/token 200
[debug] [2026-08-28T16:23:02.267Z] <<< [apiv2][body] POST https://www.googleapis.com/oauth2/v3/token [omitted]
[debug] [2026-08-28T16:23:02.318Z] >>> [apiv2][query] POST https://cloudresourcemanager.googleapis.com/v1/projects/acaraje-da-bencao:testIamPermissions [none]
[debug] [2026-08-28T16:23:02.319Z] >>> [apiv2][(partial)header] POST https://cloudresourcemanager.googleapis.com/v1/projects/acaraje-da-bencao:testIamPermissions  x-goog-user-project=acaraje-da-bencao
[debug] [2026-08-28T16:23:02.319Z] >>> [apiv2][body] POST https://cloudresourcemanager.googleapis.com/v1/projects/acaraje-da-bencao:testIamPermissions {"permissions":["cloudfunctions.functions.create","cloudfunctions.functions.delete","cloudfunctions.functions.get","cloudfunctions.functions.list","cloudfunctions.functions.update","cloudfunctions.operations.get","firebase.projects.get"]}
[debug] [2026-08-28T16:23:02.328Z] <<< [apiv2][status] GET https://firebase-public.firebaseio.com/cli.json 200
[debug] [2026-08-28T16:23:02.329Z] <<< [apiv2][body] GET https://firebase-public.firebaseio.com/cli.json {"cloudBuildErrorAfter":1594252800000,"cloudBuildWarnAfter":1590019200000,"defaultNode10After":1594252800000,"minVersion":"3.0.5","node8DeploysDisabledAfter":1613390400000,"node8RuntimeDisabledAfter":1615809600000,"node8WarnAfter":1600128000000}
[debug] [2026-08-28T16:23:03.743Z] <<< [apiv2][status] POST https://cloudresourcemanager.googleapis.com/v1/projects/acaraje-da-bencao:testIamPermissions 200
[debug] [2026-08-28T16:23:03.743Z] <<< [apiv2][body] POST https://cloudresourcemanager.googleapis.com/v1/projects/acaraje-da-bencao:testIamPermissions {"permissions":["cloudfunctions.functions.create","cloudfunctions.functions.delete","cloudfunctions.functions.get","cloudfunctions.functions.list","cloudfunctions.functions.update","cloudfunctions.operations.get","firebase.projects.get"]}
[debug] [2026-08-28T16:23:03.745Z] Checked if tokens are valid: true, expires at: 1787937781267
[debug] [2026-08-28T16:23:03.745Z] Checked if tokens are valid: true, expires at: 1787937781267
[debug] [2026-08-28T16:23:03.745Z] >>> [apiv2][query] POST https://iam.googleapis.com/v1/projects/acaraje-da-bencao/serviceAccounts/acaraje-da-bencao@appspot.gserviceaccount.com:testIamPermissions [none]
[debug] [2026-08-28T16:23:03.746Z] >>> [apiv2][body] POST https://iam.googleapis.com/v1/projects/acaraje-da-bencao/serviceAccounts/acaraje-da-bencao@appspot.gserviceaccount.com:testIamPermissions {"permissions":["iam.serviceAccounts.actAs"]}
[debug] [2026-08-28T16:23:05.140Z] <<< [apiv2][status] POST https://iam.googleapis.com/v1/projects/acaraje-da-bencao/serviceAccounts/acaraje-da-bencao@appspot.gserviceaccount.com:testIamPermissions 200
[debug] [2026-08-28T16:23:05.140Z] <<< [apiv2][body] POST https://iam.googleapis.com/v1/projects/acaraje-da-bencao/serviceAccounts/acaraje-da-bencao@appspot.gserviceaccount.com:testIamPermissions {"permissions":["iam.serviceAccounts.actAs"]}
[info] 
[info] === Deploying to 'acaraje-da-bencao'...
[info] 
[info] i  deploying functions 
[debug] [2026-08-28T16:23:05.151Z] Checked if tokens are valid: true, expires at: 1787937781267
[debug] [2026-08-28T16:23:05.151Z] Checked if tokens are valid: true, expires at: 1787937781267
[debug] [2026-08-28T16:23:05.151Z] >>> [apiv2][query] GET https://cloudresourcemanager.googleapis.com/v1/projects/acaraje-da-bencao [none]
[debug] [2026-08-28T16:23:05.415Z] <<< [apiv2][status] GET https://cloudresourcemanager.googleapis.com/v1/projects/acaraje-da-bencao 200
[debug] [2026-08-28T16:23:05.415Z] <<< [apiv2][body] GET https://cloudresourcemanager.googleapis.com/v1/projects/acaraje-da-bencao {"projectNumber":"39673030784","projectId":"acaraje-da-bencao","lifecycleState":"ACTIVE","name":"acaraje-da-bencao","labels":{"firebase":"enabled","firebase-core":"disabled"},"createTime":"2026-08-03T19:43:39.754Z"}
[info] i  functions: preparing codebase default for deployment 
[info] i  functions: ensuring required API cloudfunctions.googleapis.com is enabled... 
[info] i  functions: ensuring required API cloudbuild.googleapis.com is enabled... 
[info] i  artifactregistry: ensuring required API artifactregistry.googleapis.com is enabled... 
[debug] [2026-08-28T16:23:05.425Z] Checked if tokens are valid: true, expires at: 1787937781267
[debug] [2026-08-28T16:23:05.426Z] Checked if tokens are valid: true, expires at: 1787937781267
[debug] [2026-08-28T16:23:05.426Z] >>> [apiv2][query] GET https://firebase.googleapis.com/v1beta1/projects/acaraje-da-bencao/adminSdkConfig [none]
[debug] [2026-08-28T16:23:06.074Z] <<< [apiv2][status] GET https://firebase.googleapis.com/v1beta1/projects/acaraje-da-bencao/adminSdkConfig 200
[debug] [2026-08-28T16:23:06.074Z] <<< [apiv2][body] GET https://firebase.googleapis.com/v1beta1/projects/acaraje-da-bencao/adminSdkConfig {"projectId":"acaraje-da-bencao","storageBucket":"acaraje-da-bencao.firebasestorage.app"}
[debug] [2026-08-28T16:23:06.081Z] Validating nodejs source
[debug] [2026-08-28T16:23:10.269Z] > [functions] package.json contents: {
  "name": "functions",
  "description": "Cloud Functions for Firebase",
  "scripts": {
    "serve": "firebase emulators:start --only functions",
    "shell": "firebase functions:shell",
    "start": "npm run shell",
    "deploy": "firebase deploy --only functions",
    "logs": "firebase functions:log"
  },
  "engines": {
    "node": "24"
  },
  "main": "index.js",
  "dependencies": {
    "firebase-admin": "^13.6.0",
    "firebase-functions": "^7.0.0",
    "mercadopago": "^3.4.0"
  },
  "devDependencies": {
    "firebase-functions-test": "^3.4.1"
  },
  "private": true
}
[debug] [2026-08-28T16:23:10.270Z] Building nodejs source
[info] i  functions: Loading and analyzing source code for codebase default to determine what to deploy 
[debug] [2026-08-28T16:23:10.287Z] Could not find functions.yaml. Must use http discovery
[debug] [2026-08-28T16:23:10.349Z] Found firebase-functions binary at 'C:\Users\paixa\Documents\acaraje-app\functions\node_modules\.bin\firebase-functions'
[info] Serving at port 8662

[debug] [2026-08-28T16:23:12.228Z] Got response from /__/functions.yaml {"endpoints":{"criarPagamento":{"availableMemoryMb":null,"timeoutSeconds":null,"minInstances":null,"maxInstances":null,"ingressSettings":null,"concurrency":null,"serviceAccountEmail":null,"vpc":null,"platform":"gcfv2","secretEnvironmentVariables":[{"key":"MP_ACCESS_TOKEN"}],"labels":{},"httpsTrigger":{},"entryPoint":"criarPagamento"},"webhookMercadoPago":{"availableMemoryMb":null,"timeoutSeconds":null,"minInstances":null,"maxInstances":null,"ingressSettings":null,"concurrency":null,"serviceAccountEmail":null,"vpc":null,"platform":"gcfv2","secretEnvironmentVariables":[{"key":"MP_ACCESS_TOKEN"}],"labels":{},"httpsTrigger":{},"entryPoint":"webhookMercadoPago"}},"specVersion":"v1alpha1","requiredAPIs":[],"extensions":{},"params":[{"type":"secret","name":"MP_ACCESS_TOKEN"}]}
[debug] [2026-08-28T16:23:15.313Z] Checked if tokens are valid: true, expires at: 1787937781267
[debug] [2026-08-28T16:23:15.313Z] Checked if tokens are valid: true, expires at: 1787937781267
[debug] [2026-08-28T16:23:15.313Z] >>> [apiv2][query] GET https://cloudfunctions.googleapis.com/v1/projects/acaraje-da-bencao/locations/-/functions [none]
[debug] [2026-08-28T16:23:17.254Z] <<< [apiv2][status] GET https://cloudfunctions.googleapis.com/v1/projects/acaraje-da-bencao/locations/-/functions 200
[debug] [2026-08-28T16:23:17.254Z] <<< [apiv2][body] GET https://cloudfunctions.googleapis.com/v1/projects/acaraje-da-bencao/locations/-/functions {}
[debug] [2026-08-28T16:23:17.255Z] Checked if tokens are valid: true, expires at: 1787937781267
[debug] [2026-08-28T16:23:17.255Z] Checked if tokens are valid: true, expires at: 1787937781267
[debug] [2026-08-28T16:23:17.256Z] >>> [apiv2][query] GET https://cloudfunctions.googleapis.com/v2/projects/acaraje-da-bencao/locations/-/functions filter=environment%3D%22GEN_2%22
[debug] [2026-08-28T16:23:19.131Z] <<< [apiv2][status] GET https://cloudfunctions.googleapis.com/v2/projects/acaraje-da-bencao/locations/-/functions 200
[debug] [2026-08-28T16:23:19.131Z] <<< [apiv2][body] GET https://cloudfunctions.googleapis.com/v2/projects/acaraje-da-bencao/locations/-/functions {"functions":[{"name":"projects/acaraje-da-bencao/locations/us-central1/functions/criarPagamento","buildConfig":{"build":"projects/39673030784/locations/us-central1/builds/b2182803-0a5f-4b91-b7dc-022f2d6a2949","runtime":"nodejs24","entryPoint":"criarPagamento","source":{"storageSource":{"bucket":"gcf-v2-sources-39673030784-us-central1","object":"criarPagamento/function-source.zip","generation":"1787924511941293"}},"environmentVariables":{"GOOGLE_NODE_RUN_SCRIPTS":""},"dockerRepository":"projects/acaraje-da-bencao/locations/us-central1/repositories/gcf-artifacts","sourceProvenance":{"resolvedStorageSource":{"bucket":"gcf-v2-sources-39673030784-us-central1","object":"criarPagamento/function-source.zip","generation":"1787924511941293"}},"dockerRegistry":"ARTIFACT_REGISTRY","serviceAccount":"projects/acaraje-da-bencao/serviceAccounts/39673030784-compute@developer.gserviceaccount.com","automaticUpdatePolicy":{}},"serviceConfig":{"service":"projects/acaraje-da-bencao/locations/us-central1/services/criarpagamento","timeoutSeconds":60,"environmentVariables":{"FIREBASE_CONFIG":"{\"projectId\":\"acaraje-da-bencao\",\"storageBucket\":\"acaraje-da-bencao.firebasestorage.app\"}","GCLOUD_PROJECT":"acaraje-da-bencao","EVENTARC_CLOUD_EVENT_SOURCE":"projects/acaraje-da-bencao/locations/us-central1/services/criarPagamento","FUNCTION_REGION":"us-central1","FUNCTION_TARGET":"criarPagamento","LOG_EXECUTION_ID":"true"},"maxInstanceCount":3,"ingressSettings":"ALLOW_ALL","uri":"https://criarpagamento-2mfyfptukq-uc.a.run.app","serviceAccountEmail":"39673030784-compute@developer.gserviceaccount.com","availableMemory":"256Mi","allTrafficOnLatestRevision":true,"secretEnvironmentVariables":[{"key":"MP_ACCESS_TOKEN","projectId":"acaraje-da-bencao","secret":"MP_ACCESS_TOKEN","version":"1"}],"revision":"criarpagamento-00008-vab","maxInstanceRequestConcurrency":80,"availableCpu":"1"},"state":"ACTIVE","updateTime":"2026-08-28T13:42:37.308202776Z","labels":{"firebase-functions-hash":"d1292db005914c0a753ea828fd7c524c0ea3a04a","deployment-tool":"cli-firebase"},"environment":"GEN_2","url":"https://us-central1-acaraje-da-bencao.cloudfunctions.net/criarPagamento","createTime":"2026-08-25T19:41:21.694193581Z","satisfiesPzi":true},{"name":"projects/acaraje-da-bencao/locations/us-central1/functions/webhookMercadoPago","buildConfig":{"build":"projects/39673030784/locations/us-central1/builds/b2182803-0a5f-4b91-b7dc-022f2d6a2949","runtime":"nodejs24","entryPoint":"webhookMercadoPago","source":{"storageSource":{"bucket":"gcf-v2-sources-39673030784-us-central1","object":"webhookMercadoPago/function-source.zip","generation":"1787924558707976"}},"environmentVariables":{"GOOGLE_NODE_RUN_SCRIPTS":""},"dockerRepository":"projects/acaraje-da-bencao/locations/us-central1/repositories/gcf-artifacts","sourceProvenance":{"resolvedStorageSource":{"bucket":"gcf-v2-sources-39673030784-us-central1","object":"webhookMercadoPago/function-source.zip","generation":"1787924558707976"}},"dockerRegistry":"ARTIFACT_REGISTRY","serviceAccount":"projects/acaraje-da-bencao/serviceAccounts/39673030784-compute@developer.gserviceaccount.com","automaticUpdatePolicy":{}},"serviceConfig":{"service":"projects/acaraje-da-bencao/locations/us-central1/services/webhookmercadopago","timeoutSeconds":60,"environmentVariables":{"FIREBASE_CONFIG":"{\"projectId\":\"acaraje-da-bencao\",\"storageBucket\":\"acaraje-da-bencao.firebasestorage.app\"}","GCLOUD_PROJECT":"acaraje-da-bencao","EVENTARC_CLOUD_EVENT_SOURCE":"projects/acaraje-da-bencao/locations/us-central1/services/webhookMercadoPago","FUNCTION_REGION":"us-central1","FUNCTION_TARGET":"webhookMercadoPago","LOG_EXECUTION_ID":"true","FUNCTION_SIGNATURE_TYPE":"http"},"maxInstanceCount":3,"ingressSettings":"ALLOW_ALL","uri":"https://webhookmercadopago-2mfyfptukq-uc.a.run.app","serviceAccountEmail":"39673030784-compute@developer.gserviceaccount.com","availableMemory":"256Mi","allTrafficOnLatestRevision":true,"secretEnvironmentVariables":[{"key":"MP_ACCESS_TOKEN","projectId":"acaraje-da-bencao","secret":"MP_ACCESS_TOKEN","version":"1"}],"revision":"webhookmercadopago-00015-xoc","maxInstanceRequestConcurrency":80,"availableCpu":"1"},"state":"ACTIVE","updateTime":"2026-08-28T13:42:46.241283766Z","labels":{"deployment-tool":"cli-firebase","firebase-functions-hash":"d1292db005914c0a753ea828fd7c524c0ea3a04a"},"environment":"GEN_2","url":"https://us-central1-acaraje-da-bencao.cloudfunctions.net/webhookMercadoPago","createTime":"2026-08-22T23:27:24.383358651Z","satisfiesPzi":true}]}
[info] i  extensions: ensuring required API firebaseextensions.googleapis.com is enabled... 
[debug] [2026-08-28T16:23:19.136Z] > command requires scopes: ["email","openid","https://www.googleapis.com/auth/cloudplatformprojects.readonly","https://www.googleapis.com/auth/firebase","https://www.googleapis.com/auth/cloud-platform"]
[debug] [2026-08-28T16:23:19.136Z] > authorizing via signed-in user (marcioprojetosapp@gmail.com)
[debug] [2026-08-28T16:23:19.136Z] [iam] checking project acaraje-da-bencao for permissions ["firebase.projects.get","firebaseextensions.instances.list"]
[debug] [2026-08-28T16:23:19.137Z] Checked if tokens are valid: true, expires at: 1787937781267
[debug] [2026-08-28T16:23:19.137Z] Checked if tokens are valid: true, expires at: 1787937781267
[debug] [2026-08-28T16:23:19.137Z] >>> [apiv2][query] POST https://cloudresourcemanager.googleapis.com/v1/projects/acaraje-da-bencao:testIamPermissions [none]
[debug] [2026-08-28T16:23:19.137Z] >>> [apiv2][(partial)header] POST https://cloudresourcemanager.googleapis.com/v1/projects/acaraje-da-bencao:testIamPermissions  x-goog-user-project=acaraje-da-bencao
[debug] [2026-08-28T16:23:19.138Z] >>> [apiv2][body] POST https://cloudresourcemanager.googleapis.com/v1/projects/acaraje-da-bencao:testIamPermissions {"permissions":["firebase.projects.get","firebaseextensions.instances.list"]}
[debug] [2026-08-28T16:23:20.429Z] <<< [apiv2][status] POST https://cloudresourcemanager.googleapis.com/v1/projects/acaraje-da-bencao:testIamPermissions 200
[debug] [2026-08-28T16:23:20.430Z] <<< [apiv2][body] POST https://cloudresourcemanager.googleapis.com/v1/projects/acaraje-da-bencao:testIamPermissions {"permissions":["firebase.projects.get","firebaseextensions.instances.list"]}
[debug] [2026-08-28T16:23:20.431Z] Checked if tokens are valid: true, expires at: 1787937781267
[debug] [2026-08-28T16:23:20.431Z] Checked if tokens are valid: true, expires at: 1787937781267
[debug] [2026-08-28T16:23:20.431Z] >>> [apiv2][query] GET https://firebaseextensions.googleapis.com/v1beta/projects/acaraje-da-bencao/instances pageSize=100&pageToken=
[debug] [2026-08-28T16:23:22.171Z] <<< [apiv2][status] GET https://firebaseextensions.googleapis.com/v1beta/projects/acaraje-da-bencao/instances 200
[debug] [2026-08-28T16:23:22.171Z] <<< [apiv2][body] GET https://firebaseextensions.googleapis.com/v1beta/projects/acaraje-da-bencao/instances {}
[debug] [2026-08-28T16:23:22.173Z] Attempting to merge .env secret bindings {} into declared secrets...)}
[debug] [2026-08-28T16:23:22.174Z] criarPagamento declared secrets: [{"key":"MP_ACCESS_TOKEN","secret":"MP_ACCESS_TOKEN","projectId":"acaraje-da-bencao"}]
[debug] [2026-08-28T16:23:22.174Z] webhookMercadoPago declared secrets: [{"key":"MP_ACCESS_TOKEN","secret":"MP_ACCESS_TOKEN","projectId":"acaraje-da-bencao"}]
[debug] [2026-08-28T16:23:22.176Z] Checked if tokens are valid: true, expires at: 1787937781267
[debug] [2026-08-28T16:23:22.176Z] Checked if tokens are valid: true, expires at: 1787937781267
[debug] [2026-08-28T16:23:22.177Z] >>> [apiv2][query] GET https://secretmanager.googleapis.com/v1/projects/acaraje-da-bencao/secrets/MP_ACCESS_TOKEN [none]
[debug] [2026-08-28T16:23:23.540Z] <<< [apiv2][status] GET https://secretmanager.googleapis.com/v1/projects/acaraje-da-bencao/secrets/MP_ACCESS_TOKEN 200
[debug] [2026-08-28T16:23:23.540Z] <<< [apiv2][body] GET https://secretmanager.googleapis.com/v1/projects/acaraje-da-bencao/secrets/MP_ACCESS_TOKEN {"name":"projects/39673030784/secrets/MP_ACCESS_TOKEN","replication":{"automatic":{}},"createTime":"2026-08-26T13:35:00.170039Z","labels":{"firebase-managed":"functions"},"etag":"\"1659f3493b1869\""}
[debug] [2026-08-28T16:23:23.541Z] Checked if tokens are valid: true, expires at: 1787937781267
[debug] [2026-08-28T16:23:23.541Z] Checked if tokens are valid: true, expires at: 1787937781267
[debug] [2026-08-28T16:23:23.542Z] >>> [apiv2][query] GET https://secretmanager.googleapis.com/v1/projects/acaraje-da-bencao/secrets/MP_ACCESS_TOKEN/versions/latest [none]
[debug] [2026-08-28T16:23:23.843Z] <<< [apiv2][status] GET https://secretmanager.googleapis.com/v1/projects/acaraje-da-bencao/secrets/MP_ACCESS_TOKEN/versions/latest 200
[debug] [2026-08-28T16:23:23.843Z] <<< [apiv2][body] GET https://secretmanager.googleapis.com/v1/projects/acaraje-da-bencao/secrets/MP_ACCESS_TOKEN/versions/latest {"name":"projects/39673030784/secrets/MP_ACCESS_TOKEN/versions/1","createTime":"2026-08-26T13:38:42.565538Z","state":"ENABLED","replicationStatus":{"automatic":{}},"etag":"\"1659f35672fda2\""}
[info] i  functions: preparing functions directory for uploading... 
[info] i  functions: packaged C:\Users\paixa\Documents\acaraje-app\functions (72.33 KB) for uploading 
[info] i  functions: ensuring required API run.googleapis.com is enabled... 
[info] i  functions: ensuring required API eventarc.googleapis.com is enabled... 
[info] i  functions: ensuring required API pubsub.googleapis.com is enabled... 
[info] i  functions: ensuring required API storage.googleapis.com is enabled... 
[info] i  functions: generating the service identity for pubsub.googleapis.com... 
[debug] [2026-08-28T16:23:23.991Z] Checked if tokens are valid: true, expires at: 1787937781267
[debug] [2026-08-28T16:23:23.991Z] Checked if tokens are valid: true, expires at: 1787937781267
[info] i  functions: generating the service identity for eventarc.googleapis.com... 
[debug] [2026-08-28T16:23:23.992Z] Checked if tokens are valid: true, expires at: 1787937781267
[debug] [2026-08-28T16:23:23.992Z] Checked if tokens are valid: true, expires at: 1787937781267
[debug] [2026-08-28T16:23:23.993Z] >>> [apiv2][query] POST https://serviceusage.googleapis.com/v1beta1/projects/39673030784/services/pubsub.googleapis.com:generateServiceIdentity [none]
[debug] [2026-08-28T16:23:23.993Z] >>> [apiv2][(partial)header] POST https://serviceusage.googleapis.com/v1beta1/projects/39673030784/services/pubsub.googleapis.com:generateServiceIdentity  x-goog-user-project=39673030784
[debug] [2026-08-28T16:23:23.993Z] >>> [apiv2][body] POST https://serviceusage.googleapis.com/v1beta1/projects/39673030784/services/pubsub.googleapis.com:generateServiceIdentity {}
[debug] [2026-08-28T16:23:23.995Z] >>> [apiv2][query] POST https://serviceusage.googleapis.com/v1beta1/projects/39673030784/services/eventarc.googleapis.com:generateServiceIdentity [none]
[debug] [2026-08-28T16:23:23.997Z] >>> [apiv2][(partial)header] POST https://serviceusage.googleapis.com/v1beta1/projects/39673030784/services/eventarc.googleapis.com:generateServiceIdentity  x-goog-user-project=39673030784
[debug] [2026-08-28T16:23:23.997Z] >>> [apiv2][body] POST https://serviceusage.googleapis.com/v1beta1/projects/39673030784/services/eventarc.googleapis.com:generateServiceIdentity {}
[debug] [2026-08-28T16:23:25.289Z] <<< [apiv2][status] POST https://serviceusage.googleapis.com/v1beta1/projects/39673030784/services/eventarc.googleapis.com:generateServiceIdentity 200
[debug] [2026-08-28T16:23:25.290Z] <<< [apiv2][body] POST https://serviceusage.googleapis.com/v1beta1/projects/39673030784/services/eventarc.googleapis.com:generateServiceIdentity {"name":"operations/finished.DONE_OPERATION","done":true,"response":{"@type":"type.googleapis.com/google.api.serviceusage.v1beta1.ServiceIdentity","email":"service-39673030784@gcp-sa-eventarc.iam.gserviceaccount.com","uniqueId":"111930496677739951079"}}
[debug] [2026-08-28T16:23:25.329Z] <<< [apiv2][status] POST https://serviceusage.googleapis.com/v1beta1/projects/39673030784/services/pubsub.googleapis.com:generateServiceIdentity 200
[debug] [2026-08-28T16:23:25.330Z] <<< [apiv2][body] POST https://serviceusage.googleapis.com/v1beta1/projects/39673030784/services/pubsub.googleapis.com:generateServiceIdentity {"name":"operations/finished.DONE_OPERATION","done":true,"response":{"@type":"type.googleapis.com/google.api.serviceusage.v1beta1.ServiceIdentity","email":"service-39673030784@gcp-sa-pubsub.iam.gserviceaccount.com","uniqueId":"112576974671200212279"}}
[info] i  functions: ensuring required API secretmanager.googleapis.com is enabled... 
[debug] [2026-08-28T16:23:25.334Z] Checked if tokens are valid: true, expires at: 1787937781267
[debug] [2026-08-28T16:23:25.335Z] Checked if tokens are valid: true, expires at: 1787937781267
[debug] [2026-08-28T16:23:25.335Z] >>> [apiv2][query] GET https://secretmanager.googleapis.com/v1/projects/acaraje-da-bencao/secrets/MP_ACCESS_TOKEN/versions/latest [none]
[debug] [2026-08-28T16:23:25.631Z] <<< [apiv2][status] GET https://secretmanager.googleapis.com/v1/projects/acaraje-da-bencao/secrets/MP_ACCESS_TOKEN/versions/latest 200
[debug] [2026-08-28T16:23:25.631Z] <<< [apiv2][body] GET https://secretmanager.googleapis.com/v1/projects/acaraje-da-bencao/secrets/MP_ACCESS_TOKEN/versions/latest {"name":"projects/39673030784/secrets/MP_ACCESS_TOKEN/versions/1","createTime":"2026-08-26T13:38:42.565538Z","state":"ENABLED","replicationStatus":{"automatic":{}},"etag":"\"1659f35672fda2\""}
[debug] [2026-08-28T16:23:25.631Z] Resolved latest secret version of MP_ACCESS_TOKEN to 1.
[debug] [2026-08-28T16:23:25.635Z] Checked if tokens are valid: true, expires at: 1787937781267
[debug] [2026-08-28T16:23:25.635Z] Checked if tokens are valid: true, expires at: 1787937781267
[debug] [2026-08-28T16:23:25.635Z] >>> [apiv2][query] GET https://cloudresourcemanager.googleapis.com/v1/projects/acaraje-da-bencao [none]
[debug] [2026-08-28T16:23:26.932Z] <<< [apiv2][status] GET https://cloudresourcemanager.googleapis.com/v1/projects/acaraje-da-bencao 200
[debug] [2026-08-28T16:23:26.933Z] <<< [apiv2][body] GET https://cloudresourcemanager.googleapis.com/v1/projects/acaraje-da-bencao {"projectNumber":"39673030784","projectId":"acaraje-da-bencao","lifecycleState":"ACTIVE","name":"acaraje-da-bencao","labels":{"firebase":"enabled","firebase-core":"disabled"},"createTime":"2026-08-03T19:43:39.754Z"}
[debug] [2026-08-28T16:23:26.936Z] Checked if tokens are valid: true, expires at: 1787937781267
[debug] [2026-08-28T16:23:26.936Z] Checked if tokens are valid: true, expires at: 1787937781267
[debug] [2026-08-28T16:23:26.936Z] >>> [apiv2][query] GET https://compute.googleapis.com/compute/v1/projects/39673030784 [none]
[debug] [2026-08-28T16:23:27.436Z] *** [apiv2] error from fetch(https://compute.googleapis.com/compute/v1/projects/39673030784, {"headers":{},"method":"GET"}): AggregateError
[debug] [2026-08-28T16:23:27.437Z] unable to look up default compute service account. Falling back to 39673030784-compute@developer.gserviceaccount.com. Error: {"name":"FirebaseError","children":[],"exit":1,"message":"Failed to make request to https://compute.googleapis.com/compute/v1/projects/39673030784","original":{"code":"ETIMEDOUT"},"status":500}
[debug] [2026-08-28T16:23:27.438Z] Checked if tokens are valid: true, expires at: 1787937781267
[debug] [2026-08-28T16:23:27.438Z] Checked if tokens are valid: true, expires at: 1787937781267
[debug] [2026-08-28T16:23:27.438Z] >>> [apiv2][query] GET https://compute.googleapis.com/compute/v1/projects/39673030784 [none]
[debug] [2026-08-28T16:23:28.017Z] <<< [apiv2][status] GET https://compute.googleapis.com/compute/v1/projects/39673030784 403
[debug] [2026-08-28T16:23:28.017Z] <<< [apiv2][body] GET https://compute.googleapis.com/compute/v1/projects/39673030784 {"error":{"code":403,"message":"Compute Engine API has not been used in project 39673030784 before or it is disabled. Enable it by visiting https://console.developers.google.com/apis/api/compute.googleapis.com/overview?project=39673030784 then retry. If you enabled this API recently, wait a few minutes for the action to propagate to our systems and retry.","errors":[{"message":"Compute Engine API has not been used in project 39673030784 before or it is disabled. Enable it by visiting https://console.developers.google.com/apis/api/compute.googleapis.com/overview?project=39673030784 then retry. If you enabled this API recently, wait a few minutes for the action to propagate to our systems and retry.","domain":"usageLimits","reason":"accessNotConfigured","extendedHelp":"https://console.developers.google.com"}],"status":"PERMISSION_DENIED","details":[{"@type":"type.googleapis.com/google.rpc.ErrorInfo","reason":"SERVICE_DISABLED","domain":"googleapis.com","metadata":{"activationUrl":"https://console.developers.google.com/apis/api/compute.googleapis.com/overview?project=39673030784","service":"compute.googleapis.com","serviceTitle":"Compute Engine API","consumer":"projects/39673030784","containerInfo":"39673030784"}},{"@type":"type.googleapis.com/google.rpc.LocalizedMessage","locale":"en-US","message":"Compute Engine API has not been used in project 39673030784 before or it is disabled. Enable it by visiting https://console.developers.google.com/apis/api/compute.googleapis.com/overview?project=39673030784 then retry. If you enabled this API recently, wait a few minutes for the action to propagate to our systems and retry."},{"@type":"type.googleapis.com/google.rpc.Help","links":[{"description":"Google developers console API activation","url":"https://console.developers.google.com/apis/api/compute.googleapis.com/overview?project=39673030784"}]}]}}
[debug] [2026-08-28T16:23:28.018Z] unable to look up default compute service account. Falling back to 39673030784-compute@developer.gserviceaccount.com. Error: {"name":"FirebaseError","children":[],"context":{"body":{"error":{"code":403,"message":"Compute Engine API has not been used in project 39673030784 before or it is disabled. Enable it by visiting https://console.developers.google.com/apis/api/compute.googleapis.com/overview?project=39673030784 then retry. If you enabled this API recently, wait a few minutes for the action to propagate to our systems and retry.","errors":[{"message":"Compute Engine API has not been used in project 39673030784 before or it is disabled. Enable it by visiting https://console.developers.google.com/apis/api/compute.googleapis.com/overview?project=39673030784 then retry. If you enabled this API recently, wait a few minutes for the action to propagate to our systems and retry.","domain":"usageLimits","reason":"accessNotConfigured","extendedHelp":"https://console.developers.google.com"}],"status":"PERMISSION_DENIED","details":[{"@type":"type.googleapis.com/google.rpc.ErrorInfo","reason":"SERVICE_DISABLED","domain":"googleapis.com","metadata":{"activationUrl":"https://console.developers.google.com/apis/api/compute.googleapis.com/overview?project=39673030784","service":"compute.googleapis.com","serviceTitle":"Compute Engine API","consumer":"projects/39673030784","containerInfo":"39673030784"}},{"@type":"type.googleapis.com/google.rpc.LocalizedMessage","locale":"en-US","message":"Compute Engine API has not been used in project 39673030784 before or it is disabled. Enable it by visiting https://console.developers.google.com/apis/api/compute.googleapis.com/overview?project=39673030784 then retry. If you enabled this API recently, wait a few minutes for the action to propagate to our systems and retry."},{"@type":"type.googleapis.com/google.rpc.Help","links":[{"description":"Google developers console API activation","url":"https://console.developers.google.com/apis/api/compute.googleapis.com/overview?project=39673030784"}]}]}},"response":{"statusCode":403}},"exit":1,"message":"Request to https://compute.googleapis.com/compute/v1/projects/39673030784 had HTTP Error: 403, Compute Engine API has not been used in project 39673030784 before or it is disabled. Enable it by visiting https://console.developers.google.com/apis/api/compute.googleapis.com/overview?project=39673030784 then retry. If you enabled this API recently, wait a few minutes for the action to propagate to our systems and retry.","status":403}
[debug] [2026-08-28T16:23:28.021Z] Checked if tokens are valid: true, expires at: 1787937781267
[debug] [2026-08-28T16:23:28.022Z] Checked if tokens are valid: true, expires at: 1787937781267
[debug] [2026-08-28T16:23:28.022Z] >>> [apiv2][query] GET https://cloudbilling.googleapis.com/v1/projects/acaraje-da-bencao/billingInfo [none]
[debug] [2026-08-28T16:23:28.022Z] >>> [apiv2][(partial)header] GET https://cloudbilling.googleapis.com/v1/projects/acaraje-da-bencao/billingInfo  x-goog-user-project=acaraje-da-bencao
[debug] [2026-08-28T16:23:29.452Z] <<< [apiv2][status] GET https://cloudbilling.googleapis.com/v1/projects/acaraje-da-bencao/billingInfo 200
[debug] [2026-08-28T16:23:29.453Z] <<< [apiv2][body] GET https://cloudbilling.googleapis.com/v1/projects/acaraje-da-bencao/billingInfo {"name":"projects/acaraje-da-bencao/billingInfo","projectId":"acaraje-da-bencao","billingAccountName":"billingAccounts/0177F4-AB17F6-F85B27","billingEnabled":true}
[debug] [2026-08-28T16:23:29.456Z] Checked if tokens are valid: true, expires at: 1787937781267
[debug] [2026-08-28T16:23:29.456Z] Checked if tokens are valid: true, expires at: 1787937781267
[debug] [2026-08-28T16:23:29.456Z] >>> [apiv2][query] POST https://cloudfunctions.googleapis.com/v2/projects/acaraje-da-bencao/locations/us-central1/functions:generateUploadUrl [none]
[debug] [2026-08-28T16:23:30.875Z] <<< [apiv2][status] POST https://cloudfunctions.googleapis.com/v2/projects/acaraje-da-bencao/locations/us-central1/functions:generateUploadUrl 200
[debug] [2026-08-28T16:23:30.875Z] <<< [apiv2][body] POST https://cloudfunctions.googleapis.com/v2/projects/acaraje-da-bencao/locations/us-central1/functions:generateUploadUrl {"uploadUrl":"https://storage.googleapis.com/gcf-v2-uploads-39673030784.us-central1.cloudfunctions.appspot.com/c99ae46f-ec09-48ae-b8e7-9ce50d0de782.zip?GoogleAccessId=service-39673030784@gcf-admin-robot.iam.gserviceaccount.com&Expires=1787936010&Signature=KDGUFC84jnYoQwJlslaKtdYOkvcjbE%2BW%2FZc%2F2TEbgiA9PRHsgTUrt6ZYQ9ibT9dvNeUI9gn1ycr1az8Wy21kY%2BAWNmv7cIauOTgzWJn6ccSDchAJqigId8UtAWyH6rBAO7X3hKuIFqzhDWiwdUIlkxACmxOTLyQexn5d3p0vhPVJysu24%2F0y466U9xJgg7de0BpXaG6TmXIlhfDhsTS9aEdPbqKiKvmt%2BCf5K3n1TJw%2FDLEUeVmMRA3D0YE5pqR9wBGafHbGPOPVESn2JkUENm7HXcoKEFaixTJS3cjP5CORim5WBxT7F4I%2BYNpF1hI0iCiaWgoOJ%2FX0F8k63PDhZQ%3D%3D","storageSource":{"bucket":"gcf-v2-uploads-39673030784.us-central1.cloudfunctions.appspot.com","object":"c99ae46f-ec09-48ae-b8e7-9ce50d0de782.zip"}}
[debug] [2026-08-28T16:23:30.876Z] >>> [apiv2][query] PUT https://storage.googleapis.com/gcf-v2-uploads-39673030784.us-central1.cloudfunctions.appspot.com/c99ae46f-ec09-48ae-b8e7-9ce50d0de782.zip GoogleAccessId=service-39673030784%40gcf-admin-robot.iam.gserviceaccount.com&Expires=1787936010&Signature=KDGUFC84jnYoQwJlslaKtdYOkvcjbE%2BW%2FZc%2F2TEbgiA9PRHsgTUrt6ZYQ9ibT9dvNeUI9gn1ycr1az8Wy21kY%2BAWNmv7cIauOTgzWJn6ccSDchAJqigId8UtAWyH6rBAO7X3hKuIFqzhDWiwdUIlkxACmxOTLyQexn5d3p0vhPVJysu24%2F0y466U9xJgg7de0BpXaG6TmXIlhfDhsTS9aEdPbqKiKvmt%2BCf5K3n1TJw%2FDLEUeVmMRA3D0YE5pqR9wBGafHbGPOPVESn2JkUENm7HXcoKEFaixTJS3cjP5CORim5WBxT7F4I%2BYNpF1hI0iCiaWgoOJ%2FX0F8k63PDhZQ%3D%3D
[debug] [2026-08-28T16:23:30.876Z] >>> [apiv2][body] PUT https://storage.googleapis.com/gcf-v2-uploads-39673030784.us-central1.cloudfunctions.appspot.com/c99ae46f-ec09-48ae-b8e7-9ce50d0de782.zip [stream]
[debug] [2026-08-28T16:23:32.400Z] <<< [apiv2][status] PUT https://storage.googleapis.com/gcf-v2-uploads-39673030784.us-central1.cloudfunctions.appspot.com/c99ae46f-ec09-48ae-b8e7-9ce50d0de782.zip 200
[debug] [2026-08-28T16:23:32.400Z] <<< [apiv2][body] PUT https://storage.googleapis.com/gcf-v2-uploads-39673030784.us-central1.cloudfunctions.appspot.com/c99ae46f-ec09-48ae-b8e7-9ce50d0de782.zip [omitted]
[info] +  functions: functions source uploaded successfully 
[info] i  functions: updating Node.js 24 (2nd Gen) function criarPagamento(us-central1)... 
[info] i  functions: updating Node.js 24 (2nd Gen) function webhookMercadoPago(us-central1)... 
[debug] [2026-08-28T16:23:32.417Z] Checked if tokens are valid: true, expires at: 1787937781267
[debug] [2026-08-28T16:23:32.417Z] Checked if tokens are valid: true, expires at: 1787937781267
[debug] [2026-08-28T16:23:32.418Z] >>> [apiv2][query] PATCH https://cloudfunctions.googleapis.com/v2/projects/acaraje-da-bencao/locations/us-central1/functions/criarPagamento updateMask=name%2CbuildConfig.runtime%2CbuildConfig.entryPoint%2CbuildConfig.source.storageSource.bucket%2CbuildConfig.source.storageSource.object%2CbuildConfig.environmentVariables%2CbuildConfig.sourceToken%2CserviceConfig.environmentVariables%2CserviceConfig.secretEnvironmentVariables%2CserviceConfig.ingressSettings%2CserviceConfig.timeoutSeconds%2CserviceConfig.serviceAccountEmail%2CserviceConfig.availableMemory%2CserviceConfig.minInstanceCount%2CserviceConfig.maxInstanceCount%2CserviceConfig.maxInstanceRequestConcurrency%2CserviceConfig.availableCpu%2CserviceConfig.vpcConnector%2CserviceConfig.vpcConnectorEgressSettings%2CserviceConfig.directVpcNetworkInterface%2CserviceConfig.directVpcEgress%2Clabels
[debug] [2026-08-28T16:23:32.418Z] >>> [apiv2][body] PATCH https://cloudfunctions.googleapis.com/v2/projects/acaraje-da-bencao/locations/us-central1/functions/criarPagamento {"name":"projects/acaraje-da-bencao/locations/us-central1/functions/criarPagamento","buildConfig":{"runtime":"nodejs24","entryPoint":"criarPagamento","source":{"storageSource":{"bucket":"gcf-v2-uploads-39673030784.us-central1.cloudfunctions.appspot.com","object":"c99ae46f-ec09-48ae-b8e7-9ce50d0de782.zip"}},"environmentVariables":{"GOOGLE_NODE_RUN_SCRIPTS":""}},"serviceConfig":{"environmentVariables":{"FIREBASE_CONFIG":"{\"projectId\":\"acaraje-da-bencao\",\"storageBucket\":\"acaraje-da-bencao.firebasestorage.app\"}","GCLOUD_PROJECT":"acaraje-da-bencao","EVENTARC_CLOUD_EVENT_SOURCE":"projects/acaraje-da-bencao/locations/us-central1/services/criarPagamento","FUNCTION_REGION":"us-central1","FUNCTION_TARGET":"criarPagamento","LOG_EXECUTION_ID":"true"},"secretEnvironmentVariables":[{"key":"MP_ACCESS_TOKEN","secret":"MP_ACCESS_TOKEN","projectId":"acaraje-da-bencao","version":"1"}],"ingressSettings":null,"timeoutSeconds":null,"serviceAccountEmail":null,"availableMemory":"256Mi","minInstanceCount":null,"maxInstanceCount":null,"maxInstanceRequestConcurrency":80,"availableCpu":"1","vpcConnector":null,"vpcConnectorEgressSettings":null,"directVpcNetworkInterface":null,"directVpcEgress":null},"labels":{"deployment-tool":"cli-firebase","firebase-functions-hash":"e4bc23d79e2bfde92aeded2a1577d5579e9c4023"}}
[debug] [2026-08-28T16:23:34.051Z] <<< [apiv2][status] PATCH https://cloudfunctions.googleapis.com/v2/projects/acaraje-da-bencao/locations/us-central1/functions/criarPagamento 200
[debug] [2026-08-28T16:23:34.051Z] <<< [apiv2][body] PATCH https://cloudfunctions.googleapis.com/v2/projects/acaraje-da-bencao/locations/us-central1/functions/criarPagamento {"name":"projects/acaraje-da-bencao/locations/us-central1/operations/operation-1787934212704-65a1ddfa1480f-b7fb9e6b-a370d649","metadata":{"@type":"type.googleapis.com/google.cloud.functions.v2.OperationMetadata","createTime":"2026-08-28T16:23:33.867389084Z","target":"projects/acaraje-da-bencao/locations/us-central1/functions/criarPagamento","verb":"update","cancelRequested":false,"apiVersion":"v2"},"done":false}
[debug] [2026-08-28T16:23:34.053Z] Checked if tokens are valid: true, expires at: 1787937781267
[debug] [2026-08-28T16:23:34.053Z] Checked if tokens are valid: true, expires at: 1787937781267
[debug] [2026-08-28T16:23:34.053Z] >>> [apiv2][query] GET https://cloudfunctions.googleapis.com/v2/projects/acaraje-da-bencao/locations/us-central1/operations/operation-1787934212704-65a1ddfa1480f-b7fb9e6b-a370d649 [none]
[debug] [2026-08-28T16:23:35.380Z] <<< [apiv2][status] GET https://cloudfunctions.googleapis.com/v2/projects/acaraje-da-bencao/locations/us-central1/operations/operation-1787934212704-65a1ddfa1480f-b7fb9e6b-a370d649 200
[debug] [2026-08-28T16:23:35.381Z] <<< [apiv2][body] GET https://cloudfunctions.googleapis.com/v2/projects/acaraje-da-bencao/locations/us-central1/operations/operation-1787934212704-65a1ddfa1480f-b7fb9e6b-a370d649 {"name":"projects/acaraje-da-bencao/locations/us-central1/operations/operation-1787934212704-65a1ddfa1480f-b7fb9e6b-a370d649","metadata":{"@type":"type.googleapis.com/google.cloud.functions.v2.OperationMetadata","createTime":"2026-08-28T16:23:33.867389084Z","target":"projects/acaraje-da-bencao/locations/us-central1/functions/criarPagamento","verb":"update","cancelRequested":false,"apiVersion":"v2","requestResource":{"@type":"type.googleapis.com/google.cloud.functions.v2.Function","name":"projects/acaraje-da-bencao/locations/us-central1/functions/criarPagamento","buildConfig":{"runtime":"nodejs24","entryPoint":"criarPagamento","source":{"storageSource":{"bucket":"gcf-v2-sources-39673030784-us-central1","object":"criarPagamento/function-source.zip","generation":"1787934213801514"}},"environmentVariables":{"GOOGLE_NODE_RUN_SCRIPTS":""},"dockerRepository":"projects/acaraje-da-bencao/locations/us-central1/repositories/gcf-artifacts","sourceProvenance":{"resolvedStorageSource":{"bucket":"gcf-v2-sources-39673030784-us-central1","object":"criarPagamento/function-source.zip","generation":"1787924511941293"}},"dockerRegistry":"ARTIFACT_REGISTRY","serviceAccount":"projects/acaraje-da-bencao/serviceAccounts/39673030784-compute@developer.gserviceaccount.com","automaticUpdatePolicy":{}},"serviceConfig":{"service":"projects/acaraje-da-bencao/locations/us-central1/services/criarpagamento","timeoutSeconds":60,"environmentVariables":{"FIREBASE_CONFIG":"{\"projectId\":\"acaraje-da-bencao\",\"storageBucket\":\"acaraje-da-bencao.firebasestorage.app\"}","GCLOUD_PROJECT":"acaraje-da-bencao","EVENTARC_CLOUD_EVENT_SOURCE":"projects/acaraje-da-bencao/locations/us-central1/services/criarPagamento","FUNCTION_REGION":"us-central1","FUNCTION_TARGET":"criarPagamento","LOG_EXECUTION_ID":"true"},"ingressSettings":"ALLOW_ALL","uri":"https://criarpagamento-2mfyfptukq-uc.a.run.app","serviceAccountEmail":"39673030784-compute@developer.gserviceaccount.com","availableMemory":"256Mi","allTrafficOnLatestRevision":true,"secretEnvironmentVariables":[{"key":"MP_ACCESS_TOKEN","projectId":"acaraje-da-bencao","secret":"MP_ACCESS_TOKEN","version":"1"}],"revision":"criarpagamento-00008-vab","maxInstanceRequestConcurrency":80,"availableCpu":"1"},"state":"ACTIVE","labels":{"deployment-tool":"cli-firebase","firebase-functions-hash":"e4bc23d79e2bfde92aeded2a1577d5579e9c4023"},"environment":"GEN_2","url":"https://us-central1-acaraje-da-bencao.cloudfunctions.net/criarPagamento","satisfiesPzi":true},"stages":[{"name":"BUILD","message":"Build in progress","state":"IN_PROGRESS","resource":"projects/39673030784/locations/us-central1/builds/830db484-cb41-4eff-9aba-b4ffdf75488c","resourceUri":"https://console.cloud.google.com/cloud-build/builds;region=us-central1/830db484-cb41-4eff-9aba-b4ffdf75488c?project=39673030784"},{"name":"SERVICE","state":"NOT_STARTED"}],"operationType":"UPDATE_FUNCTION","buildName":"projects/39673030784/locations/us-central1/builds/830db484-cb41-4eff-9aba-b4ffdf75488c"},"done":false}
[debug] [2026-08-28T16:23:35.885Z] [update-default-us-central1-criarPagamento] Retrying task index 0
[debug] [2026-08-28T16:23:35.886Z] Checked if tokens are valid: true, expires at: 1787937781267
[debug] [2026-08-28T16:23:35.886Z] Checked if tokens are valid: true, expires at: 1787937781267
[debug] [2026-08-28T16:23:35.886Z] >>> [apiv2][query] GET https://cloudfunctions.googleapis.com/v2/projects/acaraje-da-bencao/locations/us-central1/operations/operation-1787934212704-65a1ddfa1480f-b7fb9e6b-a370d649 [none]
[debug] [2026-08-28T16:23:36.396Z] <<< [apiv2][status] GET https://cloudfunctions.googleapis.com/v2/projects/acaraje-da-bencao/locations/us-central1/operations/operation-1787934212704-65a1ddfa1480f-b7fb9e6b-a370d649 200
[debug] [2026-08-28T16:23:36.397Z] <<< [apiv2][body] GET https://cloudfunctions.googleapis.com/v2/projects/acaraje-da-bencao/locations/us-central1/operations/operation-1787934212704-65a1ddfa1480f-b7fb9e6b-a370d649 {"name":"projects/acaraje-da-bencao/locations/us-central1/operations/operation-1787934212704-65a1ddfa1480f-b7fb9e6b-a370d649","metadata":{"@type":"type.googleapis.com/google.cloud.functions.v2.OperationMetadata","createTime":"2026-08-28T16:23:33.867389084Z","target":"projects/acaraje-da-bencao/locations/us-central1/functions/criarPagamento","verb":"update","cancelRequested":false,"apiVersion":"v2","requestResource":{"@type":"type.googleapis.com/google.cloud.functions.v2.Function","name":"projects/acaraje-da-bencao/locations/us-central1/functions/criarPagamento","buildConfig":{"runtime":"nodejs24","entryPoint":"criarPagamento","source":{"storageSource":{"bucket":"gcf-v2-sources-39673030784-us-central1","object":"criarPagamento/function-source.zip","generation":"1787934213801514"}},"environmentVariables":{"GOOGLE_NODE_RUN_SCRIPTS":""},"dockerRepository":"projects/acaraje-da-bencao/locations/us-central1/repositories/gcf-artifacts","sourceProvenance":{"resolvedStorageSource":{"bucket":"gcf-v2-sources-39673030784-us-central1","object":"criarPagamento/function-source.zip","generation":"1787924511941293"}},"dockerRegistry":"ARTIFACT_REGISTRY","serviceAccount":"projects/acaraje-da-bencao/serviceAccounts/39673030784-compute@developer.gserviceaccount.com","automaticUpdatePolicy":{}},"serviceConfig":{"service":"projects/acaraje-da-bencao/locations/us-central1/services/criarpagamento","timeoutSeconds":60,"environmentVariables":{"FIREBASE_CONFIG":"{\"projectId\":\"acaraje-da-bencao\",\"storageBucket\":\"acaraje-da-bencao.firebasestorage.app\"}","GCLOUD_PROJECT":"acaraje-da-bencao","EVENTARC_CLOUD_EVENT_SOURCE":"projects/acaraje-da-bencao/locations/us-central1/services/criarPagamento","FUNCTION_REGION":"us-central1","FUNCTION_TARGET":"criarPagamento","LOG_EXECUTION_ID":"true"},"ingressSettings":"ALLOW_ALL","uri":"https://criarpagamento-2mfyfptukq-uc.a.run.app","serviceAccountEmail":"39673030784-compute@developer.gserviceaccount.com","availableMemory":"256Mi","allTrafficOnLatestRevision":true,"secretEnvironmentVariables":[{"key":"MP_ACCESS_TOKEN","projectId":"acaraje-da-bencao","secret":"MP_ACCESS_TOKEN","version":"1"}],"revision":"criarpagamento-00008-vab","maxInstanceRequestConcurrency":80,"availableCpu":"1"},"state":"ACTIVE","labels":{"deployment-tool":"cli-firebase","firebase-functions-hash":"e4bc23d79e2bfde92aeded2a1577d5579e9c4023"},"environment":"GEN_2","url":"https://us-central1-acaraje-da-bencao.cloudfunctions.net/criarPagamento","satisfiesPzi":true},"stages":[{"name":"BUILD","message":"Build in progress","state":"IN_PROGRESS","resource":"projects/39673030784/locations/us-central1/builds/830db484-cb41-4eff-9aba-b4ffdf75488c","resourceUri":"https://console.cloud.google.com/cloud-build/builds;region=us-central1/830db484-cb41-4eff-9aba-b4ffdf75488c?project=39673030784"},{"name":"SERVICE","state":"NOT_STARTED"}],"operationType":"UPDATE_FUNCTION","buildName":"projects/39673030784/locations/us-central1/builds/830db484-cb41-4eff-9aba-b4ffdf75488c"},"done":false}
[debug] [2026-08-28T16:23:37.409Z] [update-default-us-central1-criarPagamento] Retrying task index 0
[debug] [2026-08-28T16:23:37.410Z] Checked if tokens are valid: true, expires at: 1787937781267
[debug] [2026-08-28T16:23:37.410Z] Checked if tokens are valid: true, expires at: 1787937781267
[debug] [2026-08-28T16:23:37.410Z] >>> [apiv2][query] GET https://cloudfunctions.googleapis.com/v2/projects/acaraje-da-bencao/locations/us-central1/operations/operation-1787934212704-65a1ddfa1480f-b7fb9e6b-a370d649 [none]
[debug] [2026-08-28T16:23:38.511Z] <<< [apiv2][status] GET https://cloudfunctions.googleapis.com/v2/projects/acaraje-da-bencao/locations/us-central1/operations/operation-1787934212704-65a1ddfa1480f-b7fb9e6b-a370d649 200
[debug] [2026-08-28T16:23:38.511Z] <<< [apiv2][body] GET https://cloudfunctions.googleapis.com/v2/projects/acaraje-da-bencao/locations/us-central1/operations/operation-1787934212704-65a1ddfa1480f-b7fb9e6b-a370d649 {"name":"projects/acaraje-da-bencao/locations/us-central1/operations/operation-1787934212704-65a1ddfa1480f-b7fb9e6b-a370d649","metadata":{"@type":"type.googleapis.com/google.cloud.functions.v2.OperationMetadata","createTime":"2026-08-28T16:23:33.867389084Z","target":"projects/acaraje-da-bencao/locations/us-central1/functions/criarPagamento","verb":"update","cancelRequested":false,"apiVersion":"v2","requestResource":{"@type":"type.googleapis.com/google.cloud.functions.v2.Function","name":"projects/acaraje-da-bencao/locations/us-central1/functions/criarPagamento","buildConfig":{"runtime":"nodejs24","entryPoint":"criarPagamento","source":{"storageSource":{"bucket":"gcf-v2-sources-39673030784-us-central1","object":"criarPagamento/function-source.zip","generation":"1787934213801514"}},"environmentVariables":{"GOOGLE_NODE_RUN_SCRIPTS":""},"dockerRepository":"projects/acaraje-da-bencao/locations/us-central1/repositories/gcf-artifacts","sourceProvenance":{"resolvedStorageSource":{"bucket":"gcf-v2-sources-39673030784-us-central1","object":"criarPagamento/function-source.zip","generation":"1787924511941293"}},"dockerRegistry":"ARTIFACT_REGISTRY","serviceAccount":"projects/acaraje-da-bencao/serviceAccounts/39673030784-compute@developer.gserviceaccount.com","automaticUpdatePolicy":{}},"serviceConfig":{"service":"projects/acaraje-da-bencao/locations/us-central1/services/criarpagamento","timeoutSeconds":60,"environmentVariables":{"FIREBASE_CONFIG":"{\"projectId\":\"acaraje-da-bencao\",\"storageBucket\":\"acaraje-da-bencao.firebasestorage.app\"}","GCLOUD_PROJECT":"acaraje-da-bencao","EVENTARC_CLOUD_EVENT_SOURCE":"projects/acaraje-da-bencao/locations/us-central1/services/criarPagamento","FUNCTION_REGION":"us-central1","FUNCTION_TARGET":"criarPagamento","LOG_EXECUTION_ID":"true"},"ingressSettings":"ALLOW_ALL","uri":"https://criarpagamento-2mfyfptukq-uc.a.run.app","serviceAccountEmail":"39673030784-compute@developer.gserviceaccount.com","availableMemory":"256Mi","allTrafficOnLatestRevision":true,"secretEnvironmentVariables":[{"key":"MP_ACCESS_TOKEN","projectId":"acaraje-da-bencao","secret":"MP_ACCESS_TOKEN","version":"1"}],"revision":"criarpagamento-00008-vab","maxInstanceRequestConcurrency":80,"availableCpu":"1"},"state":"ACTIVE","labels":{"deployment-tool":"cli-firebase","firebase-functions-hash":"e4bc23d79e2bfde92aeded2a1577d5579e9c4023"},"environment":"GEN_2","url":"https://us-central1-acaraje-da-bencao.cloudfunctions.net/criarPagamento","satisfiesPzi":true},"stages":[{"name":"BUILD","message":"Build in progress","state":"IN_PROGRESS","resource":"projects/39673030784/locations/us-central1/builds/830db484-cb41-4eff-9aba-b4ffdf75488c","resourceUri":"https://console.cloud.google.com/cloud-build/builds;region=us-central1/830db484-cb41-4eff-9aba-b4ffdf75488c?project=39673030784"},{"name":"SERVICE","state":"NOT_STARTED"}],"operationType":"UPDATE_FUNCTION","buildName":"projects/39673030784/locations/us-central1/builds/830db484-cb41-4eff-9aba-b4ffdf75488c"},"done":false}
[debug] [2026-08-28T16:23:40.515Z] [update-default-us-central1-criarPagamento] Retrying task index 0
[debug] [2026-08-28T16:23:40.516Z] Checked if tokens are valid: true, expires at: 1787937781267
[debug] [2026-08-28T16:23:40.517Z] Checked if tokens are valid: true, expires at: 1787937781267
[debug] [2026-08-28T16:23:40.517Z] >>> [apiv2][query] GET https://cloudfunctions.googleapis.com/v2/projects/acaraje-da-bencao/locations/us-central1/operations/operation-1787934212704-65a1ddfa1480f-b7fb9e6b-a370d649 [none]
[debug] [2026-08-28T16:23:41.620Z] <<< [apiv2][status] GET https://cloudfunctions.googleapis.com/v2/projects/acaraje-da-bencao/locations/us-central1/operations/operation-1787934212704-65a1ddfa1480f-b7fb9e6b-a370d649 200
[debug] [2026-08-28T16:23:41.621Z] <<< [apiv2][body] GET https://cloudfunctions.googleapis.com/v2/projects/acaraje-da-bencao/locations/us-central1/operations/operation-1787934212704-65a1ddfa1480f-b7fb9e6b-a370d649 {"name":"projects/acaraje-da-bencao/locations/us-central1/operations/operation-1787934212704-65a1ddfa1480f-b7fb9e6b-a370d649","metadata":{"@type":"type.googleapis.com/google.cloud.functions.v2.OperationMetadata","createTime":"2026-08-28T16:23:33.867389084Z","target":"projects/acaraje-da-bencao/locations/us-central1/functions/criarPagamento","verb":"update","cancelRequested":false,"apiVersion":"v2","requestResource":{"@type":"type.googleapis.com/google.cloud.functions.v2.Function","name":"projects/acaraje-da-bencao/locations/us-central1/functions/criarPagamento","buildConfig":{"runtime":"nodejs24","entryPoint":"criarPagamento","source":{"storageSource":{"bucket":"gcf-v2-sources-39673030784-us-central1","object":"criarPagamento/function-source.zip","generation":"1787934213801514"}},"environmentVariables":{"GOOGLE_NODE_RUN_SCRIPTS":""},"dockerRepository":"projects/acaraje-da-bencao/locations/us-central1/repositories/gcf-artifacts","sourceProvenance":{"resolvedStorageSource":{"bucket":"gcf-v2-sources-39673030784-us-central1","object":"criarPagamento/function-source.zip","generation":"1787924511941293"}},"dockerRegistry":"ARTIFACT_REGISTRY","serviceAccount":"projects/acaraje-da-bencao/serviceAccounts/39673030784-compute@developer.gserviceaccount.com","automaticUpdatePolicy":{}},"serviceConfig":{"service":"projects/acaraje-da-bencao/locations/us-central1/services/criarpagamento","timeoutSeconds":60,"environmentVariables":{"FIREBASE_CONFIG":"{\"projectId\":\"acaraje-da-bencao\",\"storageBucket\":\"acaraje-da-bencao.firebasestorage.app\"}","GCLOUD_PROJECT":"acaraje-da-bencao","EVENTARC_CLOUD_EVENT_SOURCE":"projects/acaraje-da-bencao/locations/us-central1/services/criarPagamento","FUNCTION_REGION":"us-central1","FUNCTION_TARGET":"criarPagamento","LOG_EXECUTION_ID":"true"},"ingressSettings":"ALLOW_ALL","uri":"https://criarpagamento-2mfyfptukq-uc.a.run.app","serviceAccountEmail":"39673030784-compute@developer.gserviceaccount.com","availableMemory":"256Mi","allTrafficOnLatestRevision":true,"secretEnvironmentVariables":[{"key":"MP_ACCESS_TOKEN","projectId":"acaraje-da-bencao","secret":"MP_ACCESS_TOKEN","version":"1"}],"revision":"criarpagamento-00008-vab","maxInstanceRequestConcurrency":80,"availableCpu":"1"},"state":"ACTIVE","labels":{"deployment-tool":"cli-firebase","firebase-functions-hash":"e4bc23d79e2bfde92aeded2a1577d5579e9c4023"},"environment":"GEN_2","url":"https://us-central1-acaraje-da-bencao.cloudfunctions.net/criarPagamento","satisfiesPzi":true},"stages":[{"name":"BUILD","message":"Build in progress","state":"IN_PROGRESS","resource":"projects/39673030784/locations/us-central1/builds/830db484-cb41-4eff-9aba-b4ffdf75488c","resourceUri":"https://console.cloud.google.com/cloud-build/builds;region=us-central1/830db484-cb41-4eff-9aba-b4ffdf75488c?project=39673030784"},{"name":"SERVICE","state":"NOT_STARTED"}],"operationType":"UPDATE_FUNCTION","buildName":"projects/39673030784/locations/us-central1/builds/830db484-cb41-4eff-9aba-b4ffdf75488c"},"done":false}
[debug] [2026-08-28T16:23:45.624Z] [update-default-us-central1-criarPagamento] Retrying task index 0
[debug] [2026-08-28T16:23:45.625Z] Checked if tokens are valid: true, expires at: 1787937781267
[debug] [2026-08-28T16:23:45.625Z] Checked if tokens are valid: true, expires at: 1787937781267
[debug] [2026-08-28T16:23:45.625Z] >>> [apiv2][query] GET https://cloudfunctions.googleapis.com/v2/projects/acaraje-da-bencao/locations/us-central1/operations/operation-1787934212704-65a1ddfa1480f-b7fb9e6b-a370d649 [none]
[debug] [2026-08-28T16:23:46.750Z] <<< [apiv2][status] GET https://cloudfunctions.googleapis.com/v2/projects/acaraje-da-bencao/locations/us-central1/operations/operation-1787934212704-65a1ddfa1480f-b7fb9e6b-a370d649 200
[debug] [2026-08-28T16:23:46.750Z] <<< [apiv2][body] GET https://cloudfunctions.googleapis.com/v2/projects/acaraje-da-bencao/locations/us-central1/operations/operation-1787934212704-65a1ddfa1480f-b7fb9e6b-a370d649 {"name":"projects/acaraje-da-bencao/locations/us-central1/operations/operation-1787934212704-65a1ddfa1480f-b7fb9e6b-a370d649","metadata":{"@type":"type.googleapis.com/google.cloud.functions.v2.OperationMetadata","createTime":"2026-08-28T16:23:33.867389084Z","target":"projects/acaraje-da-bencao/locations/us-central1/functions/criarPagamento","verb":"update","cancelRequested":false,"apiVersion":"v2","requestResource":{"@type":"type.googleapis.com/google.cloud.functions.v2.Function","name":"projects/acaraje-da-bencao/locations/us-central1/functions/criarPagamento","buildConfig":{"runtime":"nodejs24","entryPoint":"criarPagamento","source":{"storageSource":{"bucket":"gcf-v2-sources-39673030784-us-central1","object":"criarPagamento/function-source.zip","generation":"1787934213801514"}},"environmentVariables":{"GOOGLE_NODE_RUN_SCRIPTS":""},"dockerRepository":"projects/acaraje-da-bencao/locations/us-central1/repositories/gcf-artifacts","sourceProvenance":{"resolvedStorageSource":{"bucket":"gcf-v2-sources-39673030784-us-central1","object":"criarPagamento/function-source.zip","generation":"1787924511941293"}},"dockerRegistry":"ARTIFACT_REGISTRY","serviceAccount":"projects/acaraje-da-bencao/serviceAccounts/39673030784-compute@developer.gserviceaccount.com","automaticUpdatePolicy":{}},"serviceConfig":{"service":"projects/acaraje-da-bencao/locations/us-central1/services/criarpagamento","timeoutSeconds":60,"environmentVariables":{"FIREBASE_CONFIG":"{\"projectId\":\"acaraje-da-bencao\",\"storageBucket\":\"acaraje-da-bencao.firebasestorage.app\"}","GCLOUD_PROJECT":"acaraje-da-bencao","EVENTARC_CLOUD_EVENT_SOURCE":"projects/acaraje-da-bencao/locations/us-central1/services/criarPagamento","FUNCTION_REGION":"us-central1","FUNCTION_TARGET":"criarPagamento","LOG_EXECUTION_ID":"true"},"ingressSettings":"ALLOW_ALL","uri":"https://criarpagamento-2mfyfptukq-uc.a.run.app","serviceAccountEmail":"39673030784-compute@developer.gserviceaccount.com","availableMemory":"256Mi","allTrafficOnLatestRevision":true,"secretEnvironmentVariables":[{"key":"MP_ACCESS_TOKEN","projectId":"acaraje-da-bencao","secret":"MP_ACCESS_TOKEN","version":"1"}],"revision":"criarpagamento-00008-vab","maxInstanceRequestConcurrency":80,"availableCpu":"1"},"state":"ACTIVE","labels":{"deployment-tool":"cli-firebase","firebase-functions-hash":"e4bc23d79e2bfde92aeded2a1577d5579e9c4023"},"environment":"GEN_2","url":"https://us-central1-acaraje-da-bencao.cloudfunctions.net/criarPagamento","satisfiesPzi":true},"stages":[{"name":"BUILD","message":"Build in progress","state":"IN_PROGRESS","resource":"projects/39673030784/locations/us-central1/builds/830db484-cb41-4eff-9aba-b4ffdf75488c","resourceUri":"https://console.cloud.google.com/cloud-build/builds;region=us-central1/830db484-cb41-4eff-9aba-b4ffdf75488c?project=39673030784"},{"name":"SERVICE","state":"NOT_STARTED"}],"operationType":"UPDATE_FUNCTION","buildName":"projects/39673030784/locations/us-central1/builds/830db484-cb41-4eff-9aba-b4ffdf75488c"},"done":false}
[debug] [2026-08-28T16:23:54.761Z] [update-default-us-central1-criarPagamento] Retrying task index 0
[debug] [2026-08-28T16:23:54.761Z] Checked if tokens are valid: true, expires at: 1787937781267
[debug] [2026-08-28T16:23:54.761Z] Checked if tokens are valid: true, expires at: 1787937781267
[debug] [2026-08-28T16:23:54.761Z] >>> [apiv2][query] GET https://cloudfunctions.googleapis.com/v2/projects/acaraje-da-bencao/locations/us-central1/operations/operation-1787934212704-65a1ddfa1480f-b7fb9e6b-a370d649 [none]
[debug] [2026-08-28T16:23:55.910Z] <<< [apiv2][status] GET https://cloudfunctions.googleapis.com/v2/projects/acaraje-da-bencao/locations/us-central1/operations/operation-1787934212704-65a1ddfa1480f-b7fb9e6b-a370d649 200
[debug] [2026-08-28T16:23:55.910Z] <<< [apiv2][body] GET https://cloudfunctions.googleapis.com/v2/projects/acaraje-da-bencao/locations/us-central1/operations/operation-1787934212704-65a1ddfa1480f-b7fb9e6b-a370d649 {"name":"projects/acaraje-da-bencao/locations/us-central1/operations/operation-1787934212704-65a1ddfa1480f-b7fb9e6b-a370d649","metadata":{"@type":"type.googleapis.com/google.cloud.functions.v2.OperationMetadata","createTime":"2026-08-28T16:23:33.867389084Z","target":"projects/acaraje-da-bencao/locations/us-central1/functions/criarPagamento","verb":"update","cancelRequested":false,"apiVersion":"v2","requestResource":{"@type":"type.googleapis.com/google.cloud.functions.v2.Function","name":"projects/acaraje-da-bencao/locations/us-central1/functions/criarPagamento","buildConfig":{"runtime":"nodejs24","entryPoint":"criarPagamento","source":{"storageSource":{"bucket":"gcf-v2-sources-39673030784-us-central1","object":"criarPagamento/function-source.zip","generation":"1787934213801514"}},"environmentVariables":{"GOOGLE_NODE_RUN_SCRIPTS":""},"dockerRepository":"projects/acaraje-da-bencao/locations/us-central1/repositories/gcf-artifacts","sourceProvenance":{"resolvedStorageSource":{"bucket":"gcf-v2-sources-39673030784-us-central1","object":"criarPagamento/function-source.zip","generation":"1787924511941293"}},"dockerRegistry":"ARTIFACT_REGISTRY","serviceAccount":"projects/acaraje-da-bencao/serviceAccounts/39673030784-compute@developer.gserviceaccount.com","automaticUpdatePolicy":{}},"serviceConfig":{"service":"projects/acaraje-da-bencao/locations/us-central1/services/criarpagamento","timeoutSeconds":60,"environmentVariables":{"FIREBASE_CONFIG":"{\"projectId\":\"acaraje-da-bencao\",\"storageBucket\":\"acaraje-da-bencao.firebasestorage.app\"}","GCLOUD_PROJECT":"acaraje-da-bencao","EVENTARC_CLOUD_EVENT_SOURCE":"projects/acaraje-da-bencao/locations/us-central1/services/criarPagamento","FUNCTION_REGION":"us-central1","FUNCTION_TARGET":"criarPagamento","LOG_EXECUTION_ID":"true"},"ingressSettings":"ALLOW_ALL","uri":"https://criarpagamento-2mfyfptukq-uc.a.run.app","serviceAccountEmail":"39673030784-compute@developer.gserviceaccount.com","availableMemory":"256Mi","allTrafficOnLatestRevision":true,"secretEnvironmentVariables":[{"key":"MP_ACCESS_TOKEN","projectId":"acaraje-da-bencao","secret":"MP_ACCESS_TOKEN","version":"1"}],"revision":"criarpagamento-00008-vab","maxInstanceRequestConcurrency":80,"availableCpu":"1"},"state":"ACTIVE","labels":{"deployment-tool":"cli-firebase","firebase-functions-hash":"e4bc23d79e2bfde92aeded2a1577d5579e9c4023"},"environment":"GEN_2","url":"https://us-central1-acaraje-da-bencao.cloudfunctions.net/criarPagamento","satisfiesPzi":true},"stages":[{"name":"BUILD","message":"Build in progress","state":"IN_PROGRESS","resource":"projects/39673030784/locations/us-central1/builds/830db484-cb41-4eff-9aba-b4ffdf75488c","resourceUri":"https://console.cloud.google.com/cloud-build/builds;region=us-central1/830db484-cb41-4eff-9aba-b4ffdf75488c?project=39673030784"},{"name":"SERVICE","state":"NOT_STARTED"}],"operationType":"UPDATE_FUNCTION","buildName":"projects/39673030784/locations/us-central1/builds/830db484-cb41-4eff-9aba-b4ffdf75488c"},"done":false}
[debug] [2026-08-28T16:24:05.915Z] [update-default-us-central1-criarPagamento] Retrying task index 0
[debug] [2026-08-28T16:24:05.916Z] Checked if tokens are valid: true, expires at: 1787937781267
[debug] [2026-08-28T16:24:05.916Z] Checked if tokens are valid: true, expires at: 1787937781267
[debug] [2026-08-28T16:24:05.916Z] >>> [apiv2][query] GET https://cloudfunctions.googleapis.com/v2/projects/acaraje-da-bencao/locations/us-central1/operations/operation-1787934212704-65a1ddfa1480f-b7fb9e6b-a370d649 [none]
[debug] [2026-08-28T16:24:06.525Z] <<< [apiv2][status] GET https://cloudfunctions.googleapis.com/v2/projects/acaraje-da-bencao/locations/us-central1/operations/operation-1787934212704-65a1ddfa1480f-b7fb9e6b-a370d649 200
[debug] [2026-08-28T16:24:06.525Z] <<< [apiv2][body] GET https://cloudfunctions.googleapis.com/v2/projects/acaraje-da-bencao/locations/us-central1/operations/operation-1787934212704-65a1ddfa1480f-b7fb9e6b-a370d649 {"name":"projects/acaraje-da-bencao/locations/us-central1/operations/operation-1787934212704-65a1ddfa1480f-b7fb9e6b-a370d649","metadata":{"@type":"type.googleapis.com/google.cloud.functions.v2.OperationMetadata","createTime":"2026-08-28T16:23:33.867389084Z","target":"projects/acaraje-da-bencao/locations/us-central1/functions/criarPagamento","verb":"update","cancelRequested":false,"apiVersion":"v2","requestResource":{"@type":"type.googleapis.com/google.cloud.functions.v2.Function","name":"projects/acaraje-da-bencao/locations/us-central1/functions/criarPagamento","buildConfig":{"runtime":"nodejs24","entryPoint":"criarPagamento","source":{"storageSource":{"bucket":"gcf-v2-sources-39673030784-us-central1","object":"criarPagamento/function-source.zip","generation":"1787934213801514"}},"environmentVariables":{"GOOGLE_NODE_RUN_SCRIPTS":""},"dockerRepository":"projects/acaraje-da-bencao/locations/us-central1/repositories/gcf-artifacts","sourceProvenance":{"resolvedStorageSource":{"bucket":"gcf-v2-sources-39673030784-us-central1","object":"criarPagamento/function-source.zip","generation":"1787924511941293"}},"dockerRegistry":"ARTIFACT_REGISTRY","serviceAccount":"projects/acaraje-da-bencao/serviceAccounts/39673030784-compute@developer.gserviceaccount.com","automaticUpdatePolicy":{}},"serviceConfig":{"service":"projects/acaraje-da-bencao/locations/us-central1/services/criarpagamento","timeoutSeconds":60,"environmentVariables":{"FIREBASE_CONFIG":"{\"projectId\":\"acaraje-da-bencao\",\"storageBucket\":\"acaraje-da-bencao.firebasestorage.app\"}","GCLOUD_PROJECT":"acaraje-da-bencao","EVENTARC_CLOUD_EVENT_SOURCE":"projects/acaraje-da-bencao/locations/us-central1/services/criarPagamento","FUNCTION_REGION":"us-central1","FUNCTION_TARGET":"criarPagamento","LOG_EXECUTION_ID":"true"},"ingressSettings":"ALLOW_ALL","uri":"https://criarpagamento-2mfyfptukq-uc.a.run.app","serviceAccountEmail":"39673030784-compute@developer.gserviceaccount.com","availableMemory":"256Mi","allTrafficOnLatestRevision":true,"secretEnvironmentVariables":[{"key":"MP_ACCESS_TOKEN","projectId":"acaraje-da-bencao","secret":"MP_ACCESS_TOKEN","version":"1"}],"revision":"criarpagamento-00008-vab","maxInstanceRequestConcurrency":80,"availableCpu":"1"},"state":"ACTIVE","labels":{"deployment-tool":"cli-firebase","firebase-functions-hash":"e4bc23d79e2bfde92aeded2a1577d5579e9c4023"},"environment":"GEN_2","url":"https://us-central1-acaraje-da-bencao.cloudfunctions.net/criarPagamento","satisfiesPzi":true},"stages":[{"name":"BUILD","message":"Build in progress","state":"IN_PROGRESS","resource":"projects/39673030784/locations/us-central1/builds/830db484-cb41-4eff-9aba-b4ffdf75488c","resourceUri":"https://console.cloud.google.com/cloud-build/builds;region=us-central1/830db484-cb41-4eff-9aba-b4ffdf75488c?project=39673030784"},{"name":"SERVICE","state":"NOT_STARTED"}],"operationType":"UPDATE_FUNCTION","buildName":"projects/39673030784/locations/us-central1/builds/830db484-cb41-4eff-9aba-b4ffdf75488c"},"done":false}
[debug] [2026-08-28T16:24:16.531Z] [update-default-us-central1-criarPagamento] Retrying task index 0
[debug] [2026-08-28T16:24:16.532Z] Checked if tokens are valid: true, expires at: 1787937781267
[debug] [2026-08-28T16:24:16.532Z] Checked if tokens are valid: true, expires at: 1787937781267
[debug] [2026-08-28T16:24:16.532Z] >>> [apiv2][query] GET https://cloudfunctions.googleapis.com/v2/projects/acaraje-da-bencao/locations/us-central1/operations/operation-1787934212704-65a1ddfa1480f-b7fb9e6b-a370d649 [none]
[debug] [2026-08-28T16:24:17.789Z] <<< [apiv2][status] GET https://cloudfunctions.googleapis.com/v2/projects/acaraje-da-bencao/locations/us-central1/operations/operation-1787934212704-65a1ddfa1480f-b7fb9e6b-a370d649 200
[debug] [2026-08-28T16:24:17.789Z] <<< [apiv2][body] GET https://cloudfunctions.googleapis.com/v2/projects/acaraje-da-bencao/locations/us-central1/operations/operation-1787934212704-65a1ddfa1480f-b7fb9e6b-a370d649 {"name":"projects/acaraje-da-bencao/locations/us-central1/operations/operation-1787934212704-65a1ddfa1480f-b7fb9e6b-a370d649","metadata":{"@type":"type.googleapis.com/google.cloud.functions.v2.OperationMetadata","createTime":"2026-08-28T16:23:33.867389084Z","target":"projects/acaraje-da-bencao/locations/us-central1/functions/criarPagamento","verb":"update","cancelRequested":false,"apiVersion":"v2","requestResource":{"@type":"type.googleapis.com/google.cloud.functions.v2.Function","name":"projects/acaraje-da-bencao/locations/us-central1/functions/criarPagamento","buildConfig":{"runtime":"nodejs24","entryPoint":"criarPagamento","source":{"storageSource":{"bucket":"gcf-v2-sources-39673030784-us-central1","object":"criarPagamento/function-source.zip","generation":"1787934213801514"}},"environmentVariables":{"GOOGLE_NODE_RUN_SCRIPTS":""},"dockerRepository":"projects/acaraje-da-bencao/locations/us-central1/repositories/gcf-artifacts","sourceProvenance":{"resolvedStorageSource":{"bucket":"gcf-v2-sources-39673030784-us-central1","object":"criarPagamento/function-source.zip","generation":"1787924511941293"}},"dockerRegistry":"ARTIFACT_REGISTRY","serviceAccount":"projects/acaraje-da-bencao/serviceAccounts/39673030784-compute@developer.gserviceaccount.com","automaticUpdatePolicy":{}},"serviceConfig":{"service":"projects/acaraje-da-bencao/locations/us-central1/services/criarpagamento","timeoutSeconds":60,"environmentVariables":{"FIREBASE_CONFIG":"{\"projectId\":\"acaraje-da-bencao\",\"storageBucket\":\"acaraje-da-bencao.firebasestorage.app\"}","GCLOUD_PROJECT":"acaraje-da-bencao","EVENTARC_CLOUD_EVENT_SOURCE":"projects/acaraje-da-bencao/locations/us-central1/services/criarPagamento","FUNCTION_REGION":"us-central1","FUNCTION_TARGET":"criarPagamento","LOG_EXECUTION_ID":"true"},"ingressSettings":"ALLOW_ALL","uri":"https://criarpagamento-2mfyfptukq-uc.a.run.app","serviceAccountEmail":"39673030784-compute@developer.gserviceaccount.com","availableMemory":"256Mi","allTrafficOnLatestRevision":true,"secretEnvironmentVariables":[{"key":"MP_ACCESS_TOKEN","projectId":"acaraje-da-bencao","secret":"MP_ACCESS_TOKEN","version":"1"}],"revision":"criarpagamento-00008-vab","maxInstanceRequestConcurrency":80,"availableCpu":"1"},"state":"ACTIVE","labels":{"deployment-tool":"cli-firebase","firebase-functions-hash":"e4bc23d79e2bfde92aeded2a1577d5579e9c4023"},"environment":"GEN_2","url":"https://us-central1-acaraje-da-bencao.cloudfunctions.net/criarPagamento","satisfiesPzi":true},"stages":[{"name":"BUILD","message":"Build in progress","state":"IN_PROGRESS","resource":"projects/39673030784/locations/us-central1/builds/830db484-cb41-4eff-9aba-b4ffdf75488c","resourceUri":"https://console.cloud.google.com/cloud-build/builds;region=us-central1/830db484-cb41-4eff-9aba-b4ffdf75488c?project=39673030784"},{"name":"SERVICE","state":"NOT_STARTED"}],"operationType":"UPDATE_FUNCTION","buildName":"projects/39673030784/locations/us-central1/builds/830db484-cb41-4eff-9aba-b4ffdf75488c"},"done":false}
[debug] [2026-08-28T16:24:27.794Z] [update-default-us-central1-criarPagamento] Retrying task index 0
[debug] [2026-08-28T16:24:27.795Z] Checked if tokens are valid: true, expires at: 1787937781267
[debug] [2026-08-28T16:24:27.795Z] Checked if tokens are valid: true, expires at: 1787937781267
[debug] [2026-08-28T16:24:27.796Z] >>> [apiv2][query] GET https://cloudfunctions.googleapis.com/v2/projects/acaraje-da-bencao/locations/us-central1/operations/operation-1787934212704-65a1ddfa1480f-b7fb9e6b-a370d649 [none]
[debug] [2026-08-28T16:24:29.178Z] <<< [apiv2][status] GET https://cloudfunctions.googleapis.com/v2/projects/acaraje-da-bencao/locations/us-central1/operations/operation-1787934212704-65a1ddfa1480f-b7fb9e6b-a370d649 200
[debug] [2026-08-28T16:24:29.179Z] <<< [apiv2][body] GET https://cloudfunctions.googleapis.com/v2/projects/acaraje-da-bencao/locations/us-central1/operations/operation-1787934212704-65a1ddfa1480f-b7fb9e6b-a370d649 {"name":"projects/acaraje-da-bencao/locations/us-central1/operations/operation-1787934212704-65a1ddfa1480f-b7fb9e6b-a370d649","metadata":{"@type":"type.googleapis.com/google.cloud.functions.v2.OperationMetadata","createTime":"2026-08-28T16:23:33.867389084Z","target":"projects/acaraje-da-bencao/locations/us-central1/functions/criarPagamento","verb":"update","cancelRequested":false,"apiVersion":"v2","requestResource":{"@type":"type.googleapis.com/google.cloud.functions.v2.Function","name":"projects/acaraje-da-bencao/locations/us-central1/functions/criarPagamento","buildConfig":{"runtime":"nodejs24","entryPoint":"criarPagamento","source":{"storageSource":{"bucket":"gcf-v2-sources-39673030784-us-central1","object":"criarPagamento/function-source.zip","generation":"1787934213801514"}},"environmentVariables":{"GOOGLE_NODE_RUN_SCRIPTS":""},"dockerRepository":"projects/acaraje-da-bencao/locations/us-central1/repositories/gcf-artifacts","sourceProvenance":{"resolvedStorageSource":{"bucket":"gcf-v2-sources-39673030784-us-central1","object":"criarPagamento/function-source.zip","generation":"1787924511941293"}},"dockerRegistry":"ARTIFACT_REGISTRY","serviceAccount":"projects/acaraje-da-bencao/serviceAccounts/39673030784-compute@developer.gserviceaccount.com","automaticUpdatePolicy":{}},"serviceConfig":{"service":"projects/acaraje-da-bencao/locations/us-central1/services/criarpagamento","timeoutSeconds":60,"environmentVariables":{"FIREBASE_CONFIG":"{\"projectId\":\"acaraje-da-bencao\",\"storageBucket\":\"acaraje-da-bencao.firebasestorage.app\"}","GCLOUD_PROJECT":"acaraje-da-bencao","EVENTARC_CLOUD_EVENT_SOURCE":"projects/acaraje-da-bencao/locations/us-central1/services/criarPagamento","FUNCTION_REGION":"us-central1","FUNCTION_TARGET":"criarPagamento","LOG_EXECUTION_ID":"true"},"ingressSettings":"ALLOW_ALL","uri":"https://criarpagamento-2mfyfptukq-uc.a.run.app","serviceAccountEmail":"39673030784-compute@developer.gserviceaccount.com","availableMemory":"256Mi","allTrafficOnLatestRevision":true,"secretEnvironmentVariables":[{"key":"MP_ACCESS_TOKEN","projectId":"acaraje-da-bencao","secret":"MP_ACCESS_TOKEN","version":"1"}],"revision":"criarpagamento-00008-vab","maxInstanceRequestConcurrency":80,"availableCpu":"1"},"state":"ACTIVE","labels":{"deployment-tool":"cli-firebase","firebase-functions-hash":"e4bc23d79e2bfde92aeded2a1577d5579e9c4023"},"environment":"GEN_2","url":"https://us-central1-acaraje-da-bencao.cloudfunctions.net/criarPagamento","satisfiesPzi":true},"stages":[{"name":"BUILD","message":"Build in progress","state":"IN_PROGRESS","resource":"projects/39673030784/locations/us-central1/builds/830db484-cb41-4eff-9aba-b4ffdf75488c","resourceUri":"https://console.cloud.google.com/cloud-build/builds;region=us-central1/830db484-cb41-4eff-9aba-b4ffdf75488c?project=39673030784"},{"name":"SERVICE","state":"NOT_STARTED"}],"operationType":"UPDATE_FUNCTION","buildName":"projects/39673030784/locations/us-central1/builds/830db484-cb41-4eff-9aba-b4ffdf75488c"},"done":false}
[debug] [2026-08-28T16:24:39.195Z] [update-default-us-central1-criarPagamento] Retrying task index 0
[debug] [2026-08-28T16:24:39.196Z] Checked if tokens are valid: true, expires at: 1787937781267
[debug] [2026-08-28T16:24:39.196Z] Checked if tokens are valid: true, expires at: 1787937781267
[debug] [2026-08-28T16:24:39.196Z] >>> [apiv2][query] GET https://cloudfunctions.googleapis.com/v2/projects/acaraje-da-bencao/locations/us-central1/operations/operation-1787934212704-65a1ddfa1480f-b7fb9e6b-a370d649 [none]
[debug] [2026-08-28T16:24:39.805Z] <<< [apiv2][status] GET https://cloudfunctions.googleapis.com/v2/projects/acaraje-da-bencao/locations/us-central1/operations/operation-1787934212704-65a1ddfa1480f-b7fb9e6b-a370d649 200
[debug] [2026-08-28T16:24:39.805Z] <<< [apiv2][body] GET https://cloudfunctions.googleapis.com/v2/projects/acaraje-da-bencao/locations/us-central1/operations/operation-1787934212704-65a1ddfa1480f-b7fb9e6b-a370d649 {"name":"projects/acaraje-da-bencao/locations/us-central1/operations/operation-1787934212704-65a1ddfa1480f-b7fb9e6b-a370d649","metadata":{"@type":"type.googleapis.com/google.cloud.functions.v2.OperationMetadata","createTime":"2026-08-28T16:23:33.867389084Z","target":"projects/acaraje-da-bencao/locations/us-central1/functions/criarPagamento","verb":"update","cancelRequested":false,"apiVersion":"v2","requestResource":{"@type":"type.googleapis.com/google.cloud.functions.v2.Function","name":"projects/acaraje-da-bencao/locations/us-central1/functions/criarPagamento","buildConfig":{"runtime":"nodejs24","entryPoint":"criarPagamento","source":{"storageSource":{"bucket":"gcf-v2-sources-39673030784-us-central1","object":"criarPagamento/function-source.zip","generation":"1787934213801514"}},"environmentVariables":{"GOOGLE_NODE_RUN_SCRIPTS":""},"dockerRepository":"projects/acaraje-da-bencao/locations/us-central1/repositories/gcf-artifacts","sourceProvenance":{"resolvedStorageSource":{"bucket":"gcf-v2-sources-39673030784-us-central1","object":"criarPagamento/function-source.zip","generation":"1787924511941293"}},"dockerRegistry":"ARTIFACT_REGISTRY","serviceAccount":"projects/acaraje-da-bencao/serviceAccounts/39673030784-compute@developer.gserviceaccount.com","automaticUpdatePolicy":{}},"serviceConfig":{"service":"projects/acaraje-da-bencao/locations/us-central1/services/criarpagamento","timeoutSeconds":60,"environmentVariables":{"FIREBASE_CONFIG":"{\"projectId\":\"acaraje-da-bencao\",\"storageBucket\":\"acaraje-da-bencao.firebasestorage.app\"}","GCLOUD_PROJECT":"acaraje-da-bencao","EVENTARC_CLOUD_EVENT_SOURCE":"projects/acaraje-da-bencao/locations/us-central1/services/criarPagamento","FUNCTION_REGION":"us-central1","FUNCTION_TARGET":"criarPagamento","LOG_EXECUTION_ID":"true"},"ingressSettings":"ALLOW_ALL","uri":"https://criarpagamento-2mfyfptukq-uc.a.run.app","serviceAccountEmail":"39673030784-compute@developer.gserviceaccount.com","availableMemory":"256Mi","allTrafficOnLatestRevision":true,"secretEnvironmentVariables":[{"key":"MP_ACCESS_TOKEN","projectId":"acaraje-da-bencao","secret":"MP_ACCESS_TOKEN","version":"1"}],"revision":"criarpagamento-00008-vab","maxInstanceRequestConcurrency":80,"availableCpu":"1"},"state":"ACTIVE","labels":{"deployment-tool":"cli-firebase","firebase-functions-hash":"e4bc23d79e2bfde92aeded2a1577d5579e9c4023"},"environment":"GEN_2","url":"https://us-central1-acaraje-da-bencao.cloudfunctions.net/criarPagamento","satisfiesPzi":true},"stages":[{"name":"BUILD","message":"Build in progress","state":"IN_PROGRESS","resource":"projects/39673030784/locations/us-central1/builds/830db484-cb41-4eff-9aba-b4ffdf75488c","resourceUri":"https://console.cloud.google.com/cloud-build/builds;region=us-central1/830db484-cb41-4eff-9aba-b4ffdf75488c?project=39673030784"},{"name":"SERVICE","state":"NOT_STARTED"}],"operationType":"UPDATE_FUNCTION","buildName":"projects/39673030784/locations/us-central1/builds/830db484-cb41-4eff-9aba-b4ffdf75488c"},"done":false}
[debug] [2026-08-28T16:24:49.813Z] [update-default-us-central1-criarPagamento] Retrying task index 0
[debug] [2026-08-28T16:24:49.814Z] Checked if tokens are valid: true, expires at: 1787937781267
[debug] [2026-08-28T16:24:49.814Z] Checked if tokens are valid: true, expires at: 1787937781267
[debug] [2026-08-28T16:24:49.814Z] >>> [apiv2][query] GET https://cloudfunctions.googleapis.com/v2/projects/acaraje-da-bencao/locations/us-central1/operations/operation-1787934212704-65a1ddfa1480f-b7fb9e6b-a370d649 [none]
[debug] [2026-08-28T16:24:51.052Z] <<< [apiv2][status] GET https://cloudfunctions.googleapis.com/v2/projects/acaraje-da-bencao/locations/us-central1/operations/operation-1787934212704-65a1ddfa1480f-b7fb9e6b-a370d649 200
[debug] [2026-08-28T16:24:51.053Z] <<< [apiv2][body] GET https://cloudfunctions.googleapis.com/v2/projects/acaraje-da-bencao/locations/us-central1/operations/operation-1787934212704-65a1ddfa1480f-b7fb9e6b-a370d649 {"name":"projects/acaraje-da-bencao/locations/us-central1/operations/operation-1787934212704-65a1ddfa1480f-b7fb9e6b-a370d649","metadata":{"@type":"type.googleapis.com/google.cloud.functions.v2.OperationMetadata","createTime":"2026-08-28T16:23:33.867389084Z","target":"projects/acaraje-da-bencao/locations/us-central1/functions/criarPagamento","verb":"update","cancelRequested":false,"apiVersion":"v2","requestResource":{"@type":"type.googleapis.com/google.cloud.functions.v2.Function","name":"projects/acaraje-da-bencao/locations/us-central1/functions/criarPagamento","buildConfig":{"runtime":"nodejs24","entryPoint":"criarPagamento","source":{"storageSource":{"bucket":"gcf-v2-sources-39673030784-us-central1","object":"criarPagamento/function-source.zip","generation":"1787934213801514"}},"environmentVariables":{"GOOGLE_NODE_RUN_SCRIPTS":""},"dockerRepository":"projects/acaraje-da-bencao/locations/us-central1/repositories/gcf-artifacts","sourceProvenance":{"resolvedStorageSource":{"bucket":"gcf-v2-sources-39673030784-us-central1","object":"criarPagamento/function-source.zip","generation":"1787924511941293"}},"dockerRegistry":"ARTIFACT_REGISTRY","serviceAccount":"projects/acaraje-da-bencao/serviceAccounts/39673030784-compute@developer.gserviceaccount.com","automaticUpdatePolicy":{}},"serviceConfig":{"service":"projects/acaraje-da-bencao/locations/us-central1/services/criarpagamento","timeoutSeconds":60,"environmentVariables":{"FIREBASE_CONFIG":"{\"projectId\":\"acaraje-da-bencao\",\"storageBucket\":\"acaraje-da-bencao.firebasestorage.app\"}","GCLOUD_PROJECT":"acaraje-da-bencao","EVENTARC_CLOUD_EVENT_SOURCE":"projects/acaraje-da-bencao/locations/us-central1/services/criarPagamento","FUNCTION_REGION":"us-central1","FUNCTION_TARGET":"criarPagamento","LOG_EXECUTION_ID":"true"},"ingressSettings":"ALLOW_ALL","uri":"https://criarpagamento-2mfyfptukq-uc.a.run.app","serviceAccountEmail":"39673030784-compute@developer.gserviceaccount.com","availableMemory":"256Mi","allTrafficOnLatestRevision":true,"secretEnvironmentVariables":[{"key":"MP_ACCESS_TOKEN","projectId":"acaraje-da-bencao","secret":"MP_ACCESS_TOKEN","version":"1"}],"revision":"criarpagamento-00008-vab","maxInstanceRequestConcurrency":80,"availableCpu":"1"},"state":"ACTIVE","labels":{"deployment-tool":"cli-firebase","firebase-functions-hash":"e4bc23d79e2bfde92aeded2a1577d5579e9c4023"},"environment":"GEN_2","url":"https://us-central1-acaraje-da-bencao.cloudfunctions.net/criarPagamento","satisfiesPzi":true},"stages":[{"name":"BUILD","message":"Build in progress","state":"IN_PROGRESS","resource":"projects/39673030784/locations/us-central1/builds/830db484-cb41-4eff-9aba-b4ffdf75488c","resourceUri":"https://console.cloud.google.com/cloud-build/builds;region=us-central1/830db484-cb41-4eff-9aba-b4ffdf75488c?project=39673030784"},{"name":"SERVICE","state":"NOT_STARTED"}],"operationType":"UPDATE_FUNCTION","buildName":"projects/39673030784/locations/us-central1/builds/830db484-cb41-4eff-9aba-b4ffdf75488c"},"done":false}
[debug] [2026-08-28T16:25:01.066Z] [update-default-us-central1-criarPagamento] Retrying task index 0
[debug] [2026-08-28T16:25:01.067Z] Checked if tokens are valid: true, expires at: 1787937781267
[debug] [2026-08-28T16:25:01.067Z] Checked if tokens are valid: true, expires at: 1787937781267
[debug] [2026-08-28T16:25:01.068Z] >>> [apiv2][query] GET https://cloudfunctions.googleapis.com/v2/projects/acaraje-da-bencao/locations/us-central1/operations/operation-1787934212704-65a1ddfa1480f-b7fb9e6b-a370d649 [none]
[debug] [2026-08-28T16:25:01.900Z] <<< [apiv2][status] GET https://cloudfunctions.googleapis.com/v2/projects/acaraje-da-bencao/locations/us-central1/operations/operation-1787934212704-65a1ddfa1480f-b7fb9e6b-a370d649 200
[debug] [2026-08-28T16:25:01.900Z] <<< [apiv2][body] GET https://cloudfunctions.googleapis.com/v2/projects/acaraje-da-bencao/locations/us-central1/operations/operation-1787934212704-65a1ddfa1480f-b7fb9e6b-a370d649 {"name":"projects/acaraje-da-bencao/locations/us-central1/operations/operation-1787934212704-65a1ddfa1480f-b7fb9e6b-a370d649","metadata":{"@type":"type.googleapis.com/google.cloud.functions.v2.OperationMetadata","createTime":"2026-08-28T16:23:33.867389084Z","target":"projects/acaraje-da-bencao/locations/us-central1/functions/criarPagamento","verb":"update","cancelRequested":false,"apiVersion":"v2","requestResource":{"@type":"type.googleapis.com/google.cloud.functions.v2.Function","name":"projects/acaraje-da-bencao/locations/us-central1/functions/criarPagamento","buildConfig":{"runtime":"nodejs24","entryPoint":"criarPagamento","source":{"storageSource":{"bucket":"gcf-v2-sources-39673030784-us-central1","object":"criarPagamento/function-source.zip","generation":"1787934213801514"}},"environmentVariables":{"GOOGLE_NODE_RUN_SCRIPTS":""},"dockerRepository":"projects/acaraje-da-bencao/locations/us-central1/repositories/gcf-artifacts","sourceProvenance":{"resolvedStorageSource":{"bucket":"gcf-v2-sources-39673030784-us-central1","object":"criarPagamento/function-source.zip","generation":"1787924511941293"}},"dockerRegistry":"ARTIFACT_REGISTRY","serviceAccount":"projects/acaraje-da-bencao/serviceAccounts/39673030784-compute@developer.gserviceaccount.com","automaticUpdatePolicy":{}},"serviceConfig":{"service":"projects/acaraje-da-bencao/locations/us-central1/services/criarpagamento","timeoutSeconds":60,"environmentVariables":{"FIREBASE_CONFIG":"{\"projectId\":\"acaraje-da-bencao\",\"storageBucket\":\"acaraje-da-bencao.firebasestorage.app\"}","GCLOUD_PROJECT":"acaraje-da-bencao","EVENTARC_CLOUD_EVENT_SOURCE":"projects/acaraje-da-bencao/locations/us-central1/services/criarPagamento","FUNCTION_REGION":"us-central1","FUNCTION_TARGET":"criarPagamento","LOG_EXECUTION_ID":"true"},"ingressSettings":"ALLOW_ALL","uri":"https://criarpagamento-2mfyfptukq-uc.a.run.app","serviceAccountEmail":"39673030784-compute@developer.gserviceaccount.com","availableMemory":"256Mi","allTrafficOnLatestRevision":true,"secretEnvironmentVariables":[{"key":"MP_ACCESS_TOKEN","projectId":"acaraje-da-bencao","secret":"MP_ACCESS_TOKEN","version":"1"}],"revision":"criarpagamento-00008-vab","maxInstanceRequestConcurrency":80,"availableCpu":"1"},"state":"ACTIVE","labels":{"deployment-tool":"cli-firebase","firebase-functions-hash":"e4bc23d79e2bfde92aeded2a1577d5579e9c4023"},"environment":"GEN_2","url":"https://us-central1-acaraje-da-bencao.cloudfunctions.net/criarPagamento","satisfiesPzi":true},"stages":[{"name":"BUILD","message":"Build in progress","state":"IN_PROGRESS","resource":"projects/39673030784/locations/us-central1/builds/830db484-cb41-4eff-9aba-b4ffdf75488c","resourceUri":"https://console.cloud.google.com/cloud-build/builds;region=us-central1/830db484-cb41-4eff-9aba-b4ffdf75488c?project=39673030784"},{"name":"SERVICE","state":"NOT_STARTED"}],"operationType":"UPDATE_FUNCTION","buildName":"projects/39673030784/locations/us-central1/builds/830db484-cb41-4eff-9aba-b4ffdf75488c"},"done":false}
[debug] [2026-08-28T16:25:11.906Z] [update-default-us-central1-criarPagamento] Retrying task index 0
[debug] [2026-08-28T16:25:11.907Z] Checked if tokens are valid: true, expires at: 1787937781267
[debug] [2026-08-28T16:25:11.907Z] Checked if tokens are valid: true, expires at: 1787937781267
[debug] [2026-08-28T16:25:11.907Z] >>> [apiv2][query] GET https://cloudfunctions.googleapis.com/v2/projects/acaraje-da-bencao/locations/us-central1/operations/operation-1787934212704-65a1ddfa1480f-b7fb9e6b-a370d649 [none]
[debug] [2026-08-28T16:25:12.771Z] <<< [apiv2][status] GET https://cloudfunctions.googleapis.com/v2/projects/acaraje-da-bencao/locations/us-central1/operations/operation-1787934212704-65a1ddfa1480f-b7fb9e6b-a370d649 200
[debug] [2026-08-28T16:25:12.771Z] <<< [apiv2][body] GET https://cloudfunctions.googleapis.com/v2/projects/acaraje-da-bencao/locations/us-central1/operations/operation-1787934212704-65a1ddfa1480f-b7fb9e6b-a370d649 {"name":"projects/acaraje-da-bencao/locations/us-central1/operations/operation-1787934212704-65a1ddfa1480f-b7fb9e6b-a370d649","metadata":{"@type":"type.googleapis.com/google.cloud.functions.v2.OperationMetadata","createTime":"2026-08-28T16:23:33.867389084Z","target":"projects/acaraje-da-bencao/locations/us-central1/functions/criarPagamento","verb":"update","cancelRequested":false,"apiVersion":"v2","requestResource":{"@type":"type.googleapis.com/google.cloud.functions.v2.Function","name":"projects/acaraje-da-bencao/locations/us-central1/functions/criarPagamento","buildConfig":{"runtime":"nodejs24","entryPoint":"criarPagamento","source":{"storageSource":{"bucket":"gcf-v2-sources-39673030784-us-central1","object":"criarPagamento/function-source.zip","generation":"1787934213801514"}},"environmentVariables":{"GOOGLE_NODE_RUN_SCRIPTS":""},"dockerRepository":"projects/acaraje-da-bencao/locations/us-central1/repositories/gcf-artifacts","sourceProvenance":{"resolvedStorageSource":{"bucket":"gcf-v2-sources-39673030784-us-central1","object":"criarPagamento/function-source.zip","generation":"1787924511941293"}},"dockerRegistry":"ARTIFACT_REGISTRY","serviceAccount":"projects/acaraje-da-bencao/serviceAccounts/39673030784-compute@developer.gserviceaccount.com","automaticUpdatePolicy":{}},"serviceConfig":{"service":"projects/acaraje-da-bencao/locations/us-central1/services/criarpagamento","timeoutSeconds":60,"environmentVariables":{"FIREBASE_CONFIG":"{\"projectId\":\"acaraje-da-bencao\",\"storageBucket\":\"acaraje-da-bencao.firebasestorage.app\"}","GCLOUD_PROJECT":"acaraje-da-bencao","EVENTARC_CLOUD_EVENT_SOURCE":"projects/acaraje-da-bencao/locations/us-central1/services/criarPagamento","FUNCTION_REGION":"us-central1","FUNCTION_TARGET":"criarPagamento","LOG_EXECUTION_ID":"true"},"ingressSettings":"ALLOW_ALL","uri":"https://criarpagamento-2mfyfptukq-uc.a.run.app","serviceAccountEmail":"39673030784-compute@developer.gserviceaccount.com","availableMemory":"256Mi","allTrafficOnLatestRevision":true,"secretEnvironmentVariables":[{"key":"MP_ACCESS_TOKEN","projectId":"acaraje-da-bencao","secret":"MP_ACCESS_TOKEN","version":"1"}],"revision":"criarpagamento-00008-vab","maxInstanceRequestConcurrency":80,"availableCpu":"1"},"state":"ACTIVE","labels":{"deployment-tool":"cli-firebase","firebase-functions-hash":"e4bc23d79e2bfde92aeded2a1577d5579e9c4023"},"environment":"GEN_2","url":"https://us-central1-acaraje-da-bencao.cloudfunctions.net/criarPagamento","satisfiesPzi":true},"stages":[{"name":"BUILD","message":"Build in progress","state":"IN_PROGRESS","resource":"projects/39673030784/locations/us-central1/builds/830db484-cb41-4eff-9aba-b4ffdf75488c","resourceUri":"https://console.cloud.google.com/cloud-build/builds;region=us-central1/830db484-cb41-4eff-9aba-b4ffdf75488c?project=39673030784"},{"name":"SERVICE","state":"NOT_STARTED"}],"operationType":"UPDATE_FUNCTION","buildName":"projects/39673030784/locations/us-central1/builds/830db484-cb41-4eff-9aba-b4ffdf75488c"},"done":false}
[debug] [2026-08-28T16:25:22.784Z] [update-default-us-central1-criarPagamento] Retrying task index 0
[debug] [2026-08-28T16:25:22.785Z] Checked if tokens are valid: true, expires at: 1787937781267
[debug] [2026-08-28T16:25:22.785Z] Checked if tokens are valid: true, expires at: 1787937781267
[debug] [2026-08-28T16:25:22.785Z] >>> [apiv2][query] GET https://cloudfunctions.googleapis.com/v2/projects/acaraje-da-bencao/locations/us-central1/operations/operation-1787934212704-65a1ddfa1480f-b7fb9e6b-a370d649 [none]
[debug] [2026-08-28T16:25:24.053Z] <<< [apiv2][status] GET https://cloudfunctions.googleapis.com/v2/projects/acaraje-da-bencao/locations/us-central1/operations/operation-1787934212704-65a1ddfa1480f-b7fb9e6b-a370d649 200
[debug] [2026-08-28T16:25:24.053Z] <<< [apiv2][body] GET https://cloudfunctions.googleapis.com/v2/projects/acaraje-da-bencao/locations/us-central1/operations/operation-1787934212704-65a1ddfa1480f-b7fb9e6b-a370d649 {"name":"projects/acaraje-da-bencao/locations/us-central1/operations/operation-1787934212704-65a1ddfa1480f-b7fb9e6b-a370d649","metadata":{"@type":"type.googleapis.com/google.cloud.functions.v2.OperationMetadata","createTime":"2026-08-28T16:23:33.867389084Z","target":"projects/acaraje-da-bencao/locations/us-central1/functions/criarPagamento","verb":"update","cancelRequested":false,"apiVersion":"v2","requestResource":{"@type":"type.googleapis.com/google.cloud.functions.v2.Function","name":"projects/acaraje-da-bencao/locations/us-central1/functions/criarPagamento","buildConfig":{"runtime":"nodejs24","entryPoint":"criarPagamento","source":{"storageSource":{"bucket":"gcf-v2-sources-39673030784-us-central1","object":"criarPagamento/function-source.zip","generation":"1787934213801514"}},"environmentVariables":{"GOOGLE_NODE_RUN_SCRIPTS":""},"dockerRepository":"projects/acaraje-da-bencao/locations/us-central1/repositories/gcf-artifacts","sourceProvenance":{"resolvedStorageSource":{"bucket":"gcf-v2-sources-39673030784-us-central1","object":"criarPagamento/function-source.zip","generation":"1787924511941293"}},"dockerRegistry":"ARTIFACT_REGISTRY","serviceAccount":"projects/acaraje-da-bencao/serviceAccounts/39673030784-compute@developer.gserviceaccount.com","automaticUpdatePolicy":{}},"serviceConfig":{"service":"projects/acaraje-da-bencao/locations/us-central1/services/criarpagamento","timeoutSeconds":60,"environmentVariables":{"FIREBASE_CONFIG":"{\"projectId\":\"acaraje-da-bencao\",\"storageBucket\":\"acaraje-da-bencao.firebasestorage.app\"}","GCLOUD_PROJECT":"acaraje-da-bencao","EVENTARC_CLOUD_EVENT_SOURCE":"projects/acaraje-da-bencao/locations/us-central1/services/criarPagamento","FUNCTION_REGION":"us-central1","FUNCTION_TARGET":"criarPagamento","LOG_EXECUTION_ID":"true"},"ingressSettings":"ALLOW_ALL","uri":"https://criarpagamento-2mfyfptukq-uc.a.run.app","serviceAccountEmail":"39673030784-compute@developer.gserviceaccount.com","availableMemory":"256Mi","allTrafficOnLatestRevision":true,"secretEnvironmentVariables":[{"key":"MP_ACCESS_TOKEN","projectId":"acaraje-da-bencao","secret":"MP_ACCESS_TOKEN","version":"1"}],"revision":"criarpagamento-00008-vab","maxInstanceRequestConcurrency":80,"availableCpu":"1"},"state":"ACTIVE","labels":{"deployment-tool":"cli-firebase","firebase-functions-hash":"e4bc23d79e2bfde92aeded2a1577d5579e9c4023"},"environment":"GEN_2","url":"https://us-central1-acaraje-da-bencao.cloudfunctions.net/criarPagamento","satisfiesPzi":true},"stages":[{"name":"BUILD","message":"Build in progress","state":"IN_PROGRESS","resource":"projects/39673030784/locations/us-central1/builds/830db484-cb41-4eff-9aba-b4ffdf75488c","resourceUri":"https://console.cloud.google.com/cloud-build/builds;region=us-central1/830db484-cb41-4eff-9aba-b4ffdf75488c?project=39673030784"},{"name":"SERVICE","state":"NOT_STARTED"}],"operationType":"UPDATE_FUNCTION","buildName":"projects/39673030784/locations/us-central1/builds/830db484-cb41-4eff-9aba-b4ffdf75488c"},"done":false}
[debug] [2026-08-28T16:25:34.070Z] [update-default-us-central1-criarPagamento] Retrying task index 0
[debug] [2026-08-28T16:25:34.071Z] Checked if tokens are valid: true, expires at: 1787937781267
[debug] [2026-08-28T16:25:34.071Z] Checked if tokens are valid: true, expires at: 1787937781267
[debug] [2026-08-28T16:25:34.071Z] >>> [apiv2][query] GET https://cloudfunctions.googleapis.com/v2/projects/acaraje-da-bencao/locations/us-central1/operations/operation-1787934212704-65a1ddfa1480f-b7fb9e6b-a370d649 [none]
[debug] [2026-08-28T16:25:34.705Z] <<< [apiv2][status] GET https://cloudfunctions.googleapis.com/v2/projects/acaraje-da-bencao/locations/us-central1/operations/operation-1787934212704-65a1ddfa1480f-b7fb9e6b-a370d649 200
[debug] [2026-08-28T16:25:34.705Z] <<< [apiv2][body] GET https://cloudfunctions.googleapis.com/v2/projects/acaraje-da-bencao/locations/us-central1/operations/operation-1787934212704-65a1ddfa1480f-b7fb9e6b-a370d649 {"name":"projects/acaraje-da-bencao/locations/us-central1/operations/operation-1787934212704-65a1ddfa1480f-b7fb9e6b-a370d649","metadata":{"@type":"type.googleapis.com/google.cloud.functions.v2.OperationMetadata","createTime":"2026-08-28T16:23:33.867389084Z","target":"projects/acaraje-da-bencao/locations/us-central1/functions/criarPagamento","verb":"update","cancelRequested":false,"apiVersion":"v2","requestResource":{"@type":"type.googleapis.com/google.cloud.functions.v2.Function","name":"projects/acaraje-da-bencao/locations/us-central1/functions/criarPagamento","buildConfig":{"runtime":"nodejs24","entryPoint":"criarPagamento","source":{"storageSource":{"bucket":"gcf-v2-sources-39673030784-us-central1","object":"criarPagamento/function-source.zip","generation":"1787934213801514"}},"environmentVariables":{"GOOGLE_NODE_RUN_SCRIPTS":""},"dockerRepository":"projects/acaraje-da-bencao/locations/us-central1/repositories/gcf-artifacts","sourceProvenance":{"resolvedStorageSource":{"bucket":"gcf-v2-sources-39673030784-us-central1","object":"criarPagamento/function-source.zip","generation":"1787924511941293"}},"dockerRegistry":"ARTIFACT_REGISTRY","serviceAccount":"projects/acaraje-da-bencao/serviceAccounts/39673030784-compute@developer.gserviceaccount.com","automaticUpdatePolicy":{}},"serviceConfig":{"service":"projects/acaraje-da-bencao/locations/us-central1/services/criarpagamento","timeoutSeconds":60,"environmentVariables":{"FIREBASE_CONFIG":"{\"projectId\":\"acaraje-da-bencao\",\"storageBucket\":\"acaraje-da-bencao.firebasestorage.app\"}","GCLOUD_PROJECT":"acaraje-da-bencao","EVENTARC_CLOUD_EVENT_SOURCE":"projects/acaraje-da-bencao/locations/us-central1/services/criarPagamento","FUNCTION_REGION":"us-central1","FUNCTION_TARGET":"criarPagamento","LOG_EXECUTION_ID":"true"},"ingressSettings":"ALLOW_ALL","uri":"https://criarpagamento-2mfyfptukq-uc.a.run.app","serviceAccountEmail":"39673030784-compute@developer.gserviceaccount.com","availableMemory":"256Mi","allTrafficOnLatestRevision":true,"secretEnvironmentVariables":[{"key":"MP_ACCESS_TOKEN","projectId":"acaraje-da-bencao","secret":"MP_ACCESS_TOKEN","version":"1"}],"revision":"criarpagamento-00008-vab","maxInstanceRequestConcurrency":80,"availableCpu":"1"},"state":"ACTIVE","labels":{"deployment-tool":"cli-firebase","firebase-functions-hash":"e4bc23d79e2bfde92aeded2a1577d5579e9c4023"},"environment":"GEN_2","url":"https://us-central1-acaraje-da-bencao.cloudfunctions.net/criarPagamento","satisfiesPzi":true},"stages":[{"name":"BUILD","message":"Build in progress","state":"IN_PROGRESS","resource":"projects/39673030784/locations/us-central1/builds/830db484-cb41-4eff-9aba-b4ffdf75488c","resourceUri":"https://console.cloud.google.com/cloud-build/builds;region=us-central1/830db484-cb41-4eff-9aba-b4ffdf75488c?project=39673030784"},{"name":"SERVICE","state":"NOT_STARTED"}],"operationType":"UPDATE_FUNCTION","buildName":"projects/39673030784/locations/us-central1/builds/830db484-cb41-4eff-9aba-b4ffdf75488c"},"done":false}
[debug] [2026-08-28T16:25:44.711Z] [update-default-us-central1-criarPagamento] Retrying task index 0
[debug] [2026-08-28T16:25:44.712Z] Checked if tokens are valid: true, expires at: 1787937781267
[debug] [2026-08-28T16:25:44.713Z] Checked if tokens are valid: true, expires at: 1787937781267
[debug] [2026-08-28T16:25:44.713Z] >>> [apiv2][query] GET https://cloudfunctions.googleapis.com/v2/projects/acaraje-da-bencao/locations/us-central1/operations/operation-1787934212704-65a1ddfa1480f-b7fb9e6b-a370d649 [none]
[debug] [2026-08-28T16:25:46.075Z] <<< [apiv2][status] GET https://cloudfunctions.googleapis.com/v2/projects/acaraje-da-bencao/locations/us-central1/operations/operation-1787934212704-65a1ddfa1480f-b7fb9e6b-a370d649 200
[debug] [2026-08-28T16:25:46.080Z] <<< [apiv2][body] GET https://cloudfunctions.googleapis.com/v2/projects/acaraje-da-bencao/locations/us-central1/operations/operation-1787934212704-65a1ddfa1480f-b7fb9e6b-a370d649 {"name":"projects/acaraje-da-bencao/locations/us-central1/operations/operation-1787934212704-65a1ddfa1480f-b7fb9e6b-a370d649","metadata":{"@type":"type.googleapis.com/google.cloud.functions.v2.OperationMetadata","createTime":"2026-08-28T16:23:33.867389084Z","target":"projects/acaraje-da-bencao/locations/us-central1/functions/criarPagamento","verb":"update","cancelRequested":false,"apiVersion":"v2","requestResource":{"@type":"type.googleapis.com/google.cloud.functions.v2.Function","name":"projects/acaraje-da-bencao/locations/us-central1/functions/criarPagamento","buildConfig":{"runtime":"nodejs24","entryPoint":"criarPagamento","source":{"storageSource":{"bucket":"gcf-v2-sources-39673030784-us-central1","object":"criarPagamento/function-source.zip","generation":"1787934213801514"}},"environmentVariables":{"GOOGLE_NODE_RUN_SCRIPTS":""},"dockerRepository":"projects/acaraje-da-bencao/locations/us-central1/repositories/gcf-artifacts","sourceProvenance":{"resolvedStorageSource":{"bucket":"gcf-v2-sources-39673030784-us-central1","object":"criarPagamento/function-source.zip","generation":"1787924511941293"}},"dockerRegistry":"ARTIFACT_REGISTRY","serviceAccount":"projects/acaraje-da-bencao/serviceAccounts/39673030784-compute@developer.gserviceaccount.com","automaticUpdatePolicy":{}},"serviceConfig":{"service":"projects/acaraje-da-bencao/locations/us-central1/services/criarpagamento","timeoutSeconds":60,"environmentVariables":{"FIREBASE_CONFIG":"{\"projectId\":\"acaraje-da-bencao\",\"storageBucket\":\"acaraje-da-bencao.firebasestorage.app\"}","GCLOUD_PROJECT":"acaraje-da-bencao","EVENTARC_CLOUD_EVENT_SOURCE":"projects/acaraje-da-bencao/locations/us-central1/services/criarPagamento","FUNCTION_REGION":"us-central1","FUNCTION_TARGET":"criarPagamento","LOG_EXECUTION_ID":"true"},"ingressSettings":"ALLOW_ALL","uri":"https://criarpagamento-2mfyfptukq-uc.a.run.app","serviceAccountEmail":"39673030784-compute@developer.gserviceaccount.com","availableMemory":"256Mi","allTrafficOnLatestRevision":true,"secretEnvironmentVariables":[{"key":"MP_ACCESS_TOKEN","projectId":"acaraje-da-bencao","secret":"MP_ACCESS_TOKEN","version":"1"}],"revision":"criarpagamento-00008-vab","maxInstanceRequestConcurrency":80,"availableCpu":"1"},"state":"ACTIVE","labels":{"deployment-tool":"cli-firebase","firebase-functions-hash":"e4bc23d79e2bfde92aeded2a1577d5579e9c4023"},"environment":"GEN_2","url":"https://us-central1-acaraje-da-bencao.cloudfunctions.net/criarPagamento","satisfiesPzi":true},"stages":[{"name":"BUILD","message":"Build in progress","state":"IN_PROGRESS","resource":"projects/39673030784/locations/us-central1/builds/830db484-cb41-4eff-9aba-b4ffdf75488c","resourceUri":"https://console.cloud.google.com/cloud-build/builds;region=us-central1/830db484-cb41-4eff-9aba-b4ffdf75488c?project=39673030784"},{"name":"SERVICE","state":"NOT_STARTED"}],"operationType":"UPDATE_FUNCTION","buildName":"projects/39673030784/locations/us-central1/builds/830db484-cb41-4eff-9aba-b4ffdf75488c"},"done":false}
[debug] [2026-08-28T16:25:56.085Z] [update-default-us-central1-criarPagamento] Retrying task index 0
[debug] [2026-08-28T16:25:56.086Z] Checked if tokens are valid: true, expires at: 1787937781267
[debug] [2026-08-28T16:25:56.086Z] Checked if tokens are valid: true, expires at: 1787937781267
[debug] [2026-08-28T16:25:56.086Z] >>> [apiv2][query] GET https://cloudfunctions.googleapis.com/v2/projects/acaraje-da-bencao/locations/us-central1/operations/operation-1787934212704-65a1ddfa1480f-b7fb9e6b-a370d649 [none]
[debug] [2026-08-28T16:25:57.314Z] <<< [apiv2][status] GET https://cloudfunctions.googleapis.com/v2/projects/acaraje-da-bencao/locations/us-central1/operations/operation-1787934212704-65a1ddfa1480f-b7fb9e6b-a370d649 200
[debug] [2026-08-28T16:25:57.315Z] <<< [apiv2][body] GET https://cloudfunctions.googleapis.com/v2/projects/acaraje-da-bencao/locations/us-central1/operations/operation-1787934212704-65a1ddfa1480f-b7fb9e6b-a370d649 {"name":"projects/acaraje-da-bencao/locations/us-central1/operations/operation-1787934212704-65a1ddfa1480f-b7fb9e6b-a370d649","metadata":{"@type":"type.googleapis.com/google.cloud.functions.v2.OperationMetadata","createTime":"2026-08-28T16:23:33.867389084Z","target":"projects/acaraje-da-bencao/locations/us-central1/functions/criarPagamento","verb":"update","cancelRequested":false,"apiVersion":"v2","requestResource":{"@type":"type.googleapis.com/google.cloud.functions.v2.Function","name":"projects/acaraje-da-bencao/locations/us-central1/functions/criarPagamento","buildConfig":{"runtime":"nodejs24","entryPoint":"criarPagamento","source":{"storageSource":{"bucket":"gcf-v2-sources-39673030784-us-central1","object":"criarPagamento/function-source.zip","generation":"1787934213801514"}},"environmentVariables":{"GOOGLE_NODE_RUN_SCRIPTS":""},"dockerRepository":"projects/acaraje-da-bencao/locations/us-central1/repositories/gcf-artifacts","sourceProvenance":{"resolvedStorageSource":{"bucket":"gcf-v2-sources-39673030784-us-central1","object":"criarPagamento/function-source.zip","generation":"1787924511941293"}},"dockerRegistry":"ARTIFACT_REGISTRY","serviceAccount":"projects/acaraje-da-bencao/serviceAccounts/39673030784-compute@developer.gserviceaccount.com","automaticUpdatePolicy":{}},"serviceConfig":{"service":"projects/acaraje-da-bencao/locations/us-central1/services/criarpagamento","timeoutSeconds":60,"environmentVariables":{"FIREBASE_CONFIG":"{\"projectId\":\"acaraje-da-bencao\",\"storageBucket\":\"acaraje-da-bencao.firebasestorage.app\"}","GCLOUD_PROJECT":"acaraje-da-bencao","EVENTARC_CLOUD_EVENT_SOURCE":"projects/acaraje-da-bencao/locations/us-central1/services/criarPagamento","FUNCTION_REGION":"us-central1","FUNCTION_TARGET":"criarPagamento","LOG_EXECUTION_ID":"true"},"ingressSettings":"ALLOW_ALL","uri":"https://criarpagamento-2mfyfptukq-uc.a.run.app","serviceAccountEmail":"39673030784-compute@developer.gserviceaccount.com","availableMemory":"256Mi","allTrafficOnLatestRevision":true,"secretEnvironmentVariables":[{"key":"MP_ACCESS_TOKEN","projectId":"acaraje-da-bencao","secret":"MP_ACCESS_TOKEN","version":"1"}],"revision":"criarpagamento-00008-vab","maxInstanceRequestConcurrency":80,"availableCpu":"1"},"state":"ACTIVE","labels":{"deployment-tool":"cli-firebase","firebase-functions-hash":"e4bc23d79e2bfde92aeded2a1577d5579e9c4023"},"environment":"GEN_2","url":"https://us-central1-acaraje-da-bencao.cloudfunctions.net/criarPagamento","satisfiesPzi":true},"stages":[{"name":"BUILD","message":"Build in progress","state":"IN_PROGRESS","resource":"projects/39673030784/locations/us-central1/builds/830db484-cb41-4eff-9aba-b4ffdf75488c","resourceUri":"https://console.cloud.google.com/cloud-build/builds;region=us-central1/830db484-cb41-4eff-9aba-b4ffdf75488c?project=39673030784"},{"name":"SERVICE","state":"NOT_STARTED"}],"operationType":"UPDATE_FUNCTION","buildName":"projects/39673030784/locations/us-central1/builds/830db484-cb41-4eff-9aba-b4ffdf75488c"},"done":false}
[debug] [2026-08-28T16:26:07.320Z] [update-default-us-central1-criarPagamento] Retrying task index 0
[debug] [2026-08-28T16:26:07.321Z] Checked if tokens are valid: true, expires at: 1787937781267
[debug] [2026-08-28T16:26:07.322Z] Checked if tokens are valid: true, expires at: 1787937781267
[debug] [2026-08-28T16:26:07.322Z] >>> [apiv2][query] GET https://cloudfunctions.googleapis.com/v2/projects/acaraje-da-bencao/locations/us-central1/operations/operation-1787934212704-65a1ddfa1480f-b7fb9e6b-a370d649 [none]
[debug] [2026-08-28T16:26:08.724Z] <<< [apiv2][status] GET https://cloudfunctions.googleapis.com/v2/projects/acaraje-da-bencao/locations/us-central1/operations/operation-1787934212704-65a1ddfa1480f-b7fb9e6b-a370d649 200
[debug] [2026-08-28T16:26:08.725Z] <<< [apiv2][body] GET https://cloudfunctions.googleapis.com/v2/projects/acaraje-da-bencao/locations/us-central1/operations/operation-1787934212704-65a1ddfa1480f-b7fb9e6b-a370d649 {"name":"projects/acaraje-da-bencao/locations/us-central1/operations/operation-1787934212704-65a1ddfa1480f-b7fb9e6b-a370d649","metadata":{"@type":"type.googleapis.com/google.cloud.functions.v2.OperationMetadata","createTime":"2026-08-28T16:23:33.867389084Z","target":"projects/acaraje-da-bencao/locations/us-central1/functions/criarPagamento","verb":"update","cancelRequested":false,"apiVersion":"v2","requestResource":{"@type":"type.googleapis.com/google.cloud.functions.v2.Function","name":"projects/acaraje-da-bencao/locations/us-central1/functions/criarPagamento","buildConfig":{"runtime":"nodejs24","entryPoint":"criarPagamento","source":{"storageSource":{"bucket":"gcf-v2-sources-39673030784-us-central1","object":"criarPagamento/function-source.zip","generation":"1787934213801514"}},"environmentVariables":{"GOOGLE_NODE_RUN_SCRIPTS":""},"dockerRepository":"projects/acaraje-da-bencao/locations/us-central1/repositories/gcf-artifacts","sourceProvenance":{"resolvedStorageSource":{"bucket":"gcf-v2-sources-39673030784-us-central1","object":"criarPagamento/function-source.zip","generation":"1787924511941293"}},"dockerRegistry":"ARTIFACT_REGISTRY","serviceAccount":"projects/acaraje-da-bencao/serviceAccounts/39673030784-compute@developer.gserviceaccount.com","automaticUpdatePolicy":{}},"serviceConfig":{"service":"projects/acaraje-da-bencao/locations/us-central1/services/criarpagamento","timeoutSeconds":60,"environmentVariables":{"FIREBASE_CONFIG":"{\"projectId\":\"acaraje-da-bencao\",\"storageBucket\":\"acaraje-da-bencao.firebasestorage.app\"}","GCLOUD_PROJECT":"acaraje-da-bencao","EVENTARC_CLOUD_EVENT_SOURCE":"projects/acaraje-da-bencao/locations/us-central1/services/criarPagamento","FUNCTION_REGION":"us-central1","FUNCTION_TARGET":"criarPagamento","LOG_EXECUTION_ID":"true"},"ingressSettings":"ALLOW_ALL","uri":"https://criarpagamento-2mfyfptukq-uc.a.run.app","serviceAccountEmail":"39673030784-compute@developer.gserviceaccount.com","availableMemory":"256Mi","allTrafficOnLatestRevision":true,"secretEnvironmentVariables":[{"key":"MP_ACCESS_TOKEN","projectId":"acaraje-da-bencao","secret":"MP_ACCESS_TOKEN","version":"1"}],"revision":"criarpagamento-00008-vab","maxInstanceRequestConcurrency":80,"availableCpu":"1"},"state":"ACTIVE","labels":{"deployment-tool":"cli-firebase","firebase-functions-hash":"e4bc23d79e2bfde92aeded2a1577d5579e9c4023"},"environment":"GEN_2","url":"https://us-central1-acaraje-da-bencao.cloudfunctions.net/criarPagamento","satisfiesPzi":true},"stages":[{"name":"BUILD","message":"Build in progress","state":"IN_PROGRESS","resource":"projects/39673030784/locations/us-central1/builds/830db484-cb41-4eff-9aba-b4ffdf75488c","resourceUri":"https://console.cloud.google.com/cloud-build/builds;region=us-central1/830db484-cb41-4eff-9aba-b4ffdf75488c?project=39673030784"},{"name":"SERVICE","state":"NOT_STARTED"}],"operationType":"UPDATE_FUNCTION","buildName":"projects/39673030784/locations/us-central1/builds/830db484-cb41-4eff-9aba-b4ffdf75488c"},"done":false}
[debug] [2026-08-28T16:26:18.734Z] [update-default-us-central1-criarPagamento] Retrying task index 0
[debug] [2026-08-28T16:26:18.735Z] Checked if tokens are valid: true, expires at: 1787937781267
[debug] [2026-08-28T16:26:18.735Z] Checked if tokens are valid: true, expires at: 1787937781267
[debug] [2026-08-28T16:26:18.736Z] >>> [apiv2][query] GET https://cloudfunctions.googleapis.com/v2/projects/acaraje-da-bencao/locations/us-central1/operations/operation-1787934212704-65a1ddfa1480f-b7fb9e6b-a370d649 [none]
[debug] [2026-08-28T16:26:20.383Z] <<< [apiv2][status] GET https://cloudfunctions.googleapis.com/v2/projects/acaraje-da-bencao/locations/us-central1/operations/operation-1787934212704-65a1ddfa1480f-b7fb9e6b-a370d649 200
[debug] [2026-08-28T16:26:20.384Z] <<< [apiv2][body] GET https://cloudfunctions.googleapis.com/v2/projects/acaraje-da-bencao/locations/us-central1/operations/operation-1787934212704-65a1ddfa1480f-b7fb9e6b-a370d649 {"name":"projects/acaraje-da-bencao/locations/us-central1/operations/operation-1787934212704-65a1ddfa1480f-b7fb9e6b-a370d649","metadata":{"@type":"type.googleapis.com/google.cloud.functions.v2.OperationMetadata","createTime":"2026-08-28T16:23:33.867389084Z","target":"projects/acaraje-da-bencao/locations/us-central1/functions/criarPagamento","verb":"update","cancelRequested":false,"apiVersion":"v2","requestResource":{"@type":"type.googleapis.com/google.cloud.functions.v2.Function","name":"projects/acaraje-da-bencao/locations/us-central1/functions/criarPagamento","buildConfig":{"runtime":"nodejs24","entryPoint":"criarPagamento","source":{"storageSource":{"bucket":"gcf-v2-sources-39673030784-us-central1","object":"criarPagamento/function-source.zip","generation":"1787934213801514"}},"environmentVariables":{"GOOGLE_NODE_RUN_SCRIPTS":""},"dockerRepository":"projects/acaraje-da-bencao/locations/us-central1/repositories/gcf-artifacts","sourceProvenance":{"resolvedStorageSource":{"bucket":"gcf-v2-sources-39673030784-us-central1","object":"criarPagamento/function-source.zip","generation":"1787924511941293"}},"dockerRegistry":"ARTIFACT_REGISTRY","serviceAccount":"projects/acaraje-da-bencao/serviceAccounts/39673030784-compute@developer.gserviceaccount.com","automaticUpdatePolicy":{}},"serviceConfig":{"service":"projects/acaraje-da-bencao/locations/us-central1/services/criarpagamento","timeoutSeconds":60,"environmentVariables":{"FIREBASE_CONFIG":"{\"projectId\":\"acaraje-da-bencao\",\"storageBucket\":\"acaraje-da-bencao.firebasestorage.app\"}","GCLOUD_PROJECT":"acaraje-da-bencao","EVENTARC_CLOUD_EVENT_SOURCE":"projects/acaraje-da-bencao/locations/us-central1/services/criarPagamento","FUNCTION_REGION":"us-central1","FUNCTION_TARGET":"criarPagamento","LOG_EXECUTION_ID":"true"},"ingressSettings":"ALLOW_ALL","uri":"https://criarpagamento-2mfyfptukq-uc.a.run.app","serviceAccountEmail":"39673030784-compute@developer.gserviceaccount.com","availableMemory":"256Mi","allTrafficOnLatestRevision":true,"secretEnvironmentVariables":[{"key":"MP_ACCESS_TOKEN","projectId":"acaraje-da-bencao","secret":"MP_ACCESS_TOKEN","version":"1"}],"revision":"criarpagamento-00008-vab","maxInstanceRequestConcurrency":80,"availableCpu":"1"},"state":"ACTIVE","labels":{"deployment-tool":"cli-firebase","firebase-functions-hash":"e4bc23d79e2bfde92aeded2a1577d5579e9c4023"},"environment":"GEN_2","url":"https://us-central1-acaraje-da-bencao.cloudfunctions.net/criarPagamento","satisfiesPzi":true},"stages":[{"name":"BUILD","message":"Build in progress","state":"IN_PROGRESS","resource":"projects/39673030784/locations/us-central1/builds/830db484-cb41-4eff-9aba-b4ffdf75488c","resourceUri":"https://console.cloud.google.com/cloud-build/builds;region=us-central1/830db484-cb41-4eff-9aba-b4ffdf75488c?project=39673030784"},{"name":"SERVICE","state":"NOT_STARTED"}],"operationType":"UPDATE_FUNCTION","buildName":"projects/39673030784/locations/us-central1/builds/830db484-cb41-4eff-9aba-b4ffdf75488c"},"done":false}
[debug] [2026-08-28T16:26:30.394Z] [update-default-us-central1-criarPagamento] Retrying task index 0
[debug] [2026-08-28T16:26:30.395Z] Checked if tokens are valid: true, expires at: 1787937781267
[debug] [2026-08-28T16:26:30.395Z] Checked if tokens are valid: true, expires at: 1787937781267
[debug] [2026-08-28T16:26:30.395Z] >>> [apiv2][query] GET https://cloudfunctions.googleapis.com/v2/projects/acaraje-da-bencao/locations/us-central1/operations/operation-1787934212704-65a1ddfa1480f-b7fb9e6b-a370d649 [none]
[debug] [2026-08-28T16:26:31.092Z] <<< [apiv2][status] GET https://cloudfunctions.googleapis.com/v2/projects/acaraje-da-bencao/locations/us-central1/operations/operation-1787934212704-65a1ddfa1480f-b7fb9e6b-a370d649 200
[debug] [2026-08-28T16:26:31.092Z] <<< [apiv2][body] GET https://cloudfunctions.googleapis.com/v2/projects/acaraje-da-bencao/locations/us-central1/operations/operation-1787934212704-65a1ddfa1480f-b7fb9e6b-a370d649 {"name":"projects/acaraje-da-bencao/locations/us-central1/operations/operation-1787934212704-65a1ddfa1480f-b7fb9e6b-a370d649","metadata":{"@type":"type.googleapis.com/google.cloud.functions.v2.OperationMetadata","createTime":"2026-08-28T16:23:33.867389084Z","target":"projects/acaraje-da-bencao/locations/us-central1/functions/criarPagamento","verb":"update","cancelRequested":false,"apiVersion":"v2","requestResource":{"@type":"type.googleapis.com/google.cloud.functions.v2.Function","name":"projects/acaraje-da-bencao/locations/us-central1/functions/criarPagamento","buildConfig":{"runtime":"nodejs24","entryPoint":"criarPagamento","source":{"storageSource":{"bucket":"gcf-v2-sources-39673030784-us-central1","object":"criarPagamento/function-source.zip","generation":"1787934213801514"}},"environmentVariables":{"GOOGLE_NODE_RUN_SCRIPTS":""},"dockerRepository":"projects/acaraje-da-bencao/locations/us-central1/repositories/gcf-artifacts","sourceProvenance":{"resolvedStorageSource":{"bucket":"gcf-v2-sources-39673030784-us-central1","object":"criarPagamento/function-source.zip","generation":"1787924511941293"}},"dockerRegistry":"ARTIFACT_REGISTRY","serviceAccount":"projects/acaraje-da-bencao/serviceAccounts/39673030784-compute@developer.gserviceaccount.com","automaticUpdatePolicy":{}},"serviceConfig":{"service":"projects/acaraje-da-bencao/locations/us-central1/services/criarpagamento","timeoutSeconds":60,"environmentVariables":{"FIREBASE_CONFIG":"{\"projectId\":\"acaraje-da-bencao\",\"storageBucket\":\"acaraje-da-bencao.firebasestorage.app\"}","GCLOUD_PROJECT":"acaraje-da-bencao","EVENTARC_CLOUD_EVENT_SOURCE":"projects/acaraje-da-bencao/locations/us-central1/services/criarPagamento","FUNCTION_REGION":"us-central1","FUNCTION_TARGET":"criarPagamento","LOG_EXECUTION_ID":"true"},"ingressSettings":"ALLOW_ALL","uri":"https://criarpagamento-2mfyfptukq-uc.a.run.app","serviceAccountEmail":"39673030784-compute@developer.gserviceaccount.com","availableMemory":"256Mi","allTrafficOnLatestRevision":true,"secretEnvironmentVariables":[{"key":"MP_ACCESS_TOKEN","projectId":"acaraje-da-bencao","secret":"MP_ACCESS_TOKEN","version":"1"}],"revision":"criarpagamento-00008-vab","maxInstanceRequestConcurrency":80,"availableCpu":"1"},"state":"ACTIVE","labels":{"deployment-tool":"cli-firebase","firebase-functions-hash":"e4bc23d79e2bfde92aeded2a1577d5579e9c4023"},"environment":"GEN_2","url":"https://us-central1-acaraje-da-bencao.cloudfunctions.net/criarPagamento","satisfiesPzi":true},"stages":[{"name":"BUILD","message":"Build in progress","state":"IN_PROGRESS","resource":"projects/39673030784/locations/us-central1/builds/830db484-cb41-4eff-9aba-b4ffdf75488c","resourceUri":"https://console.cloud.google.com/cloud-build/builds;region=us-central1/830db484-cb41-4eff-9aba-b4ffdf75488c?project=39673030784"},{"name":"SERVICE","state":"NOT_STARTED"}],"operationType":"UPDATE_FUNCTION","buildName":"projects/39673030784/locations/us-central1/builds/830db484-cb41-4eff-9aba-b4ffdf75488c"},"done":false}
[debug] [2026-08-28T16:26:41.101Z] [update-default-us-central1-criarPagamento] Retrying task index 0
[debug] [2026-08-28T16:26:41.102Z] Checked if tokens are valid: true, expires at: 1787937781267
[debug] [2026-08-28T16:26:41.102Z] Checked if tokens are valid: true, expires at: 1787937781267
[debug] [2026-08-28T16:26:41.103Z] >>> [apiv2][query] GET https://cloudfunctions.googleapis.com/v2/projects/acaraje-da-bencao/locations/us-central1/operations/operation-1787934212704-65a1ddfa1480f-b7fb9e6b-a370d649 [none]
[debug] [2026-08-28T16:26:41.642Z] <<< [apiv2][status] GET https://cloudfunctions.googleapis.com/v2/projects/acaraje-da-bencao/locations/us-central1/operations/operation-1787934212704-65a1ddfa1480f-b7fb9e6b-a370d649 200
[debug] [2026-08-28T16:26:41.642Z] <<< [apiv2][body] GET https://cloudfunctions.googleapis.com/v2/projects/acaraje-da-bencao/locations/us-central1/operations/operation-1787934212704-65a1ddfa1480f-b7fb9e6b-a370d649 {"name":"projects/acaraje-da-bencao/locations/us-central1/operations/operation-1787934212704-65a1ddfa1480f-b7fb9e6b-a370d649","metadata":{"@type":"type.googleapis.com/google.cloud.functions.v2.OperationMetadata","createTime":"2026-08-28T16:23:33.867389084Z","target":"projects/acaraje-da-bencao/locations/us-central1/functions/criarPagamento","verb":"update","cancelRequested":false,"apiVersion":"v2","requestResource":{"@type":"type.googleapis.com/google.cloud.functions.v2.Function","name":"projects/acaraje-da-bencao/locations/us-central1/functions/criarPagamento","buildConfig":{"runtime":"nodejs24","entryPoint":"criarPagamento","source":{"storageSource":{"bucket":"gcf-v2-sources-39673030784-us-central1","object":"criarPagamento/function-source.zip","generation":"1787934213801514"}},"environmentVariables":{"GOOGLE_NODE_RUN_SCRIPTS":""},"dockerRepository":"projects/acaraje-da-bencao/locations/us-central1/repositories/gcf-artifacts","sourceProvenance":{"resolvedStorageSource":{"bucket":"gcf-v2-sources-39673030784-us-central1","object":"criarPagamento/function-source.zip","generation":"1787924511941293"}},"dockerRegistry":"ARTIFACT_REGISTRY","serviceAccount":"projects/acaraje-da-bencao/serviceAccounts/39673030784-compute@developer.gserviceaccount.com","automaticUpdatePolicy":{}},"serviceConfig":{"service":"projects/acaraje-da-bencao/locations/us-central1/services/criarpagamento","timeoutSeconds":60,"environmentVariables":{"FIREBASE_CONFIG":"{\"projectId\":\"acaraje-da-bencao\",\"storageBucket\":\"acaraje-da-bencao.firebasestorage.app\"}","GCLOUD_PROJECT":"acaraje-da-bencao","EVENTARC_CLOUD_EVENT_SOURCE":"projects/acaraje-da-bencao/locations/us-central1/services/criarPagamento","FUNCTION_REGION":"us-central1","FUNCTION_TARGET":"criarPagamento","LOG_EXECUTION_ID":"true"},"ingressSettings":"ALLOW_ALL","uri":"https://criarpagamento-2mfyfptukq-uc.a.run.app","serviceAccountEmail":"39673030784-compute@developer.gserviceaccount.com","availableMemory":"256Mi","allTrafficOnLatestRevision":true,"secretEnvironmentVariables":[{"key":"MP_ACCESS_TOKEN","projectId":"acaraje-da-bencao","secret":"MP_ACCESS_TOKEN","version":"1"}],"revision":"criarpagamento-00008-vab","maxInstanceRequestConcurrency":80,"availableCpu":"1"},"state":"ACTIVE","labels":{"deployment-tool":"cli-firebase","firebase-functions-hash":"e4bc23d79e2bfde92aeded2a1577d5579e9c4023"},"environment":"GEN_2","url":"https://us-central1-acaraje-da-bencao.cloudfunctions.net/criarPagamento","satisfiesPzi":true},"stages":[{"name":"BUILD","message":"Build in progress","state":"IN_PROGRESS","resource":"projects/39673030784/locations/us-central1/builds/830db484-cb41-4eff-9aba-b4ffdf75488c","resourceUri":"https://console.cloud.google.com/cloud-build/builds;region=us-central1/830db484-cb41-4eff-9aba-b4ffdf75488c?project=39673030784"},{"name":"SERVICE","state":"NOT_STARTED"}],"operationType":"UPDATE_FUNCTION","buildName":"projects/39673030784/locations/us-central1/builds/830db484-cb41-4eff-9aba-b4ffdf75488c"},"done":false}
[debug] [2026-08-28T16:26:51.656Z] [update-default-us-central1-criarPagamento] Retrying task index 0
[debug] [2026-08-28T16:26:51.656Z] Checked if tokens are valid: true, expires at: 1787937781267
[debug] [2026-08-28T16:26:51.657Z] Checked if tokens are valid: true, expires at: 1787937781267
[debug] [2026-08-28T16:26:51.657Z] >>> [apiv2][query] GET https://cloudfunctions.googleapis.com/v2/projects/acaraje-da-bencao/locations/us-central1/operations/operation-1787934212704-65a1ddfa1480f-b7fb9e6b-a370d649 [none]
[debug] [2026-08-28T16:26:52.916Z] <<< [apiv2][status] GET https://cloudfunctions.googleapis.com/v2/projects/acaraje-da-bencao/locations/us-central1/operations/operation-1787934212704-65a1ddfa1480f-b7fb9e6b-a370d649 200
[debug] [2026-08-28T16:26:52.916Z] <<< [apiv2][body] GET https://cloudfunctions.googleapis.com/v2/projects/acaraje-da-bencao/locations/us-central1/operations/operation-1787934212704-65a1ddfa1480f-b7fb9e6b-a370d649 {"name":"projects/acaraje-da-bencao/locations/us-central1/operations/operation-1787934212704-65a1ddfa1480f-b7fb9e6b-a370d649","metadata":{"@type":"type.googleapis.com/google.cloud.functions.v2.OperationMetadata","createTime":"2026-08-28T16:23:33.867389084Z","target":"projects/acaraje-da-bencao/locations/us-central1/functions/criarPagamento","verb":"update","cancelRequested":false,"apiVersion":"v2","requestResource":{"@type":"type.googleapis.com/google.cloud.functions.v2.Function","name":"projects/acaraje-da-bencao/locations/us-central1/functions/criarPagamento","buildConfig":{"runtime":"nodejs24","entryPoint":"criarPagamento","source":{"storageSource":{"bucket":"gcf-v2-sources-39673030784-us-central1","object":"criarPagamento/function-source.zip","generation":"1787934213801514"}},"environmentVariables":{"GOOGLE_NODE_RUN_SCRIPTS":""},"dockerRepository":"projects/acaraje-da-bencao/locations/us-central1/repositories/gcf-artifacts","sourceProvenance":{"resolvedStorageSource":{"bucket":"gcf-v2-sources-39673030784-us-central1","object":"criarPagamento/function-source.zip","generation":"1787924511941293"}},"dockerRegistry":"ARTIFACT_REGISTRY","serviceAccount":"projects/acaraje-da-bencao/serviceAccounts/39673030784-compute@developer.gserviceaccount.com","automaticUpdatePolicy":{}},"serviceConfig":{"service":"projects/acaraje-da-bencao/locations/us-central1/services/criarpagamento","timeoutSeconds":60,"environmentVariables":{"FIREBASE_CONFIG":"{\"projectId\":\"acaraje-da-bencao\",\"storageBucket\":\"acaraje-da-bencao.firebasestorage.app\"}","GCLOUD_PROJECT":"acaraje-da-bencao","EVENTARC_CLOUD_EVENT_SOURCE":"projects/acaraje-da-bencao/locations/us-central1/services/criarPagamento","FUNCTION_REGION":"us-central1","FUNCTION_TARGET":"criarPagamento","LOG_EXECUTION_ID":"true"},"ingressSettings":"ALLOW_ALL","uri":"https://criarpagamento-2mfyfptukq-uc.a.run.app","serviceAccountEmail":"39673030784-compute@developer.gserviceaccount.com","availableMemory":"256Mi","allTrafficOnLatestRevision":true,"secretEnvironmentVariables":[{"key":"MP_ACCESS_TOKEN","projectId":"acaraje-da-bencao","secret":"MP_ACCESS_TOKEN","version":"1"}],"revision":"criarpagamento-00008-vab","maxInstanceRequestConcurrency":80,"availableCpu":"1"},"state":"ACTIVE","labels":{"deployment-tool":"cli-firebase","firebase-functions-hash":"e4bc23d79e2bfde92aeded2a1577d5579e9c4023"},"environment":"GEN_2","url":"https://us-central1-acaraje-da-bencao.cloudfunctions.net/criarPagamento","satisfiesPzi":true},"stages":[{"name":"BUILD","message":"Build in progress","state":"IN_PROGRESS","resource":"projects/39673030784/locations/us-central1/builds/830db484-cb41-4eff-9aba-b4ffdf75488c","resourceUri":"https://console.cloud.google.com/cloud-build/builds;region=us-central1/830db484-cb41-4eff-9aba-b4ffdf75488c?project=39673030784"},{"name":"SERVICE","state":"NOT_STARTED"}],"operationType":"UPDATE_FUNCTION","buildName":"projects/39673030784/locations/us-central1/builds/830db484-cb41-4eff-9aba-b4ffdf75488c"},"done":false}
[debug] [2026-08-28T16:27:02.919Z] [update-default-us-central1-criarPagamento] Retrying task index 0
[debug] [2026-08-28T16:27:02.919Z] Checked if tokens are valid: true, expires at: 1787937781267
[debug] [2026-08-28T16:27:02.919Z] Checked if tokens are valid: true, expires at: 1787937781267
[debug] [2026-08-28T16:27:02.920Z] >>> [apiv2][query] GET https://cloudfunctions.googleapis.com/v2/projects/acaraje-da-bencao/locations/us-central1/operations/operation-1787934212704-65a1ddfa1480f-b7fb9e6b-a370d649 [none]
[debug] [2026-08-28T16:27:04.226Z] <<< [apiv2][status] GET https://cloudfunctions.googleapis.com/v2/projects/acaraje-da-bencao/locations/us-central1/operations/operation-1787934212704-65a1ddfa1480f-b7fb9e6b-a370d649 200
[debug] [2026-08-28T16:27:04.226Z] <<< [apiv2][body] GET https://cloudfunctions.googleapis.com/v2/projects/acaraje-da-bencao/locations/us-central1/operations/operation-1787934212704-65a1ddfa1480f-b7fb9e6b-a370d649 {"name":"projects/acaraje-da-bencao/locations/us-central1/operations/operation-1787934212704-65a1ddfa1480f-b7fb9e6b-a370d649","metadata":{"@type":"type.googleapis.com/google.cloud.functions.v2.OperationMetadata","createTime":"2026-08-28T16:23:33.867389084Z","target":"projects/acaraje-da-bencao/locations/us-central1/functions/criarPagamento","verb":"update","cancelRequested":false,"apiVersion":"v2","requestResource":{"@type":"type.googleapis.com/google.cloud.functions.v2.Function","name":"projects/acaraje-da-bencao/locations/us-central1/functions/criarPagamento","buildConfig":{"runtime":"nodejs24","entryPoint":"criarPagamento","source":{"storageSource":{"bucket":"gcf-v2-sources-39673030784-us-central1","object":"criarPagamento/function-source.zip","generation":"1787934213801514"}},"environmentVariables":{"GOOGLE_NODE_RUN_SCRIPTS":""},"dockerRepository":"projects/acaraje-da-bencao/locations/us-central1/repositories/gcf-artifacts","sourceProvenance":{"resolvedStorageSource":{"bucket":"gcf-v2-sources-39673030784-us-central1","object":"criarPagamento/function-source.zip","generation":"1787924511941293"}},"dockerRegistry":"ARTIFACT_REGISTRY","serviceAccount":"projects/acaraje-da-bencao/serviceAccounts/39673030784-compute@developer.gserviceaccount.com","automaticUpdatePolicy":{}},"serviceConfig":{"service":"projects/acaraje-da-bencao/locations/us-central1/services/criarpagamento","timeoutSeconds":60,"environmentVariables":{"FIREBASE_CONFIG":"{\"projectId\":\"acaraje-da-bencao\",\"storageBucket\":\"acaraje-da-bencao.firebasestorage.app\"}","GCLOUD_PROJECT":"acaraje-da-bencao","EVENTARC_CLOUD_EVENT_SOURCE":"projects/acaraje-da-bencao/locations/us-central1/services/criarPagamento","FUNCTION_REGION":"us-central1","FUNCTION_TARGET":"criarPagamento","LOG_EXECUTION_ID":"true"},"ingressSettings":"ALLOW_ALL","uri":"https://criarpagamento-2mfyfptukq-uc.a.run.app","serviceAccountEmail":"39673030784-compute@developer.gserviceaccount.com","availableMemory":"256Mi","allTrafficOnLatestRevision":true,"secretEnvironmentVariables":[{"key":"MP_ACCESS_TOKEN","projectId":"acaraje-da-bencao","secret":"MP_ACCESS_TOKEN","version":"1"}],"revision":"criarpagamento-00008-vab","maxInstanceRequestConcurrency":80,"availableCpu":"1"},"state":"ACTIVE","labels":{"deployment-tool":"cli-firebase","firebase-functions-hash":"e4bc23d79e2bfde92aeded2a1577d5579e9c4023"},"environment":"GEN_2","url":"https://us-central1-acaraje-da-bencao.cloudfunctions.net/criarPagamento","satisfiesPzi":true},"stages":[{"name":"BUILD","message":"Build in progress","state":"IN_PROGRESS","resource":"projects/39673030784/locations/us-central1/builds/830db484-cb41-4eff-9aba-b4ffdf75488c","resourceUri":"https://console.cloud.google.com/cloud-build/builds;region=us-central1/830db484-cb41-4eff-9aba-b4ffdf75488c?project=39673030784"},{"name":"SERVICE","state":"NOT_STARTED"}],"operationType":"UPDATE_FUNCTION","buildName":"projects/39673030784/locations/us-central1/builds/830db484-cb41-4eff-9aba-b4ffdf75488c"},"done":false}
[debug] [2026-08-28T16:27:14.227Z] [update-default-us-central1-criarPagamento] Retrying task index 0
[debug] [2026-08-28T16:27:14.227Z] Checked if tokens are valid: true, expires at: 1787937781267
[debug] [2026-08-28T16:27:14.228Z] Checked if tokens are valid: true, expires at: 1787937781267
[debug] [2026-08-28T16:27:14.228Z] >>> [apiv2][query] GET https://cloudfunctions.googleapis.com/v2/projects/acaraje-da-bencao/locations/us-central1/operations/operation-1787934212704-65a1ddfa1480f-b7fb9e6b-a370d649 [none]
[debug] [2026-08-28T16:27:16.062Z] <<< [apiv2][status] GET https://cloudfunctions.googleapis.com/v2/projects/acaraje-da-bencao/locations/us-central1/operations/operation-1787934212704-65a1ddfa1480f-b7fb9e6b-a370d649 200
[debug] [2026-08-28T16:27:16.063Z] <<< [apiv2][body] GET https://cloudfunctions.googleapis.com/v2/projects/acaraje-da-bencao/locations/us-central1/operations/operation-1787934212704-65a1ddfa1480f-b7fb9e6b-a370d649 {"name":"projects/acaraje-da-bencao/locations/us-central1/operations/operation-1787934212704-65a1ddfa1480f-b7fb9e6b-a370d649","metadata":{"@type":"type.googleapis.com/google.cloud.functions.v2.OperationMetadata","createTime":"2026-08-28T16:23:33.867389084Z","target":"projects/acaraje-da-bencao/locations/us-central1/functions/criarPagamento","verb":"update","cancelRequested":false,"apiVersion":"v2","requestResource":{"@type":"type.googleapis.com/google.cloud.functions.v2.Function","name":"projects/acaraje-da-bencao/locations/us-central1/functions/criarPagamento","buildConfig":{"runtime":"nodejs24","entryPoint":"criarPagamento","source":{"storageSource":{"bucket":"gcf-v2-sources-39673030784-us-central1","object":"criarPagamento/function-source.zip","generation":"1787934213801514"}},"environmentVariables":{"GOOGLE_NODE_RUN_SCRIPTS":""},"dockerRepository":"projects/acaraje-da-bencao/locations/us-central1/repositories/gcf-artifacts","sourceProvenance":{"resolvedStorageSource":{"bucket":"gcf-v2-sources-39673030784-us-central1","object":"criarPagamento/function-source.zip","generation":"1787924511941293"}},"dockerRegistry":"ARTIFACT_REGISTRY","serviceAccount":"projects/acaraje-da-bencao/serviceAccounts/39673030784-compute@developer.gserviceaccount.com","automaticUpdatePolicy":{}},"serviceConfig":{"service":"projects/acaraje-da-bencao/locations/us-central1/services/criarpagamento","timeoutSeconds":60,"environmentVariables":{"FIREBASE_CONFIG":"{\"projectId\":\"acaraje-da-bencao\",\"storageBucket\":\"acaraje-da-bencao.firebasestorage.app\"}","GCLOUD_PROJECT":"acaraje-da-bencao","EVENTARC_CLOUD_EVENT_SOURCE":"projects/acaraje-da-bencao/locations/us-central1/services/criarPagamento","FUNCTION_REGION":"us-central1","FUNCTION_TARGET":"criarPagamento","LOG_EXECUTION_ID":"true"},"ingressSettings":"ALLOW_ALL","uri":"https://criarpagamento-2mfyfptukq-uc.a.run.app","serviceAccountEmail":"39673030784-compute@developer.gserviceaccount.com","availableMemory":"256Mi","allTrafficOnLatestRevision":true,"secretEnvironmentVariables":[{"key":"MP_ACCESS_TOKEN","projectId":"acaraje-da-bencao","secret":"MP_ACCESS_TOKEN","version":"1"}],"revision":"criarpagamento-00008-vab","maxInstanceRequestConcurrency":80,"availableCpu":"1"},"state":"ACTIVE","labels":{"deployment-tool":"cli-firebase","firebase-functions-hash":"e4bc23d79e2bfde92aeded2a1577d5579e9c4023"},"environment":"GEN_2","url":"https://us-central1-acaraje-da-bencao.cloudfunctions.net/criarPagamento","satisfiesPzi":true},"stages":[{"name":"BUILD","message":"Build in progress","state":"IN_PROGRESS","resource":"projects/39673030784/locations/us-central1/builds/830db484-cb41-4eff-9aba-b4ffdf75488c","resourceUri":"https://console.cloud.google.com/cloud-build/builds;region=us-central1/830db484-cb41-4eff-9aba-b4ffdf75488c?project=39673030784"},{"name":"SERVICE","state":"NOT_STARTED"}],"operationType":"UPDATE_FUNCTION","buildName":"projects/39673030784/locations/us-central1/builds/830db484-cb41-4eff-9aba-b4ffdf75488c"},"done":false}
[debug] [2026-08-28T16:27:26.072Z] [update-default-us-central1-criarPagamento] Retrying task index 0
[debug] [2026-08-28T16:27:26.073Z] Checked if tokens are valid: true, expires at: 1787937781267
[debug] [2026-08-28T16:27:26.073Z] Checked if tokens are valid: true, expires at: 1787937781267
[debug] [2026-08-28T16:27:26.074Z] >>> [apiv2][query] GET https://cloudfunctions.googleapis.com/v2/projects/acaraje-da-bencao/locations/us-central1/operations/operation-1787934212704-65a1ddfa1480f-b7fb9e6b-a370d649 [none]
[debug] [2026-08-28T16:27:26.614Z] <<< [apiv2][status] GET https://cloudfunctions.googleapis.com/v2/projects/acaraje-da-bencao/locations/us-central1/operations/operation-1787934212704-65a1ddfa1480f-b7fb9e6b-a370d649 200
[debug] [2026-08-28T16:27:26.615Z] <<< [apiv2][body] GET https://cloudfunctions.googleapis.com/v2/projects/acaraje-da-bencao/locations/us-central1/operations/operation-1787934212704-65a1ddfa1480f-b7fb9e6b-a370d649 {"name":"projects/acaraje-da-bencao/locations/us-central1/operations/operation-1787934212704-65a1ddfa1480f-b7fb9e6b-a370d649","metadata":{"@type":"type.googleapis.com/google.cloud.functions.v2.OperationMetadata","createTime":"2026-08-28T16:23:33.867389084Z","target":"projects/acaraje-da-bencao/locations/us-central1/functions/criarPagamento","verb":"update","cancelRequested":false,"apiVersion":"v2","requestResource":{"@type":"type.googleapis.com/google.cloud.functions.v2.Function","name":"projects/acaraje-da-bencao/locations/us-central1/functions/criarPagamento","buildConfig":{"runtime":"nodejs24","entryPoint":"criarPagamento","source":{"storageSource":{"bucket":"gcf-v2-sources-39673030784-us-central1","object":"criarPagamento/function-source.zip","generation":"1787934213801514"}},"environmentVariables":{"GOOGLE_NODE_RUN_SCRIPTS":""},"dockerRepository":"projects/acaraje-da-bencao/locations/us-central1/repositories/gcf-artifacts","sourceProvenance":{"resolvedStorageSource":{"bucket":"gcf-v2-sources-39673030784-us-central1","object":"criarPagamento/function-source.zip","generation":"1787924511941293"}},"dockerRegistry":"ARTIFACT_REGISTRY","serviceAccount":"projects/acaraje-da-bencao/serviceAccounts/39673030784-compute@developer.gserviceaccount.com","automaticUpdatePolicy":{}},"serviceConfig":{"service":"projects/acaraje-da-bencao/locations/us-central1/services/criarpagamento","timeoutSeconds":60,"environmentVariables":{"FIREBASE_CONFIG":"{\"projectId\":\"acaraje-da-bencao\",\"storageBucket\":\"acaraje-da-bencao.firebasestorage.app\"}","GCLOUD_PROJECT":"acaraje-da-bencao","EVENTARC_CLOUD_EVENT_SOURCE":"projects/acaraje-da-bencao/locations/us-central1/services/criarPagamento","FUNCTION_REGION":"us-central1","FUNCTION_TARGET":"criarPagamento","LOG_EXECUTION_ID":"true"},"ingressSettings":"ALLOW_ALL","uri":"https://criarpagamento-2mfyfptukq-uc.a.run.app","serviceAccountEmail":"39673030784-compute@developer.gserviceaccount.com","availableMemory":"256Mi","allTrafficOnLatestRevision":true,"secretEnvironmentVariables":[{"key":"MP_ACCESS_TOKEN","projectId":"acaraje-da-bencao","secret":"MP_ACCESS_TOKEN","version":"1"}],"revision":"criarpagamento-00008-vab","maxInstanceRequestConcurrency":80,"availableCpu":"1"},"state":"ACTIVE","labels":{"deployment-tool":"cli-firebase","firebase-functions-hash":"e4bc23d79e2bfde92aeded2a1577d5579e9c4023"},"environment":"GEN_2","url":"https://us-central1-acaraje-da-bencao.cloudfunctions.net/criarPagamento","satisfiesPzi":true},"stages":[{"name":"BUILD","message":"Build in progress","state":"IN_PROGRESS","resource":"projects/39673030784/locations/us-central1/builds/830db484-cb41-4eff-9aba-b4ffdf75488c","resourceUri":"https://console.cloud.google.com/cloud-build/builds;region=us-central1/830db484-cb41-4eff-9aba-b4ffdf75488c?project=39673030784"},{"name":"SERVICE","state":"NOT_STARTED"}],"operationType":"UPDATE_FUNCTION","buildName":"projects/39673030784/locations/us-central1/builds/830db484-cb41-4eff-9aba-b4ffdf75488c"},"done":false}
[debug] [2026-08-28T16:27:36.628Z] [update-default-us-central1-criarPagamento] Retrying task index 0
[debug] [2026-08-28T16:27:36.629Z] Checked if tokens are valid: true, expires at: 1787937781267
[debug] [2026-08-28T16:27:36.630Z] Checked if tokens are valid: true, expires at: 1787937781267
[debug] [2026-08-28T16:27:36.631Z] >>> [apiv2][query] GET https://cloudfunctions.googleapis.com/v2/projects/acaraje-da-bencao/locations/us-central1/operations/operation-1787934212704-65a1ddfa1480f-b7fb9e6b-a370d649 [none]
[debug] [2026-08-28T16:27:49.685Z] <<< [apiv2][status] GET https://cloudfunctions.googleapis.com/v2/projects/acaraje-da-bencao/locations/us-central1/operations/operation-1787934212704-65a1ddfa1480f-b7fb9e6b-a370d649 200
[debug] [2026-08-28T16:27:49.686Z] <<< [apiv2][body] GET https://cloudfunctions.googleapis.com/v2/projects/acaraje-da-bencao/locations/us-central1/operations/operation-1787934212704-65a1ddfa1480f-b7fb9e6b-a370d649 {"name":"projects/acaraje-da-bencao/locations/us-central1/operations/operation-1787934212704-65a1ddfa1480f-b7fb9e6b-a370d649","metadata":{"@type":"type.googleapis.com/google.cloud.functions.v2.OperationMetadata","createTime":"2026-08-28T16:23:33.867389084Z","target":"projects/acaraje-da-bencao/locations/us-central1/functions/criarPagamento","verb":"update","cancelRequested":false,"apiVersion":"v2","requestResource":{"@type":"type.googleapis.com/google.cloud.functions.v2.Function","name":"projects/acaraje-da-bencao/locations/us-central1/functions/criarPagamento","buildConfig":{"runtime":"nodejs24","entryPoint":"criarPagamento","source":{"storageSource":{"bucket":"gcf-v2-sources-39673030784-us-central1","object":"criarPagamento/function-source.zip","generation":"1787934213801514"}},"environmentVariables":{"GOOGLE_NODE_RUN_SCRIPTS":""},"dockerRepository":"projects/acaraje-da-bencao/locations/us-central1/repositories/gcf-artifacts","sourceProvenance":{"resolvedStorageSource":{"bucket":"gcf-v2-sources-39673030784-us-central1","object":"criarPagamento/function-source.zip","generation":"1787924511941293"}},"dockerRegistry":"ARTIFACT_REGISTRY","serviceAccount":"projects/acaraje-da-bencao/serviceAccounts/39673030784-compute@developer.gserviceaccount.com","automaticUpdatePolicy":{}},"serviceConfig":{"service":"projects/acaraje-da-bencao/locations/us-central1/services/criarpagamento","timeoutSeconds":60,"environmentVariables":{"FIREBASE_CONFIG":"{\"projectId\":\"acaraje-da-bencao\",\"storageBucket\":\"acaraje-da-bencao.firebasestorage.app\"}","GCLOUD_PROJECT":"acaraje-da-bencao","EVENTARC_CLOUD_EVENT_SOURCE":"projects/acaraje-da-bencao/locations/us-central1/services/criarPagamento","FUNCTION_REGION":"us-central1","FUNCTION_TARGET":"criarPagamento","LOG_EXECUTION_ID":"true"},"ingressSettings":"ALLOW_ALL","uri":"https://criarpagamento-2mfyfptukq-uc.a.run.app","serviceAccountEmail":"39673030784-compute@developer.gserviceaccount.com","availableMemory":"256Mi","allTrafficOnLatestRevision":true,"secretEnvironmentVariables":[{"key":"MP_ACCESS_TOKEN","projectId":"acaraje-da-bencao","secret":"MP_ACCESS_TOKEN","version":"1"}],"revision":"criarpagamento-00008-vab","maxInstanceRequestConcurrency":80,"availableCpu":"1"},"state":"ACTIVE","labels":{"deployment-tool":"cli-firebase","firebase-functions-hash":"e4bc23d79e2bfde92aeded2a1577d5579e9c4023"},"environment":"GEN_2","url":"https://us-central1-acaraje-da-bencao.cloudfunctions.net/criarPagamento","satisfiesPzi":true},"stages":[{"name":"BUILD","message":"Build in progress","state":"IN_PROGRESS","resource":"projects/39673030784/locations/us-central1/builds/830db484-cb41-4eff-9aba-b4ffdf75488c","resourceUri":"https://console.cloud.google.com/cloud-build/builds;region=us-central1/830db484-cb41-4eff-9aba-b4ffdf75488c?project=39673030784"},{"name":"SERVICE","state":"NOT_STARTED"}],"operationType":"UPDATE_FUNCTION","buildName":"projects/39673030784/locations/us-central1/builds/830db484-cb41-4eff-9aba-b4ffdf75488c"},"done":false}
[debug] [2026-08-28T16:27:59.692Z] [update-default-us-central1-criarPagamento] Retrying task index 0
[debug] [2026-08-28T16:27:59.693Z] Checked if tokens are valid: true, expires at: 1787937781267
[debug] [2026-08-28T16:27:59.694Z] Checked if tokens are valid: true, expires at: 1787937781267
[debug] [2026-08-28T16:27:59.694Z] >>> [apiv2][query] GET https://cloudfunctions.googleapis.com/v2/projects/acaraje-da-bencao/locations/us-central1/operations/operation-1787934212704-65a1ddfa1480f-b7fb9e6b-a370d649 [none]
[debug] [2026-08-28T16:28:01.014Z] <<< [apiv2][status] GET https://cloudfunctions.googleapis.com/v2/projects/acaraje-da-bencao/locations/us-central1/operations/operation-1787934212704-65a1ddfa1480f-b7fb9e6b-a370d649 200
[debug] [2026-08-28T16:28:01.014Z] <<< [apiv2][body] GET https://cloudfunctions.googleapis.com/v2/projects/acaraje-da-bencao/locations/us-central1/operations/operation-1787934212704-65a1ddfa1480f-b7fb9e6b-a370d649 {"name":"projects/acaraje-da-bencao/locations/us-central1/operations/operation-1787934212704-65a1ddfa1480f-b7fb9e6b-a370d649","metadata":{"@type":"type.googleapis.com/google.cloud.functions.v2.OperationMetadata","createTime":"2026-08-28T16:23:33.867389084Z","target":"projects/acaraje-da-bencao/locations/us-central1/functions/criarPagamento","verb":"update","cancelRequested":false,"apiVersion":"v2","requestResource":{"@type":"type.googleapis.com/google.cloud.functions.v2.Function","name":"projects/acaraje-da-bencao/locations/us-central1/functions/criarPagamento","buildConfig":{"runtime":"nodejs24","entryPoint":"criarPagamento","source":{"storageSource":{"bucket":"gcf-v2-sources-39673030784-us-central1","object":"criarPagamento/function-source.zip","generation":"1787934213801514"}},"environmentVariables":{"GOOGLE_NODE_RUN_SCRIPTS":""},"dockerRepository":"projects/acaraje-da-bencao/locations/us-central1/repositories/gcf-artifacts","sourceProvenance":{"resolvedStorageSource":{"bucket":"gcf-v2-sources-39673030784-us-central1","object":"criarPagamento/function-source.zip","generation":"1787924511941293"}},"dockerRegistry":"ARTIFACT_REGISTRY","serviceAccount":"projects/acaraje-da-bencao/serviceAccounts/39673030784-compute@developer.gserviceaccount.com","automaticUpdatePolicy":{}},"serviceConfig":{"service":"projects/acaraje-da-bencao/locations/us-central1/services/criarpagamento","timeoutSeconds":60,"environmentVariables":{"FIREBASE_CONFIG":"{\"projectId\":\"acaraje-da-bencao\",\"storageBucket\":\"acaraje-da-bencao.firebasestorage.app\"}","GCLOUD_PROJECT":"acaraje-da-bencao","EVENTARC_CLOUD_EVENT_SOURCE":"projects/acaraje-da-bencao/locations/us-central1/services/criarPagamento","FUNCTION_REGION":"us-central1","FUNCTION_TARGET":"criarPagamento","LOG_EXECUTION_ID":"true"},"ingressSettings":"ALLOW_ALL","uri":"https://criarpagamento-2mfyfptukq-uc.a.run.app","serviceAccountEmail":"39673030784-compute@developer.gserviceaccount.com","availableMemory":"256Mi","allTrafficOnLatestRevision":true,"secretEnvironmentVariables":[{"key":"MP_ACCESS_TOKEN","projectId":"acaraje-da-bencao","secret":"MP_ACCESS_TOKEN","version":"1"}],"revision":"criarpagamento-00008-vab","maxInstanceRequestConcurrency":80,"availableCpu":"1"},"state":"ACTIVE","labels":{"deployment-tool":"cli-firebase","firebase-functions-hash":"e4bc23d79e2bfde92aeded2a1577d5579e9c4023"},"environment":"GEN_2","url":"https://us-central1-acaraje-da-bencao.cloudfunctions.net/criarPagamento","satisfiesPzi":true},"stages":[{"name":"BUILD","message":"Build in progress","state":"IN_PROGRESS","resource":"projects/39673030784/locations/us-central1/builds/830db484-cb41-4eff-9aba-b4ffdf75488c","resourceUri":"https://console.cloud.google.com/cloud-build/builds;region=us-central1/830db484-cb41-4eff-9aba-b4ffdf75488c?project=39673030784"},{"name":"SERVICE","state":"NOT_STARTED"}],"operationType":"UPDATE_FUNCTION","buildName":"projects/39673030784/locations/us-central1/builds/830db484-cb41-4eff-9aba-b4ffdf75488c"},"done":false}
[debug] [2026-08-28T16:28:11.015Z] [update-default-us-central1-criarPagamento] Retrying task index 0
[debug] [2026-08-28T16:28:11.016Z] Checked if tokens are valid: true, expires at: 1787937781267
[debug] [2026-08-28T16:28:11.016Z] Checked if tokens are valid: true, expires at: 1787937781267
[debug] [2026-08-28T16:28:11.016Z] >>> [apiv2][query] GET https://cloudfunctions.googleapis.com/v2/projects/acaraje-da-bencao/locations/us-central1/operations/operation-1787934212704-65a1ddfa1480f-b7fb9e6b-a370d649 [none]
[debug] [2026-08-28T16:28:12.170Z] <<< [apiv2][status] GET https://cloudfunctions.googleapis.com/v2/projects/acaraje-da-bencao/locations/us-central1/operations/operation-1787934212704-65a1ddfa1480f-b7fb9e6b-a370d649 200
[debug] [2026-08-28T16:28:12.170Z] <<< [apiv2][body] GET https://cloudfunctions.googleapis.com/v2/projects/acaraje-da-bencao/locations/us-central1/operations/operation-1787934212704-65a1ddfa1480f-b7fb9e6b-a370d649 {"name":"projects/acaraje-da-bencao/locations/us-central1/operations/operation-1787934212704-65a1ddfa1480f-b7fb9e6b-a370d649","metadata":{"@type":"type.googleapis.com/google.cloud.functions.v2.OperationMetadata","createTime":"2026-08-28T16:23:33.867389084Z","target":"projects/acaraje-da-bencao/locations/us-central1/functions/criarPagamento","verb":"update","cancelRequested":false,"apiVersion":"v2","requestResource":{"@type":"type.googleapis.com/google.cloud.functions.v2.Function","name":"projects/acaraje-da-bencao/locations/us-central1/functions/criarPagamento","buildConfig":{"runtime":"nodejs24","entryPoint":"criarPagamento","source":{"storageSource":{"bucket":"gcf-v2-sources-39673030784-us-central1","object":"criarPagamento/function-source.zip","generation":"1787934213801514"}},"environmentVariables":{"GOOGLE_NODE_RUN_SCRIPTS":""},"dockerRepository":"projects/acaraje-da-bencao/locations/us-central1/repositories/gcf-artifacts","sourceProvenance":{"resolvedStorageSource":{"bucket":"gcf-v2-sources-39673030784-us-central1","object":"criarPagamento/function-source.zip","generation":"1787924511941293"}},"dockerRegistry":"ARTIFACT_REGISTRY","serviceAccount":"projects/acaraje-da-bencao/serviceAccounts/39673030784-compute@developer.gserviceaccount.com","automaticUpdatePolicy":{}},"serviceConfig":{"service":"projects/acaraje-da-bencao/locations/us-central1/services/criarpagamento","timeoutSeconds":60,"environmentVariables":{"FIREBASE_CONFIG":"{\"projectId\":\"acaraje-da-bencao\",\"storageBucket\":\"acaraje-da-bencao.firebasestorage.app\"}","GCLOUD_PROJECT":"acaraje-da-bencao","EVENTARC_CLOUD_EVENT_SOURCE":"projects/acaraje-da-bencao/locations/us-central1/services/criarPagamento","FUNCTION_REGION":"us-central1","FUNCTION_TARGET":"criarPagamento","LOG_EXECUTION_ID":"true"},"ingressSettings":"ALLOW_ALL","uri":"https://criarpagamento-2mfyfptukq-uc.a.run.app","serviceAccountEmail":"39673030784-compute@developer.gserviceaccount.com","availableMemory":"256Mi","allTrafficOnLatestRevision":true,"secretEnvironmentVariables":[{"key":"MP_ACCESS_TOKEN","projectId":"acaraje-da-bencao","secret":"MP_ACCESS_TOKEN","version":"1"}],"revision":"criarpagamento-00008-vab","maxInstanceRequestConcurrency":80,"availableCpu":"1"},"state":"ACTIVE","labels":{"deployment-tool":"cli-firebase","firebase-functions-hash":"e4bc23d79e2bfde92aeded2a1577d5579e9c4023"},"environment":"GEN_2","url":"https://us-central1-acaraje-da-bencao.cloudfunctions.net/criarPagamento","satisfiesPzi":true},"stages":[{"name":"BUILD","message":"Build in progress","state":"IN_PROGRESS","resource":"projects/39673030784/locations/us-central1/builds/830db484-cb41-4eff-9aba-b4ffdf75488c","resourceUri":"https://console.cloud.google.com/cloud-build/builds;region=us-central1/830db484-cb41-4eff-9aba-b4ffdf75488c?project=39673030784"},{"name":"SERVICE","state":"NOT_STARTED"}],"operationType":"UPDATE_FUNCTION","buildName":"projects/39673030784/locations/us-central1/builds/830db484-cb41-4eff-9aba-b4ffdf75488c"},"done":false}
[debug] [2026-08-28T16:28:22.180Z] [update-default-us-central1-criarPagamento] Retrying task index 0
[debug] [2026-08-28T16:28:22.181Z] Checked if tokens are valid: true, expires at: 1787937781267
[debug] [2026-08-28T16:28:22.181Z] Checked if tokens are valid: true, expires at: 1787937781267
[debug] [2026-08-28T16:28:22.181Z] >>> [apiv2][query] GET https://cloudfunctions.googleapis.com/v2/projects/acaraje-da-bencao/locations/us-central1/operations/operation-1787934212704-65a1ddfa1480f-b7fb9e6b-a370d649 [none]
[debug] [2026-08-28T16:28:23.787Z] <<< [apiv2][status] GET https://cloudfunctions.googleapis.com/v2/projects/acaraje-da-bencao/locations/us-central1/operations/operation-1787934212704-65a1ddfa1480f-b7fb9e6b-a370d649 200
[debug] [2026-08-28T16:28:23.787Z] <<< [apiv2][body] GET https://cloudfunctions.googleapis.com/v2/projects/acaraje-da-bencao/locations/us-central1/operations/operation-1787934212704-65a1ddfa1480f-b7fb9e6b-a370d649 {"name":"projects/acaraje-da-bencao/locations/us-central1/operations/operation-1787934212704-65a1ddfa1480f-b7fb9e6b-a370d649","metadata":{"@type":"type.googleapis.com/google.cloud.functions.v2.OperationMetadata","createTime":"2026-08-28T16:23:33.867389084Z","target":"projects/acaraje-da-bencao/locations/us-central1/functions/criarPagamento","verb":"update","cancelRequested":false,"apiVersion":"v2","requestResource":{"@type":"type.googleapis.com/google.cloud.functions.v2.Function","name":"projects/acaraje-da-bencao/locations/us-central1/functions/criarPagamento","buildConfig":{"runtime":"nodejs24","entryPoint":"criarPagamento","source":{"storageSource":{"bucket":"gcf-v2-sources-39673030784-us-central1","object":"criarPagamento/function-source.zip","generation":"1787934213801514"}},"environmentVariables":{"GOOGLE_NODE_RUN_SCRIPTS":""},"dockerRepository":"projects/acaraje-da-bencao/locations/us-central1/repositories/gcf-artifacts","sourceProvenance":{"resolvedStorageSource":{"bucket":"gcf-v2-sources-39673030784-us-central1","object":"criarPagamento/function-source.zip","generation":"1787924511941293"}},"dockerRegistry":"ARTIFACT_REGISTRY","serviceAccount":"projects/acaraje-da-bencao/serviceAccounts/39673030784-compute@developer.gserviceaccount.com","automaticUpdatePolicy":{}},"serviceConfig":{"service":"projects/acaraje-da-bencao/locations/us-central1/services/criarpagamento","timeoutSeconds":60,"environmentVariables":{"FIREBASE_CONFIG":"{\"projectId\":\"acaraje-da-bencao\",\"storageBucket\":\"acaraje-da-bencao.firebasestorage.app\"}","GCLOUD_PROJECT":"acaraje-da-bencao","EVENTARC_CLOUD_EVENT_SOURCE":"projects/acaraje-da-bencao/locations/us-central1/services/criarPagamento","FUNCTION_REGION":"us-central1","FUNCTION_TARGET":"criarPagamento","LOG_EXECUTION_ID":"true"},"ingressSettings":"ALLOW_ALL","uri":"https://criarpagamento-2mfyfptukq-uc.a.run.app","serviceAccountEmail":"39673030784-compute@developer.gserviceaccount.com","availableMemory":"256Mi","allTrafficOnLatestRevision":true,"secretEnvironmentVariables":[{"key":"MP_ACCESS_TOKEN","projectId":"acaraje-da-bencao","secret":"MP_ACCESS_TOKEN","version":"1"}],"revision":"criarpagamento-00008-vab","maxInstanceRequestConcurrency":80,"availableCpu":"1"},"state":"ACTIVE","labels":{"deployment-tool":"cli-firebase","firebase-functions-hash":"e4bc23d79e2bfde92aeded2a1577d5579e9c4023"},"environment":"GEN_2","url":"https://us-central1-acaraje-da-bencao.cloudfunctions.net/criarPagamento","satisfiesPzi":true},"stages":[{"name":"BUILD","message":"Build in progress","state":"IN_PROGRESS","resource":"projects/39673030784/locations/us-central1/builds/830db484-cb41-4eff-9aba-b4ffdf75488c","resourceUri":"https://console.cloud.google.com/cloud-build/builds;region=us-central1/830db484-cb41-4eff-9aba-b4ffdf75488c?project=39673030784"},{"name":"SERVICE","state":"NOT_STARTED"}],"operationType":"UPDATE_FUNCTION","buildName":"projects/39673030784/locations/us-central1/builds/830db484-cb41-4eff-9aba-b4ffdf75488c"},"done":false}
[debug] [2026-08-28T16:28:33.792Z] [update-default-us-central1-criarPagamento] Retrying task index 0
[debug] [2026-08-28T16:28:33.793Z] Checked if tokens are valid: true, expires at: 1787937781267
[debug] [2026-08-28T16:28:33.793Z] Checked if tokens are valid: true, expires at: 1787937781267
[debug] [2026-08-28T16:28:33.793Z] >>> [apiv2][query] GET https://cloudfunctions.googleapis.com/v2/projects/acaraje-da-bencao/locations/us-central1/operations/operation-1787934212704-65a1ddfa1480f-b7fb9e6b-a370d649 [none]
[debug] [2026-08-28T16:28:35.321Z] <<< [apiv2][status] GET https://cloudfunctions.googleapis.com/v2/projects/acaraje-da-bencao/locations/us-central1/operations/operation-1787934212704-65a1ddfa1480f-b7fb9e6b-a370d649 200
[debug] [2026-08-28T16:28:35.321Z] <<< [apiv2][body] GET https://cloudfunctions.googleapis.com/v2/projects/acaraje-da-bencao/locations/us-central1/operations/operation-1787934212704-65a1ddfa1480f-b7fb9e6b-a370d649 {"name":"projects/acaraje-da-bencao/locations/us-central1/operations/operation-1787934212704-65a1ddfa1480f-b7fb9e6b-a370d649","metadata":{"@type":"type.googleapis.com/google.cloud.functions.v2.OperationMetadata","createTime":"2026-08-28T16:23:33.867389084Z","target":"projects/acaraje-da-bencao/locations/us-central1/functions/criarPagamento","verb":"update","cancelRequested":false,"apiVersion":"v2","requestResource":{"@type":"type.googleapis.com/google.cloud.functions.v2.Function","name":"projects/acaraje-da-bencao/locations/us-central1/functions/criarPagamento","buildConfig":{"runtime":"nodejs24","entryPoint":"criarPagamento","source":{"storageSource":{"bucket":"gcf-v2-sources-39673030784-us-central1","object":"criarPagamento/function-source.zip","generation":"1787934213801514"}},"environmentVariables":{"GOOGLE_NODE_RUN_SCRIPTS":""},"dockerRepository":"projects/acaraje-da-bencao/locations/us-central1/repositories/gcf-artifacts","sourceProvenance":{"resolvedStorageSource":{"bucket":"gcf-v2-sources-39673030784-us-central1","object":"criarPagamento/function-source.zip","generation":"1787924511941293"}},"dockerRegistry":"ARTIFACT_REGISTRY","serviceAccount":"projects/acaraje-da-bencao/serviceAccounts/39673030784-compute@developer.gserviceaccount.com","automaticUpdatePolicy":{}},"serviceConfig":{"service":"projects/acaraje-da-bencao/locations/us-central1/services/criarpagamento","timeoutSeconds":60,"environmentVariables":{"FIREBASE_CONFIG":"{\"projectId\":\"acaraje-da-bencao\",\"storageBucket\":\"acaraje-da-bencao.firebasestorage.app\"}","GCLOUD_PROJECT":"acaraje-da-bencao","EVENTARC_CLOUD_EVENT_SOURCE":"projects/acaraje-da-bencao/locations/us-central1/services/criarPagamento","FUNCTION_REGION":"us-central1","FUNCTION_TARGET":"criarPagamento","LOG_EXECUTION_ID":"true"},"ingressSettings":"ALLOW_ALL","uri":"https://criarpagamento-2mfyfptukq-uc.a.run.app","serviceAccountEmail":"39673030784-compute@developer.gserviceaccount.com","availableMemory":"256Mi","allTrafficOnLatestRevision":true,"secretEnvironmentVariables":[{"key":"MP_ACCESS_TOKEN","projectId":"acaraje-da-bencao","secret":"MP_ACCESS_TOKEN","version":"1"}],"revision":"criarpagamento-00008-vab","maxInstanceRequestConcurrency":80,"availableCpu":"1"},"state":"ACTIVE","labels":{"deployment-tool":"cli-firebase","firebase-functions-hash":"e4bc23d79e2bfde92aeded2a1577d5579e9c4023"},"environment":"GEN_2","url":"https://us-central1-acaraje-da-bencao.cloudfunctions.net/criarPagamento","satisfiesPzi":true},"stages":[{"name":"BUILD","message":"Build in progress","state":"IN_PROGRESS","resource":"projects/39673030784/locations/us-central1/builds/830db484-cb41-4eff-9aba-b4ffdf75488c","resourceUri":"https://console.cloud.google.com/cloud-build/builds;region=us-central1/830db484-cb41-4eff-9aba-b4ffdf75488c?project=39673030784"},{"name":"SERVICE","state":"NOT_STARTED"}],"operationType":"UPDATE_FUNCTION","buildName":"projects/39673030784/locations/us-central1/builds/830db484-cb41-4eff-9aba-b4ffdf75488c"},"done":false}
[debug] [2026-08-28T16:28:45.329Z] [update-default-us-central1-criarPagamento] Retrying task index 0
[debug] [2026-08-28T16:28:45.329Z] Checked if tokens are valid: true, expires at: 1787937781267
[debug] [2026-08-28T16:28:45.329Z] Checked if tokens are valid: true, expires at: 1787937781267
[debug] [2026-08-28T16:28:45.330Z] >>> [apiv2][query] GET https://cloudfunctions.googleapis.com/v2/projects/acaraje-da-bencao/locations/us-central1/operations/operation-1787934212704-65a1ddfa1480f-b7fb9e6b-a370d649 [none]
[debug] [2026-08-28T16:28:46.743Z] <<< [apiv2][status] GET https://cloudfunctions.googleapis.com/v2/projects/acaraje-da-bencao/locations/us-central1/operations/operation-1787934212704-65a1ddfa1480f-b7fb9e6b-a370d649 200
[debug] [2026-08-28T16:28:46.743Z] <<< [apiv2][body] GET https://cloudfunctions.googleapis.com/v2/projects/acaraje-da-bencao/locations/us-central1/operations/operation-1787934212704-65a1ddfa1480f-b7fb9e6b-a370d649 {"name":"projects/acaraje-da-bencao/locations/us-central1/operations/operation-1787934212704-65a1ddfa1480f-b7fb9e6b-a370d649","metadata":{"@type":"type.googleapis.com/google.cloud.functions.v2.OperationMetadata","createTime":"2026-08-28T16:23:33.867389084Z","target":"projects/acaraje-da-bencao/locations/us-central1/functions/criarPagamento","verb":"update","cancelRequested":false,"apiVersion":"v2","requestResource":{"@type":"type.googleapis.com/google.cloud.functions.v2.Function","name":"projects/acaraje-da-bencao/locations/us-central1/functions/criarPagamento","buildConfig":{"runtime":"nodejs24","entryPoint":"criarPagamento","source":{"storageSource":{"bucket":"gcf-v2-sources-39673030784-us-central1","object":"criarPagamento/function-source.zip","generation":"1787934213801514"}},"environmentVariables":{"GOOGLE_NODE_RUN_SCRIPTS":""},"dockerRepository":"projects/acaraje-da-bencao/locations/us-central1/repositories/gcf-artifacts","sourceProvenance":{"resolvedStorageSource":{"bucket":"gcf-v2-sources-39673030784-us-central1","object":"criarPagamento/function-source.zip","generation":"1787924511941293"}},"dockerRegistry":"ARTIFACT_REGISTRY","serviceAccount":"projects/acaraje-da-bencao/serviceAccounts/39673030784-compute@developer.gserviceaccount.com","automaticUpdatePolicy":{}},"serviceConfig":{"service":"projects/acaraje-da-bencao/locations/us-central1/services/criarpagamento","timeoutSeconds":60,"environmentVariables":{"FIREBASE_CONFIG":"{\"projectId\":\"acaraje-da-bencao\",\"storageBucket\":\"acaraje-da-bencao.firebasestorage.app\"}","GCLOUD_PROJECT":"acaraje-da-bencao","EVENTARC_CLOUD_EVENT_SOURCE":"projects/acaraje-da-bencao/locations/us-central1/services/criarPagamento","FUNCTION_REGION":"us-central1","FUNCTION_TARGET":"criarPagamento","LOG_EXECUTION_ID":"true"},"ingressSettings":"ALLOW_ALL","uri":"https://criarpagamento-2mfyfptukq-uc.a.run.app","serviceAccountEmail":"39673030784-compute@developer.gserviceaccount.com","availableMemory":"256Mi","allTrafficOnLatestRevision":true,"secretEnvironmentVariables":[{"key":"MP_ACCESS_TOKEN","projectId":"acaraje-da-bencao","secret":"MP_ACCESS_TOKEN","version":"1"}],"revision":"criarpagamento-00008-vab","maxInstanceRequestConcurrency":80,"availableCpu":"1"},"state":"ACTIVE","labels":{"deployment-tool":"cli-firebase","firebase-functions-hash":"e4bc23d79e2bfde92aeded2a1577d5579e9c4023"},"environment":"GEN_2","url":"https://us-central1-acaraje-da-bencao.cloudfunctions.net/criarPagamento","satisfiesPzi":true},"stages":[{"name":"BUILD","message":"Build in progress","state":"IN_PROGRESS","resource":"projects/39673030784/locations/us-central1/builds/830db484-cb41-4eff-9aba-b4ffdf75488c","resourceUri":"https://console.cloud.google.com/cloud-build/builds;region=us-central1/830db484-cb41-4eff-9aba-b4ffdf75488c?project=39673030784"},{"name":"SERVICE","state":"NOT_STARTED"}],"operationType":"UPDATE_FUNCTION","buildName":"projects/39673030784/locations/us-central1/builds/830db484-cb41-4eff-9aba-b4ffdf75488c"},"done":false}
[debug] [2026-08-28T16:28:56.746Z] [update-default-us-central1-criarPagamento] Retrying task index 0
[debug] [2026-08-28T16:28:56.747Z] Checked if tokens are valid: true, expires at: 1787937781267
[debug] [2026-08-28T16:28:56.747Z] Checked if tokens are valid: true, expires at: 1787937781267
[debug] [2026-08-28T16:28:56.748Z] >>> [apiv2][query] GET https://cloudfunctions.googleapis.com/v2/projects/acaraje-da-bencao/locations/us-central1/operations/operation-1787934212704-65a1ddfa1480f-b7fb9e6b-a370d649 [none]
[debug] [2026-08-28T16:28:58.156Z] <<< [apiv2][status] GET https://cloudfunctions.googleapis.com/v2/projects/acaraje-da-bencao/locations/us-central1/operations/operation-1787934212704-65a1ddfa1480f-b7fb9e6b-a370d649 200
[debug] [2026-08-28T16:28:58.156Z] <<< [apiv2][body] GET https://cloudfunctions.googleapis.com/v2/projects/acaraje-da-bencao/locations/us-central1/operations/operation-1787934212704-65a1ddfa1480f-b7fb9e6b-a370d649 {"name":"projects/acaraje-da-bencao/locations/us-central1/operations/operation-1787934212704-65a1ddfa1480f-b7fb9e6b-a370d649","metadata":{"@type":"type.googleapis.com/google.cloud.functions.v2.OperationMetadata","createTime":"2026-08-28T16:23:33.867389084Z","target":"projects/acaraje-da-bencao/locations/us-central1/functions/criarPagamento","verb":"update","cancelRequested":false,"apiVersion":"v2","requestResource":{"@type":"type.googleapis.com/google.cloud.functions.v2.Function","name":"projects/acaraje-da-bencao/locations/us-central1/functions/criarPagamento","buildConfig":{"runtime":"nodejs24","entryPoint":"criarPagamento","source":{"storageSource":{"bucket":"gcf-v2-sources-39673030784-us-central1","object":"criarPagamento/function-source.zip","generation":"1787934213801514"}},"environmentVariables":{"GOOGLE_NODE_RUN_SCRIPTS":""},"dockerRepository":"projects/acaraje-da-bencao/locations/us-central1/repositories/gcf-artifacts","sourceProvenance":{"resolvedStorageSource":{"bucket":"gcf-v2-sources-39673030784-us-central1","object":"criarPagamento/function-source.zip","generation":"1787924511941293"}},"dockerRegistry":"ARTIFACT_REGISTRY","serviceAccount":"projects/acaraje-da-bencao/serviceAccounts/39673030784-compute@developer.gserviceaccount.com","automaticUpdatePolicy":{}},"serviceConfig":{"service":"projects/acaraje-da-bencao/locations/us-central1/services/criarpagamento","timeoutSeconds":60,"environmentVariables":{"FIREBASE_CONFIG":"{\"projectId\":\"acaraje-da-bencao\",\"storageBucket\":\"acaraje-da-bencao.firebasestorage.app\"}","GCLOUD_PROJECT":"acaraje-da-bencao","EVENTARC_CLOUD_EVENT_SOURCE":"projects/acaraje-da-bencao/locations/us-central1/services/criarPagamento","FUNCTION_REGION":"us-central1","FUNCTION_TARGET":"criarPagamento","LOG_EXECUTION_ID":"true"},"ingressSettings":"ALLOW_ALL","uri":"https://criarpagamento-2mfyfptukq-uc.a.run.app","serviceAccountEmail":"39673030784-compute@developer.gserviceaccount.com","availableMemory":"256Mi","allTrafficOnLatestRevision":true,"secretEnvironmentVariables":[{"key":"MP_ACCESS_TOKEN","projectId":"acaraje-da-bencao","secret":"MP_ACCESS_TOKEN","version":"1"}],"revision":"criarpagamento-00008-vab","maxInstanceRequestConcurrency":80,"availableCpu":"1"},"state":"ACTIVE","labels":{"deployment-tool":"cli-firebase","firebase-functions-hash":"e4bc23d79e2bfde92aeded2a1577d5579e9c4023"},"environment":"GEN_2","url":"https://us-central1-acaraje-da-bencao.cloudfunctions.net/criarPagamento","satisfiesPzi":true},"stages":[{"name":"BUILD","message":"Build in progress","state":"IN_PROGRESS","resource":"projects/39673030784/locations/us-central1/builds/830db484-cb41-4eff-9aba-b4ffdf75488c","resourceUri":"https://console.cloud.google.com/cloud-build/builds;region=us-central1/830db484-cb41-4eff-9aba-b4ffdf75488c?project=39673030784"},{"name":"SERVICE","state":"NOT_STARTED"}],"operationType":"UPDATE_FUNCTION","buildName":"projects/39673030784/locations/us-central1/builds/830db484-cb41-4eff-9aba-b4ffdf75488c"},"done":false}
[debug] [2026-08-28T16:29:08.170Z] [update-default-us-central1-criarPagamento] Retrying task index 0
[debug] [2026-08-28T16:29:08.170Z] Checked if tokens are valid: true, expires at: 1787937781267
[debug] [2026-08-28T16:29:08.171Z] Checked if tokens are valid: true, expires at: 1787937781267
[debug] [2026-08-28T16:29:08.171Z] >>> [apiv2][query] GET https://cloudfunctions.googleapis.com/v2/projects/acaraje-da-bencao/locations/us-central1/operations/operation-1787934212704-65a1ddfa1480f-b7fb9e6b-a370d649 [none]
[debug] [2026-08-28T16:29:09.528Z] <<< [apiv2][status] GET https://cloudfunctions.googleapis.com/v2/projects/acaraje-da-bencao/locations/us-central1/operations/operation-1787934212704-65a1ddfa1480f-b7fb9e6b-a370d649 200
[debug] [2026-08-28T16:29:09.528Z] <<< [apiv2][body] GET https://cloudfunctions.googleapis.com/v2/projects/acaraje-da-bencao/locations/us-central1/operations/operation-1787934212704-65a1ddfa1480f-b7fb9e6b-a370d649 {"name":"projects/acaraje-da-bencao/locations/us-central1/operations/operation-1787934212704-65a1ddfa1480f-b7fb9e6b-a370d649","metadata":{"@type":"type.googleapis.com/google.cloud.functions.v2.OperationMetadata","createTime":"2026-08-28T16:23:33.867389084Z","target":"projects/acaraje-da-bencao/locations/us-central1/functions/criarPagamento","verb":"update","cancelRequested":false,"apiVersion":"v2","requestResource":{"@type":"type.googleapis.com/google.cloud.functions.v2.Function","name":"projects/acaraje-da-bencao/locations/us-central1/functions/criarPagamento","buildConfig":{"runtime":"nodejs24","entryPoint":"criarPagamento","source":{"storageSource":{"bucket":"gcf-v2-sources-39673030784-us-central1","object":"criarPagamento/function-source.zip","generation":"1787934213801514"}},"environmentVariables":{"GOOGLE_NODE_RUN_SCRIPTS":""},"dockerRepository":"projects/acaraje-da-bencao/locations/us-central1/repositories/gcf-artifacts","sourceProvenance":{"resolvedStorageSource":{"bucket":"gcf-v2-sources-39673030784-us-central1","object":"criarPagamento/function-source.zip","generation":"1787924511941293"}},"dockerRegistry":"ARTIFACT_REGISTRY","serviceAccount":"projects/acaraje-da-bencao/serviceAccounts/39673030784-compute@developer.gserviceaccount.com","automaticUpdatePolicy":{}},"serviceConfig":{"service":"projects/acaraje-da-bencao/locations/us-central1/services/criarpagamento","timeoutSeconds":60,"environmentVariables":{"FIREBASE_CONFIG":"{\"projectId\":\"acaraje-da-bencao\",\"storageBucket\":\"acaraje-da-bencao.firebasestorage.app\"}","GCLOUD_PROJECT":"acaraje-da-bencao","EVENTARC_CLOUD_EVENT_SOURCE":"projects/acaraje-da-bencao/locations/us-central1/services/criarPagamento","FUNCTION_REGION":"us-central1","FUNCTION_TARGET":"criarPagamento","LOG_EXECUTION_ID":"true"},"ingressSettings":"ALLOW_ALL","uri":"https://criarpagamento-2mfyfptukq-uc.a.run.app","serviceAccountEmail":"39673030784-compute@developer.gserviceaccount.com","availableMemory":"256Mi","allTrafficOnLatestRevision":true,"secretEnvironmentVariables":[{"key":"MP_ACCESS_TOKEN","projectId":"acaraje-da-bencao","secret":"MP_ACCESS_TOKEN","version":"1"}],"revision":"criarpagamento-00008-vab","maxInstanceRequestConcurrency":80,"availableCpu":"1"},"state":"ACTIVE","labels":{"deployment-tool":"cli-firebase","firebase-functions-hash":"e4bc23d79e2bfde92aeded2a1577d5579e9c4023"},"environment":"GEN_2","url":"https://us-central1-acaraje-da-bencao.cloudfunctions.net/criarPagamento","satisfiesPzi":true},"stages":[{"name":"BUILD","message":"Build in progress","state":"IN_PROGRESS","resource":"projects/39673030784/locations/us-central1/builds/830db484-cb41-4eff-9aba-b4ffdf75488c","resourceUri":"https://console.cloud.google.com/cloud-build/builds;region=us-central1/830db484-cb41-4eff-9aba-b4ffdf75488c?project=39673030784"},{"name":"SERVICE","state":"NOT_STARTED"}],"operationType":"UPDATE_FUNCTION","buildName":"projects/39673030784/locations/us-central1/builds/830db484-cb41-4eff-9aba-b4ffdf75488c"},"done":false}
[debug] [2026-08-28T16:29:19.530Z] [update-default-us-central1-criarPagamento] Retrying task index 0
[debug] [2026-08-28T16:29:19.530Z] Checked if tokens are valid: true, expires at: 1787937781267
[debug] [2026-08-28T16:29:19.530Z] Checked if tokens are valid: true, expires at: 1787937781267
[debug] [2026-08-28T16:29:19.531Z] >>> [apiv2][query] GET https://cloudfunctions.googleapis.com/v2/projects/acaraje-da-bencao/locations/us-central1/operations/operation-1787934212704-65a1ddfa1480f-b7fb9e6b-a370d649 [none]
[debug] [2026-08-28T16:29:21.011Z] <<< [apiv2][status] GET https://cloudfunctions.googleapis.com/v2/projects/acaraje-da-bencao/locations/us-central1/operations/operation-1787934212704-65a1ddfa1480f-b7fb9e6b-a370d649 200
[debug] [2026-08-28T16:29:21.012Z] <<< [apiv2][body] GET https://cloudfunctions.googleapis.com/v2/projects/acaraje-da-bencao/locations/us-central1/operations/operation-1787934212704-65a1ddfa1480f-b7fb9e6b-a370d649 {"name":"projects/acaraje-da-bencao/locations/us-central1/operations/operation-1787934212704-65a1ddfa1480f-b7fb9e6b-a370d649","metadata":{"@type":"type.googleapis.com/google.cloud.functions.v2.OperationMetadata","createTime":"2026-08-28T16:23:33.867389084Z","target":"projects/acaraje-da-bencao/locations/us-central1/functions/criarPagamento","verb":"update","cancelRequested":false,"apiVersion":"v2","requestResource":{"@type":"type.googleapis.com/google.cloud.functions.v2.Function","name":"projects/acaraje-da-bencao/locations/us-central1/functions/criarPagamento","buildConfig":{"runtime":"nodejs24","entryPoint":"criarPagamento","source":{"storageSource":{"bucket":"gcf-v2-sources-39673030784-us-central1","object":"criarPagamento/function-source.zip","generation":"1787934213801514"}},"environmentVariables":{"GOOGLE_NODE_RUN_SCRIPTS":""},"dockerRepository":"projects/acaraje-da-bencao/locations/us-central1/repositories/gcf-artifacts","sourceProvenance":{"resolvedStorageSource":{"bucket":"gcf-v2-sources-39673030784-us-central1","object":"criarPagamento/function-source.zip","generation":"1787924511941293"}},"dockerRegistry":"ARTIFACT_REGISTRY","serviceAccount":"projects/acaraje-da-bencao/serviceAccounts/39673030784-compute@developer.gserviceaccount.com","automaticUpdatePolicy":{}},"serviceConfig":{"service":"projects/acaraje-da-bencao/locations/us-central1/services/criarpagamento","timeoutSeconds":60,"environmentVariables":{"FIREBASE_CONFIG":"{\"projectId\":\"acaraje-da-bencao\",\"storageBucket\":\"acaraje-da-bencao.firebasestorage.app\"}","GCLOUD_PROJECT":"acaraje-da-bencao","EVENTARC_CLOUD_EVENT_SOURCE":"projects/acaraje-da-bencao/locations/us-central1/services/criarPagamento","FUNCTION_REGION":"us-central1","FUNCTION_TARGET":"criarPagamento","LOG_EXECUTION_ID":"true"},"ingressSettings":"ALLOW_ALL","uri":"https://criarpagamento-2mfyfptukq-uc.a.run.app","serviceAccountEmail":"39673030784-compute@developer.gserviceaccount.com","availableMemory":"256Mi","allTrafficOnLatestRevision":true,"secretEnvironmentVariables":[{"key":"MP_ACCESS_TOKEN","projectId":"acaraje-da-bencao","secret":"MP_ACCESS_TOKEN","version":"1"}],"revision":"criarpagamento-00008-vab","maxInstanceRequestConcurrency":80,"availableCpu":"1"},"state":"ACTIVE","labels":{"deployment-tool":"cli-firebase","firebase-functions-hash":"e4bc23d79e2bfde92aeded2a1577d5579e9c4023"},"environment":"GEN_2","url":"https://us-central1-acaraje-da-bencao.cloudfunctions.net/criarPagamento","satisfiesPzi":true},"stages":[{"name":"BUILD","message":"Build in progress","state":"IN_PROGRESS","resource":"projects/39673030784/locations/us-central1/builds/830db484-cb41-4eff-9aba-b4ffdf75488c","resourceUri":"https://console.cloud.google.com/cloud-build/builds;region=us-central1/830db484-cb41-4eff-9aba-b4ffdf75488c?project=39673030784"},{"name":"SERVICE","state":"NOT_STARTED"}],"operationType":"UPDATE_FUNCTION","buildName":"projects/39673030784/locations/us-central1/builds/830db484-cb41-4eff-9aba-b4ffdf75488c"},"done":false}
[debug] [2026-08-28T16:29:31.017Z] [update-default-us-central1-criarPagamento] Retrying task index 0
[debug] [2026-08-28T16:29:31.017Z] Checked if tokens are valid: true, expires at: 1787937781267
[debug] [2026-08-28T16:29:31.018Z] Checked if tokens are valid: true, expires at: 1787937781267
[debug] [2026-08-28T16:29:31.018Z] >>> [apiv2][query] GET https://cloudfunctions.googleapis.com/v2/projects/acaraje-da-bencao/locations/us-central1/operations/operation-1787934212704-65a1ddfa1480f-b7fb9e6b-a370d649 [none]
[debug] [2026-08-28T16:29:32.465Z] <<< [apiv2][status] GET https://cloudfunctions.googleapis.com/v2/projects/acaraje-da-bencao/locations/us-central1/operations/operation-1787934212704-65a1ddfa1480f-b7fb9e6b-a370d649 200
[debug] [2026-08-28T16:29:32.465Z] <<< [apiv2][body] GET https://cloudfunctions.googleapis.com/v2/projects/acaraje-da-bencao/locations/us-central1/operations/operation-1787934212704-65a1ddfa1480f-b7fb9e6b-a370d649 {"name":"projects/acaraje-da-bencao/locations/us-central1/operations/operation-1787934212704-65a1ddfa1480f-b7fb9e6b-a370d649","metadata":{"@type":"type.googleapis.com/google.cloud.functions.v2.OperationMetadata","createTime":"2026-08-28T16:23:33.867389084Z","target":"projects/acaraje-da-bencao/locations/us-central1/functions/criarPagamento","verb":"update","cancelRequested":false,"apiVersion":"v2","requestResource":{"@type":"type.googleapis.com/google.cloud.functions.v2.Function","name":"projects/acaraje-da-bencao/locations/us-central1/functions/criarPagamento","buildConfig":{"runtime":"nodejs24","entryPoint":"criarPagamento","source":{"storageSource":{"bucket":"gcf-v2-sources-39673030784-us-central1","object":"criarPagamento/function-source.zip","generation":"1787934213801514"}},"environmentVariables":{"GOOGLE_NODE_RUN_SCRIPTS":""},"dockerRepository":"projects/acaraje-da-bencao/locations/us-central1/repositories/gcf-artifacts","sourceProvenance":{"resolvedStorageSource":{"bucket":"gcf-v2-sources-39673030784-us-central1","object":"criarPagamento/function-source.zip","generation":"1787924511941293"}},"dockerRegistry":"ARTIFACT_REGISTRY","serviceAccount":"projects/acaraje-da-bencao/serviceAccounts/39673030784-compute@developer.gserviceaccount.com","automaticUpdatePolicy":{}},"serviceConfig":{"service":"projects/acaraje-da-bencao/locations/us-central1/services/criarpagamento","timeoutSeconds":60,"environmentVariables":{"FIREBASE_CONFIG":"{\"projectId\":\"acaraje-da-bencao\",\"storageBucket\":\"acaraje-da-bencao.firebasestorage.app\"}","GCLOUD_PROJECT":"acaraje-da-bencao","EVENTARC_CLOUD_EVENT_SOURCE":"projects/acaraje-da-bencao/locations/us-central1/services/criarPagamento","FUNCTION_REGION":"us-central1","FUNCTION_TARGET":"criarPagamento","LOG_EXECUTION_ID":"true"},"ingressSettings":"ALLOW_ALL","uri":"https://criarpagamento-2mfyfptukq-uc.a.run.app","serviceAccountEmail":"39673030784-compute@developer.gserviceaccount.com","availableMemory":"256Mi","allTrafficOnLatestRevision":true,"secretEnvironmentVariables":[{"key":"MP_ACCESS_TOKEN","projectId":"acaraje-da-bencao","secret":"MP_ACCESS_TOKEN","version":"1"}],"revision":"criarpagamento-00008-vab","maxInstanceRequestConcurrency":80,"availableCpu":"1"},"state":"ACTIVE","labels":{"deployment-tool":"cli-firebase","firebase-functions-hash":"e4bc23d79e2bfde92aeded2a1577d5579e9c4023"},"environment":"GEN_2","url":"https://us-central1-acaraje-da-bencao.cloudfunctions.net/criarPagamento","satisfiesPzi":true},"stages":[{"name":"BUILD","message":"Build in progress","state":"IN_PROGRESS","resource":"projects/39673030784/locations/us-central1/builds/830db484-cb41-4eff-9aba-b4ffdf75488c","resourceUri":"https://console.cloud.google.com/cloud-build/builds;region=us-central1/830db484-cb41-4eff-9aba-b4ffdf75488c?project=39673030784"},{"name":"SERVICE","state":"NOT_STARTED"}],"operationType":"UPDATE_FUNCTION","buildName":"projects/39673030784/locations/us-central1/builds/830db484-cb41-4eff-9aba-b4ffdf75488c"},"done":false}
[debug] [2026-08-28T16:29:42.475Z] [update-default-us-central1-criarPagamento] Retrying task index 0
[debug] [2026-08-28T16:29:42.476Z] Checked if tokens are valid: true, expires at: 1787937781267
[debug] [2026-08-28T16:29:42.476Z] Checked if tokens are valid: true, expires at: 1787937781267
[debug] [2026-08-28T16:29:42.476Z] >>> [apiv2][query] GET https://cloudfunctions.googleapis.com/v2/projects/acaraje-da-bencao/locations/us-central1/operations/operation-1787934212704-65a1ddfa1480f-b7fb9e6b-a370d649 [none]
[debug] [2026-08-28T16:29:43.884Z] <<< [apiv2][status] GET https://cloudfunctions.googleapis.com/v2/projects/acaraje-da-bencao/locations/us-central1/operations/operation-1787934212704-65a1ddfa1480f-b7fb9e6b-a370d649 200
[debug] [2026-08-28T16:29:43.885Z] <<< [apiv2][body] GET https://cloudfunctions.googleapis.com/v2/projects/acaraje-da-bencao/locations/us-central1/operations/operation-1787934212704-65a1ddfa1480f-b7fb9e6b-a370d649 {"name":"projects/acaraje-da-bencao/locations/us-central1/operations/operation-1787934212704-65a1ddfa1480f-b7fb9e6b-a370d649","metadata":{"@type":"type.googleapis.com/google.cloud.functions.v2.OperationMetadata","createTime":"2026-08-28T16:23:33.867389084Z","target":"projects/acaraje-da-bencao/locations/us-central1/functions/criarPagamento","verb":"update","cancelRequested":false,"apiVersion":"v2","requestResource":{"@type":"type.googleapis.com/google.cloud.functions.v2.Function","name":"projects/acaraje-da-bencao/locations/us-central1/functions/criarPagamento","buildConfig":{"runtime":"nodejs24","entryPoint":"criarPagamento","source":{"storageSource":{"bucket":"gcf-v2-sources-39673030784-us-central1","object":"criarPagamento/function-source.zip","generation":"1787934213801514"}},"environmentVariables":{"GOOGLE_NODE_RUN_SCRIPTS":""},"dockerRepository":"projects/acaraje-da-bencao/locations/us-central1/repositories/gcf-artifacts","sourceProvenance":{"resolvedStorageSource":{"bucket":"gcf-v2-sources-39673030784-us-central1","object":"criarPagamento/function-source.zip","generation":"1787924511941293"}},"dockerRegistry":"ARTIFACT_REGISTRY","serviceAccount":"projects/acaraje-da-bencao/serviceAccounts/39673030784-compute@developer.gserviceaccount.com","automaticUpdatePolicy":{}},"serviceConfig":{"service":"projects/acaraje-da-bencao/locations/us-central1/services/criarpagamento","timeoutSeconds":60,"environmentVariables":{"FIREBASE_CONFIG":"{\"projectId\":\"acaraje-da-bencao\",\"storageBucket\":\"acaraje-da-bencao.firebasestorage.app\"}","GCLOUD_PROJECT":"acaraje-da-bencao","EVENTARC_CLOUD_EVENT_SOURCE":"projects/acaraje-da-bencao/locations/us-central1/services/criarPagamento","FUNCTION_REGION":"us-central1","FUNCTION_TARGET":"criarPagamento","LOG_EXECUTION_ID":"true"},"ingressSettings":"ALLOW_ALL","uri":"https://criarpagamento-2mfyfptukq-uc.a.run.app","serviceAccountEmail":"39673030784-compute@developer.gserviceaccount.com","availableMemory":"256Mi","allTrafficOnLatestRevision":true,"secretEnvironmentVariables":[{"key":"MP_ACCESS_TOKEN","projectId":"acaraje-da-bencao","secret":"MP_ACCESS_TOKEN","version":"1"}],"revision":"criarpagamento-00008-vab","maxInstanceRequestConcurrency":80,"availableCpu":"1"},"state":"ACTIVE","labels":{"deployment-tool":"cli-firebase","firebase-functions-hash":"e4bc23d79e2bfde92aeded2a1577d5579e9c4023"},"environment":"GEN_2","url":"https://us-central1-acaraje-da-bencao.cloudfunctions.net/criarPagamento","satisfiesPzi":true},"stages":[{"name":"BUILD","message":"Build in progress","state":"IN_PROGRESS","resource":"projects/39673030784/locations/us-central1/builds/830db484-cb41-4eff-9aba-b4ffdf75488c","resourceUri":"https://console.cloud.google.com/cloud-build/builds;region=us-central1/830db484-cb41-4eff-9aba-b4ffdf75488c?project=39673030784"},{"name":"SERVICE","state":"NOT_STARTED"}],"operationType":"UPDATE_FUNCTION","buildName":"projects/39673030784/locations/us-central1/builds/830db484-cb41-4eff-9aba-b4ffdf75488c"},"done":false}
[debug] [2026-08-28T16:29:53.894Z] [update-default-us-central1-criarPagamento] Retrying task index 0
[debug] [2026-08-28T16:29:53.895Z] Checked if tokens are valid: true, expires at: 1787937781267
[debug] [2026-08-28T16:29:53.895Z] Checked if tokens are valid: true, expires at: 1787937781267
[debug] [2026-08-28T16:29:53.895Z] >>> [apiv2][query] GET https://cloudfunctions.googleapis.com/v2/projects/acaraje-da-bencao/locations/us-central1/operations/operation-1787934212704-65a1ddfa1480f-b7fb9e6b-a370d649 [none]
[debug] [2026-08-28T16:29:55.323Z] <<< [apiv2][status] GET https://cloudfunctions.googleapis.com/v2/projects/acaraje-da-bencao/locations/us-central1/operations/operation-1787934212704-65a1ddfa1480f-b7fb9e6b-a370d649 200
[debug] [2026-08-28T16:29:55.323Z] <<< [apiv2][body] GET https://cloudfunctions.googleapis.com/v2/projects/acaraje-da-bencao/locations/us-central1/operations/operation-1787934212704-65a1ddfa1480f-b7fb9e6b-a370d649 {"name":"projects/acaraje-da-bencao/locations/us-central1/operations/operation-1787934212704-65a1ddfa1480f-b7fb9e6b-a370d649","metadata":{"@type":"type.googleapis.com/google.cloud.functions.v2.OperationMetadata","createTime":"2026-08-28T16:23:33.867389084Z","target":"projects/acaraje-da-bencao/locations/us-central1/functions/criarPagamento","verb":"update","cancelRequested":false,"apiVersion":"v2","requestResource":{"@type":"type.googleapis.com/google.cloud.functions.v2.Function","name":"projects/acaraje-da-bencao/locations/us-central1/functions/criarPagamento","buildConfig":{"runtime":"nodejs24","entryPoint":"criarPagamento","source":{"storageSource":{"bucket":"gcf-v2-sources-39673030784-us-central1","object":"criarPagamento/function-source.zip","generation":"1787934213801514"}},"environmentVariables":{"GOOGLE_NODE_RUN_SCRIPTS":""},"dockerRepository":"projects/acaraje-da-bencao/locations/us-central1/repositories/gcf-artifacts","sourceProvenance":{"resolvedStorageSource":{"bucket":"gcf-v2-sources-39673030784-us-central1","object":"criarPagamento/function-source.zip","generation":"1787924511941293"}},"dockerRegistry":"ARTIFACT_REGISTRY","serviceAccount":"projects/acaraje-da-bencao/serviceAccounts/39673030784-compute@developer.gserviceaccount.com","automaticUpdatePolicy":{}},"serviceConfig":{"service":"projects/acaraje-da-bencao/locations/us-central1/services/criarpagamento","timeoutSeconds":60,"environmentVariables":{"FIREBASE_CONFIG":"{\"projectId\":\"acaraje-da-bencao\",\"storageBucket\":\"acaraje-da-bencao.firebasestorage.app\"}","GCLOUD_PROJECT":"acaraje-da-bencao","EVENTARC_CLOUD_EVENT_SOURCE":"projects/acaraje-da-bencao/locations/us-central1/services/criarPagamento","FUNCTION_REGION":"us-central1","FUNCTION_TARGET":"criarPagamento","LOG_EXECUTION_ID":"true"},"ingressSettings":"ALLOW_ALL","uri":"https://criarpagamento-2mfyfptukq-uc.a.run.app","serviceAccountEmail":"39673030784-compute@developer.gserviceaccount.com","availableMemory":"256Mi","allTrafficOnLatestRevision":true,"secretEnvironmentVariables":[{"key":"MP_ACCESS_TOKEN","projectId":"acaraje-da-bencao","secret":"MP_ACCESS_TOKEN","version":"1"}],"revision":"criarpagamento-00008-vab","maxInstanceRequestConcurrency":80,"availableCpu":"1"},"state":"ACTIVE","labels":{"deployment-tool":"cli-firebase","firebase-functions-hash":"e4bc23d79e2bfde92aeded2a1577d5579e9c4023"},"environment":"GEN_2","url":"https://us-central1-acaraje-da-bencao.cloudfunctions.net/criarPagamento","satisfiesPzi":true},"stages":[{"name":"BUILD","message":"Build in progress","state":"IN_PROGRESS","resource":"projects/39673030784/locations/us-central1/builds/830db484-cb41-4eff-9aba-b4ffdf75488c","resourceUri":"https://console.cloud.google.com/cloud-build/builds;region=us-central1/830db484-cb41-4eff-9aba-b4ffdf75488c?project=39673030784"},{"name":"SERVICE","state":"NOT_STARTED"}],"operationType":"UPDATE_FUNCTION","buildName":"projects/39673030784/locations/us-central1/builds/830db484-cb41-4eff-9aba-b4ffdf75488c"},"done":false}
[debug] [2026-08-28T16:30:05.335Z] [update-default-us-central1-criarPagamento] Retrying task index 0
[debug] [2026-08-28T16:30:05.339Z] Checked if tokens are valid: true, expires at: 1787937781267
[debug] [2026-08-28T16:30:05.339Z] Checked if tokens are valid: true, expires at: 1787937781267
[debug] [2026-08-28T16:30:05.339Z] >>> [apiv2][query] GET https://cloudfunctions.googleapis.com/v2/projects/acaraje-da-bencao/locations/us-central1/operations/operation-1787934212704-65a1ddfa1480f-b7fb9e6b-a370d649 [none]
[debug] [2026-08-28T16:30:07.447Z] <<< [apiv2][status] GET https://cloudfunctions.googleapis.com/v2/projects/acaraje-da-bencao/locations/us-central1/operations/operation-1787934212704-65a1ddfa1480f-b7fb9e6b-a370d649 200
[debug] [2026-08-28T16:30:07.448Z] <<< [apiv2][body] GET https://cloudfunctions.googleapis.com/v2/projects/acaraje-da-bencao/locations/us-central1/operations/operation-1787934212704-65a1ddfa1480f-b7fb9e6b-a370d649 {"name":"projects/acaraje-da-bencao/locations/us-central1/operations/operation-1787934212704-65a1ddfa1480f-b7fb9e6b-a370d649","metadata":{"@type":"type.googleapis.com/google.cloud.functions.v2.OperationMetadata","createTime":"2026-08-28T16:23:33.867389084Z","target":"projects/acaraje-da-bencao/locations/us-central1/functions/criarPagamento","verb":"update","cancelRequested":false,"apiVersion":"v2","requestResource":{"@type":"type.googleapis.com/google.cloud.functions.v2.Function","name":"projects/acaraje-da-bencao/locations/us-central1/functions/criarPagamento","buildConfig":{"runtime":"nodejs24","entryPoint":"criarPagamento","source":{"storageSource":{"bucket":"gcf-v2-sources-39673030784-us-central1","object":"criarPagamento/function-source.zip","generation":"1787934213801514"}},"environmentVariables":{"GOOGLE_NODE_RUN_SCRIPTS":""},"dockerRepository":"projects/acaraje-da-bencao/locations/us-central1/repositories/gcf-artifacts","sourceProvenance":{"resolvedStorageSource":{"bucket":"gcf-v2-sources-39673030784-us-central1","object":"criarPagamento/function-source.zip","generation":"1787924511941293"}},"dockerRegistry":"ARTIFACT_REGISTRY","serviceAccount":"projects/acaraje-da-bencao/serviceAccounts/39673030784-compute@developer.gserviceaccount.com","automaticUpdatePolicy":{}},"serviceConfig":{"service":"projects/acaraje-da-bencao/locations/us-central1/services/criarpagamento","timeoutSeconds":60,"environmentVariables":{"FIREBASE_CONFIG":"{\"projectId\":\"acaraje-da-bencao\",\"storageBucket\":\"acaraje-da-bencao.firebasestorage.app\"}","GCLOUD_PROJECT":"acaraje-da-bencao","EVENTARC_CLOUD_EVENT_SOURCE":"projects/acaraje-da-bencao/locations/us-central1/services/criarPagamento","FUNCTION_REGION":"us-central1","FUNCTION_TARGET":"criarPagamento","LOG_EXECUTION_ID":"true"},"ingressSettings":"ALLOW_ALL","uri":"https://criarpagamento-2mfyfptukq-uc.a.run.app","serviceAccountEmail":"39673030784-compute@developer.gserviceaccount.com","availableMemory":"256Mi","allTrafficOnLatestRevision":true,"secretEnvironmentVariables":[{"key":"MP_ACCESS_TOKEN","projectId":"acaraje-da-bencao","secret":"MP_ACCESS_TOKEN","version":"1"}],"revision":"criarpagamento-00008-vab","maxInstanceRequestConcurrency":80,"availableCpu":"1"},"state":"ACTIVE","labels":{"deployment-tool":"cli-firebase","firebase-functions-hash":"e4bc23d79e2bfde92aeded2a1577d5579e9c4023"},"environment":"GEN_2","url":"https://us-central1-acaraje-da-bencao.cloudfunctions.net/criarPagamento","satisfiesPzi":true},"stages":[{"name":"BUILD","message":"Build in progress","state":"IN_PROGRESS","resource":"projects/39673030784/locations/us-central1/builds/830db484-cb41-4eff-9aba-b4ffdf75488c","resourceUri":"https://console.cloud.google.com/cloud-build/builds;region=us-central1/830db484-cb41-4eff-9aba-b4ffdf75488c?project=39673030784"},{"name":"SERVICE","state":"NOT_STARTED"}],"operationType":"UPDATE_FUNCTION","buildName":"projects/39673030784/locations/us-central1/builds/830db484-cb41-4eff-9aba-b4ffdf75488c"},"done":false}
[debug] [2026-08-28T16:30:17.455Z] [update-default-us-central1-criarPagamento] Retrying task index 0
[debug] [2026-08-28T16:30:17.456Z] Checked if tokens are valid: true, expires at: 1787937781267
[debug] [2026-08-28T16:30:17.456Z] Checked if tokens are valid: true, expires at: 1787937781267
[debug] [2026-08-28T16:30:17.456Z] >>> [apiv2][query] GET https://cloudfunctions.googleapis.com/v2/projects/acaraje-da-bencao/locations/us-central1/operations/operation-1787934212704-65a1ddfa1480f-b7fb9e6b-a370d649 [none]
[debug] [2026-08-28T16:30:18.757Z] <<< [apiv2][status] GET https://cloudfunctions.googleapis.com/v2/projects/acaraje-da-bencao/locations/us-central1/operations/operation-1787934212704-65a1ddfa1480f-b7fb9e6b-a370d649 200
[debug] [2026-08-28T16:30:18.757Z] <<< [apiv2][body] GET https://cloudfunctions.googleapis.com/v2/projects/acaraje-da-bencao/locations/us-central1/operations/operation-1787934212704-65a1ddfa1480f-b7fb9e6b-a370d649 {"name":"projects/acaraje-da-bencao/locations/us-central1/operations/operation-1787934212704-65a1ddfa1480f-b7fb9e6b-a370d649","metadata":{"@type":"type.googleapis.com/google.cloud.functions.v2.OperationMetadata","createTime":"2026-08-28T16:23:33.867389084Z","target":"projects/acaraje-da-bencao/locations/us-central1/functions/criarPagamento","verb":"update","cancelRequested":false,"apiVersion":"v2","requestResource":{"@type":"type.googleapis.com/google.cloud.functions.v2.Function","name":"projects/acaraje-da-bencao/locations/us-central1/functions/criarPagamento","buildConfig":{"runtime":"nodejs24","entryPoint":"criarPagamento","source":{"storageSource":{"bucket":"gcf-v2-sources-39673030784-us-central1","object":"criarPagamento/function-source.zip","generation":"1787934213801514"}},"environmentVariables":{"GOOGLE_NODE_RUN_SCRIPTS":""},"dockerRepository":"projects/acaraje-da-bencao/locations/us-central1/repositories/gcf-artifacts","sourceProvenance":{"resolvedStorageSource":{"bucket":"gcf-v2-sources-39673030784-us-central1","object":"criarPagamento/function-source.zip","generation":"1787924511941293"}},"dockerRegistry":"ARTIFACT_REGISTRY","serviceAccount":"projects/acaraje-da-bencao/serviceAccounts/39673030784-compute@developer.gserviceaccount.com","automaticUpdatePolicy":{}},"serviceConfig":{"service":"projects/acaraje-da-bencao/locations/us-central1/services/criarpagamento","timeoutSeconds":60,"environmentVariables":{"FIREBASE_CONFIG":"{\"projectId\":\"acaraje-da-bencao\",\"storageBucket\":\"acaraje-da-bencao.firebasestorage.app\"}","GCLOUD_PROJECT":"acaraje-da-bencao","EVENTARC_CLOUD_EVENT_SOURCE":"projects/acaraje-da-bencao/locations/us-central1/services/criarPagamento","FUNCTION_REGION":"us-central1","FUNCTION_TARGET":"criarPagamento","LOG_EXECUTION_ID":"true"},"ingressSettings":"ALLOW_ALL","uri":"https://criarpagamento-2mfyfptukq-uc.a.run.app","serviceAccountEmail":"39673030784-compute@developer.gserviceaccount.com","availableMemory":"256Mi","allTrafficOnLatestRevision":true,"secretEnvironmentVariables":[{"key":"MP_ACCESS_TOKEN","projectId":"acaraje-da-bencao","secret":"MP_ACCESS_TOKEN","version":"1"}],"revision":"criarpagamento-00008-vab","maxInstanceRequestConcurrency":80,"availableCpu":"1"},"state":"ACTIVE","labels":{"deployment-tool":"cli-firebase","firebase-functions-hash":"e4bc23d79e2bfde92aeded2a1577d5579e9c4023"},"environment":"GEN_2","url":"https://us-central1-acaraje-da-bencao.cloudfunctions.net/criarPagamento","satisfiesPzi":true},"stages":[{"name":"BUILD","message":"Build in progress","state":"IN_PROGRESS","resource":"projects/39673030784/locations/us-central1/builds/830db484-cb41-4eff-9aba-b4ffdf75488c","resourceUri":"https://console.cloud.google.com/cloud-build/builds;region=us-central1/830db484-cb41-4eff-9aba-b4ffdf75488c?project=39673030784"},{"name":"SERVICE","state":"NOT_STARTED"}],"operationType":"UPDATE_FUNCTION","buildName":"projects/39673030784/locations/us-central1/builds/830db484-cb41-4eff-9aba-b4ffdf75488c"},"done":false}
[debug] [2026-08-28T16:30:28.764Z] [update-default-us-central1-criarPagamento] Retrying task index 0
[debug] [2026-08-28T16:30:28.765Z] Checked if tokens are valid: true, expires at: 1787937781267
[debug] [2026-08-28T16:30:28.765Z] Checked if tokens are valid: true, expires at: 1787937781267
[debug] [2026-08-28T16:30:28.765Z] >>> [apiv2][query] GET https://cloudfunctions.googleapis.com/v2/projects/acaraje-da-bencao/locations/us-central1/operations/operation-1787934212704-65a1ddfa1480f-b7fb9e6b-a370d649 [none]
[debug] [2026-08-28T16:30:30.127Z] <<< [apiv2][status] GET https://cloudfunctions.googleapis.com/v2/projects/acaraje-da-bencao/locations/us-central1/operations/operation-1787934212704-65a1ddfa1480f-b7fb9e6b-a370d649 200
[debug] [2026-08-28T16:30:30.127Z] <<< [apiv2][body] GET https://cloudfunctions.googleapis.com/v2/projects/acaraje-da-bencao/locations/us-central1/operations/operation-1787934212704-65a1ddfa1480f-b7fb9e6b-a370d649 {"name":"projects/acaraje-da-bencao/locations/us-central1/operations/operation-1787934212704-65a1ddfa1480f-b7fb9e6b-a370d649","metadata":{"@type":"type.googleapis.com/google.cloud.functions.v2.OperationMetadata","createTime":"2026-08-28T16:23:33.867389084Z","target":"projects/acaraje-da-bencao/locations/us-central1/functions/criarPagamento","verb":"update","cancelRequested":false,"apiVersion":"v2","requestResource":{"@type":"type.googleapis.com/google.cloud.functions.v2.Function","name":"projects/acaraje-da-bencao/locations/us-central1/functions/criarPagamento","buildConfig":{"runtime":"nodejs24","entryPoint":"criarPagamento","source":{"storageSource":{"bucket":"gcf-v2-sources-39673030784-us-central1","object":"criarPagamento/function-source.zip","generation":"1787934213801514"}},"environmentVariables":{"GOOGLE_NODE_RUN_SCRIPTS":""},"dockerRepository":"projects/acaraje-da-bencao/locations/us-central1/repositories/gcf-artifacts","sourceProvenance":{"resolvedStorageSource":{"bucket":"gcf-v2-sources-39673030784-us-central1","object":"criarPagamento/function-source.zip","generation":"1787924511941293"}},"dockerRegistry":"ARTIFACT_REGISTRY","serviceAccount":"projects/acaraje-da-bencao/serviceAccounts/39673030784-compute@developer.gserviceaccount.com","automaticUpdatePolicy":{}},"serviceConfig":{"service":"projects/acaraje-da-bencao/locations/us-central1/services/criarpagamento","timeoutSeconds":60,"environmentVariables":{"FIREBASE_CONFIG":"{\"projectId\":\"acaraje-da-bencao\",\"storageBucket\":\"acaraje-da-bencao.firebasestorage.app\"}","GCLOUD_PROJECT":"acaraje-da-bencao","EVENTARC_CLOUD_EVENT_SOURCE":"projects/acaraje-da-bencao/locations/us-central1/services/criarPagamento","FUNCTION_REGION":"us-central1","FUNCTION_TARGET":"criarPagamento","LOG_EXECUTION_ID":"true"},"ingressSettings":"ALLOW_ALL","uri":"https://criarpagamento-2mfyfptukq-uc.a.run.app","serviceAccountEmail":"39673030784-compute@developer.gserviceaccount.com","availableMemory":"256Mi","allTrafficOnLatestRevision":true,"secretEnvironmentVariables":[{"key":"MP_ACCESS_TOKEN","projectId":"acaraje-da-bencao","secret":"MP_ACCESS_TOKEN","version":"1"}],"revision":"criarpagamento-00008-vab","maxInstanceRequestConcurrency":80,"availableCpu":"1"},"state":"ACTIVE","labels":{"deployment-tool":"cli-firebase","firebase-functions-hash":"e4bc23d79e2bfde92aeded2a1577d5579e9c4023"},"environment":"GEN_2","url":"https://us-central1-acaraje-da-bencao.cloudfunctions.net/criarPagamento","satisfiesPzi":true},"stages":[{"name":"BUILD","message":"Build in progress","state":"IN_PROGRESS","resource":"projects/39673030784/locations/us-central1/builds/830db484-cb41-4eff-9aba-b4ffdf75488c","resourceUri":"https://console.cloud.google.com/cloud-build/builds;region=us-central1/830db484-cb41-4eff-9aba-b4ffdf75488c?project=39673030784"},{"name":"SERVICE","state":"NOT_STARTED"}],"operationType":"UPDATE_FUNCTION","buildName":"projects/39673030784/locations/us-central1/builds/830db484-cb41-4eff-9aba-b4ffdf75488c"},"done":false}
[debug] [2026-08-28T16:30:40.135Z] [update-default-us-central1-criarPagamento] Retrying task index 0
[debug] [2026-08-28T16:30:40.136Z] Checked if tokens are valid: true, expires at: 1787937781267
[debug] [2026-08-28T16:30:40.136Z] Checked if tokens are valid: true, expires at: 1787937781267
[debug] [2026-08-28T16:30:40.136Z] >>> [apiv2][query] GET https://cloudfunctions.googleapis.com/v2/projects/acaraje-da-bencao/locations/us-central1/operations/operation-1787934212704-65a1ddfa1480f-b7fb9e6b-a370d649 [none]
[debug] [2026-08-28T16:30:41.075Z] <<< [apiv2][status] GET https://cloudfunctions.googleapis.com/v2/projects/acaraje-da-bencao/locations/us-central1/operations/operation-1787934212704-65a1ddfa1480f-b7fb9e6b-a370d649 200
[debug] [2026-08-28T16:30:41.076Z] <<< [apiv2][body] GET https://cloudfunctions.googleapis.com/v2/projects/acaraje-da-bencao/locations/us-central1/operations/operation-1787934212704-65a1ddfa1480f-b7fb9e6b-a370d649 {"name":"projects/acaraje-da-bencao/locations/us-central1/operations/operation-1787934212704-65a1ddfa1480f-b7fb9e6b-a370d649","metadata":{"@type":"type.googleapis.com/google.cloud.functions.v2.OperationMetadata","createTime":"2026-08-28T16:23:33.867389084Z","target":"projects/acaraje-da-bencao/locations/us-central1/functions/criarPagamento","verb":"update","cancelRequested":false,"apiVersion":"v2","requestResource":{"@type":"type.googleapis.com/google.cloud.functions.v2.Function","name":"projects/acaraje-da-bencao/locations/us-central1/functions/criarPagamento","buildConfig":{"runtime":"nodejs24","entryPoint":"criarPagamento","source":{"storageSource":{"bucket":"gcf-v2-sources-39673030784-us-central1","object":"criarPagamento/function-source.zip","generation":"1787934213801514"}},"environmentVariables":{"GOOGLE_NODE_RUN_SCRIPTS":""},"dockerRepository":"projects/acaraje-da-bencao/locations/us-central1/repositories/gcf-artifacts","sourceProvenance":{"resolvedStorageSource":{"bucket":"gcf-v2-sources-39673030784-us-central1","object":"criarPagamento/function-source.zip","generation":"1787924511941293"}},"dockerRegistry":"ARTIFACT_REGISTRY","serviceAccount":"projects/acaraje-da-bencao/serviceAccounts/39673030784-compute@developer.gserviceaccount.com","automaticUpdatePolicy":{}},"serviceConfig":{"service":"projects/acaraje-da-bencao/locations/us-central1/services/criarpagamento","timeoutSeconds":60,"environmentVariables":{"FIREBASE_CONFIG":"{\"projectId\":\"acaraje-da-bencao\",\"storageBucket\":\"acaraje-da-bencao.firebasestorage.app\"}","GCLOUD_PROJECT":"acaraje-da-bencao","EVENTARC_CLOUD_EVENT_SOURCE":"projects/acaraje-da-bencao/locations/us-central1/services/criarPagamento","FUNCTION_REGION":"us-central1","FUNCTION_TARGET":"criarPagamento","LOG_EXECUTION_ID":"true"},"ingressSettings":"ALLOW_ALL","uri":"https://criarpagamento-2mfyfptukq-uc.a.run.app","serviceAccountEmail":"39673030784-compute@developer.gserviceaccount.com","availableMemory":"256Mi","allTrafficOnLatestRevision":true,"secretEnvironmentVariables":[{"key":"MP_ACCESS_TOKEN","projectId":"acaraje-da-bencao","secret":"MP_ACCESS_TOKEN","version":"1"}],"revision":"criarpagamento-00008-vab","maxInstanceRequestConcurrency":80,"availableCpu":"1"},"state":"ACTIVE","labels":{"deployment-tool":"cli-firebase","firebase-functions-hash":"e4bc23d79e2bfde92aeded2a1577d5579e9c4023"},"environment":"GEN_2","url":"https://us-central1-acaraje-da-bencao.cloudfunctions.net/criarPagamento","satisfiesPzi":true},"stages":[{"name":"BUILD","message":"Build in progress","state":"IN_PROGRESS","resource":"projects/39673030784/locations/us-central1/builds/830db484-cb41-4eff-9aba-b4ffdf75488c","resourceUri":"https://console.cloud.google.com/cloud-build/builds;region=us-central1/830db484-cb41-4eff-9aba-b4ffdf75488c?project=39673030784"},{"name":"SERVICE","state":"NOT_STARTED"}],"operationType":"UPDATE_FUNCTION","buildName":"projects/39673030784/locations/us-central1/builds/830db484-cb41-4eff-9aba-b4ffdf75488c"},"done":false}
[debug] [2026-08-28T16:30:51.084Z] [update-default-us-central1-criarPagamento] Retrying task index 0
[debug] [2026-08-28T16:30:51.084Z] Checked if tokens are valid: true, expires at: 1787937781267
[debug] [2026-08-28T16:30:51.084Z] Checked if tokens are valid: true, expires at: 1787937781267
[debug] [2026-08-28T16:30:51.085Z] >>> [apiv2][query] GET https://cloudfunctions.googleapis.com/v2/projects/acaraje-da-bencao/locations/us-central1/operations/operation-1787934212704-65a1ddfa1480f-b7fb9e6b-a370d649 [none]
[debug] [2026-08-28T16:30:51.779Z] <<< [apiv2][status] GET https://cloudfunctions.googleapis.com/v2/projects/acaraje-da-bencao/locations/us-central1/operations/operation-1787934212704-65a1ddfa1480f-b7fb9e6b-a370d649 200
[debug] [2026-08-28T16:30:51.780Z] <<< [apiv2][body] GET https://cloudfunctions.googleapis.com/v2/projects/acaraje-da-bencao/locations/us-central1/operations/operation-1787934212704-65a1ddfa1480f-b7fb9e6b-a370d649 {"name":"projects/acaraje-da-bencao/locations/us-central1/operations/operation-1787934212704-65a1ddfa1480f-b7fb9e6b-a370d649","metadata":{"@type":"type.googleapis.com/google.cloud.functions.v2.OperationMetadata","createTime":"2026-08-28T16:23:33.867389084Z","target":"projects/acaraje-da-bencao/locations/us-central1/functions/criarPagamento","verb":"update","cancelRequested":false,"apiVersion":"v2","requestResource":{"@type":"type.googleapis.com/google.cloud.functions.v2.Function","name":"projects/acaraje-da-bencao/locations/us-central1/functions/criarPagamento","buildConfig":{"runtime":"nodejs24","entryPoint":"criarPagamento","source":{"storageSource":{"bucket":"gcf-v2-sources-39673030784-us-central1","object":"criarPagamento/function-source.zip","generation":"1787934213801514"}},"environmentVariables":{"GOOGLE_NODE_RUN_SCRIPTS":""},"dockerRepository":"projects/acaraje-da-bencao/locations/us-central1/repositories/gcf-artifacts","sourceProvenance":{"resolvedStorageSource":{"bucket":"gcf-v2-sources-39673030784-us-central1","object":"criarPagamento/function-source.zip","generation":"1787924511941293"}},"dockerRegistry":"ARTIFACT_REGISTRY","serviceAccount":"projects/acaraje-da-bencao/serviceAccounts/39673030784-compute@developer.gserviceaccount.com","automaticUpdatePolicy":{}},"serviceConfig":{"service":"projects/acaraje-da-bencao/locations/us-central1/services/criarpagamento","timeoutSeconds":60,"environmentVariables":{"FIREBASE_CONFIG":"{\"projectId\":\"acaraje-da-bencao\",\"storageBucket\":\"acaraje-da-bencao.firebasestorage.app\"}","GCLOUD_PROJECT":"acaraje-da-bencao","EVENTARC_CLOUD_EVENT_SOURCE":"projects/acaraje-da-bencao/locations/us-central1/services/criarPagamento","FUNCTION_REGION":"us-central1","FUNCTION_TARGET":"criarPagamento","LOG_EXECUTION_ID":"true"},"ingressSettings":"ALLOW_ALL","uri":"https://criarpagamento-2mfyfptukq-uc.a.run.app","serviceAccountEmail":"39673030784-compute@developer.gserviceaccount.com","availableMemory":"256Mi","allTrafficOnLatestRevision":true,"secretEnvironmentVariables":[{"key":"MP_ACCESS_TOKEN","projectId":"acaraje-da-bencao","secret":"MP_ACCESS_TOKEN","version":"1"}],"revision":"criarpagamento-00008-vab","maxInstanceRequestConcurrency":80,"availableCpu":"1"},"state":"ACTIVE","labels":{"deployment-tool":"cli-firebase","firebase-functions-hash":"e4bc23d79e2bfde92aeded2a1577d5579e9c4023"},"environment":"GEN_2","url":"https://us-central1-acaraje-da-bencao.cloudfunctions.net/criarPagamento","satisfiesPzi":true},"stages":[{"name":"BUILD","message":"Build in progress","state":"IN_PROGRESS","resource":"projects/39673030784/locations/us-central1/builds/830db484-cb41-4eff-9aba-b4ffdf75488c","resourceUri":"https://console.cloud.google.com/cloud-build/builds;region=us-central1/830db484-cb41-4eff-9aba-b4ffdf75488c?project=39673030784"},{"name":"SERVICE","state":"NOT_STARTED"}],"operationType":"UPDATE_FUNCTION","buildName":"projects/39673030784/locations/us-central1/builds/830db484-cb41-4eff-9aba-b4ffdf75488c"},"done":false}
[debug] [2026-08-28T16:31:01.788Z] [update-default-us-central1-criarPagamento] Retrying task index 0
[debug] [2026-08-28T16:31:01.789Z] Checked if tokens are valid: true, expires at: 1787937781267
[debug] [2026-08-28T16:31:01.789Z] Checked if tokens are valid: true, expires at: 1787937781267
[debug] [2026-08-28T16:31:01.789Z] >>> [apiv2][query] GET https://cloudfunctions.googleapis.com/v2/projects/acaraje-da-bencao/locations/us-central1/operations/operation-1787934212704-65a1ddfa1480f-b7fb9e6b-a370d649 [none]
[debug] [2026-08-28T16:31:02.467Z] <<< [apiv2][status] GET https://cloudfunctions.googleapis.com/v2/projects/acaraje-da-bencao/locations/us-central1/operations/operation-1787934212704-65a1ddfa1480f-b7fb9e6b-a370d649 200
[debug] [2026-08-28T16:31:02.468Z] <<< [apiv2][body] GET https://cloudfunctions.googleapis.com/v2/projects/acaraje-da-bencao/locations/us-central1/operations/operation-1787934212704-65a1ddfa1480f-b7fb9e6b-a370d649 {"name":"projects/acaraje-da-bencao/locations/us-central1/operations/operation-1787934212704-65a1ddfa1480f-b7fb9e6b-a370d649","metadata":{"@type":"type.googleapis.com/google.cloud.functions.v2.OperationMetadata","createTime":"2026-08-28T16:23:33.867389084Z","target":"projects/acaraje-da-bencao/locations/us-central1/functions/criarPagamento","verb":"update","cancelRequested":false,"apiVersion":"v2","requestResource":{"@type":"type.googleapis.com/google.cloud.functions.v2.Function","name":"projects/acaraje-da-bencao/locations/us-central1/functions/criarPagamento","buildConfig":{"runtime":"nodejs24","entryPoint":"criarPagamento","source":{"storageSource":{"bucket":"gcf-v2-sources-39673030784-us-central1","object":"criarPagamento/function-source.zip","generation":"1787934213801514"}},"environmentVariables":{"GOOGLE_NODE_RUN_SCRIPTS":""},"dockerRepository":"projects/acaraje-da-bencao/locations/us-central1/repositories/gcf-artifacts","sourceProvenance":{"resolvedStorageSource":{"bucket":"gcf-v2-sources-39673030784-us-central1","object":"criarPagamento/function-source.zip","generation":"1787924511941293"}},"dockerRegistry":"ARTIFACT_REGISTRY","serviceAccount":"projects/acaraje-da-bencao/serviceAccounts/39673030784-compute@developer.gserviceaccount.com","automaticUpdatePolicy":{}},"serviceConfig":{"service":"projects/acaraje-da-bencao/locations/us-central1/services/criarpagamento","timeoutSeconds":60,"environmentVariables":{"FIREBASE_CONFIG":"{\"projectId\":\"acaraje-da-bencao\",\"storageBucket\":\"acaraje-da-bencao.firebasestorage.app\"}","GCLOUD_PROJECT":"acaraje-da-bencao","EVENTARC_CLOUD_EVENT_SOURCE":"projects/acaraje-da-bencao/locations/us-central1/services/criarPagamento","FUNCTION_REGION":"us-central1","FUNCTION_TARGET":"criarPagamento","LOG_EXECUTION_ID":"true"},"ingressSettings":"ALLOW_ALL","uri":"https://criarpagamento-2mfyfptukq-uc.a.run.app","serviceAccountEmail":"39673030784-compute@developer.gserviceaccount.com","availableMemory":"256Mi","allTrafficOnLatestRevision":true,"secretEnvironmentVariables":[{"key":"MP_ACCESS_TOKEN","projectId":"acaraje-da-bencao","secret":"MP_ACCESS_TOKEN","version":"1"}],"revision":"criarpagamento-00008-vab","maxInstanceRequestConcurrency":80,"availableCpu":"1"},"state":"ACTIVE","labels":{"deployment-tool":"cli-firebase","firebase-functions-hash":"e4bc23d79e2bfde92aeded2a1577d5579e9c4023"},"environment":"GEN_2","url":"https://us-central1-acaraje-da-bencao.cloudfunctions.net/criarPagamento","satisfiesPzi":true},"stages":[{"name":"BUILD","message":"Build in progress","state":"IN_PROGRESS","resource":"projects/39673030784/locations/us-central1/builds/830db484-cb41-4eff-9aba-b4ffdf75488c","resourceUri":"https://console.cloud.google.com/cloud-build/builds;region=us-central1/830db484-cb41-4eff-9aba-b4ffdf75488c?project=39673030784"},{"name":"SERVICE","state":"NOT_STARTED"}],"operationType":"UPDATE_FUNCTION","buildName":"projects/39673030784/locations/us-central1/builds/830db484-cb41-4eff-9aba-b4ffdf75488c"},"done":false}
[debug] [2026-08-28T16:31:12.472Z] [update-default-us-central1-criarPagamento] Retrying task index 0
[debug] [2026-08-28T16:31:12.473Z] Checked if tokens are valid: true, expires at: 1787937781267
[debug] [2026-08-28T16:31:12.473Z] Checked if tokens are valid: true, expires at: 1787937781267
[debug] [2026-08-28T16:31:12.473Z] >>> [apiv2][query] GET https://cloudfunctions.googleapis.com/v2/projects/acaraje-da-bencao/locations/us-central1/operations/operation-1787934212704-65a1ddfa1480f-b7fb9e6b-a370d649 [none]
[debug] [2026-08-28T16:31:13.893Z] <<< [apiv2][status] GET https://cloudfunctions.googleapis.com/v2/projects/acaraje-da-bencao/locations/us-central1/operations/operation-1787934212704-65a1ddfa1480f-b7fb9e6b-a370d649 200
[debug] [2026-08-28T16:31:13.893Z] <<< [apiv2][body] GET https://cloudfunctions.googleapis.com/v2/projects/acaraje-da-bencao/locations/us-central1/operations/operation-1787934212704-65a1ddfa1480f-b7fb9e6b-a370d649 {"name":"projects/acaraje-da-bencao/locations/us-central1/operations/operation-1787934212704-65a1ddfa1480f-b7fb9e6b-a370d649","metadata":{"@type":"type.googleapis.com/google.cloud.functions.v2.OperationMetadata","createTime":"2026-08-28T16:23:33.867389084Z","target":"projects/acaraje-da-bencao/locations/us-central1/functions/criarPagamento","verb":"update","cancelRequested":false,"apiVersion":"v2","requestResource":{"@type":"type.googleapis.com/google.cloud.functions.v2.Function","name":"projects/acaraje-da-bencao/locations/us-central1/functions/criarPagamento","buildConfig":{"runtime":"nodejs24","entryPoint":"criarPagamento","source":{"storageSource":{"bucket":"gcf-v2-sources-39673030784-us-central1","object":"criarPagamento/function-source.zip","generation":"1787934213801514"}},"environmentVariables":{"GOOGLE_NODE_RUN_SCRIPTS":""},"dockerRepository":"projects/acaraje-da-bencao/locations/us-central1/repositories/gcf-artifacts","sourceProvenance":{"resolvedStorageSource":{"bucket":"gcf-v2-sources-39673030784-us-central1","object":"criarPagamento/function-source.zip","generation":"1787924511941293"}},"dockerRegistry":"ARTIFACT_REGISTRY","serviceAccount":"projects/acaraje-da-bencao/serviceAccounts/39673030784-compute@developer.gserviceaccount.com","automaticUpdatePolicy":{}},"serviceConfig":{"service":"projects/acaraje-da-bencao/locations/us-central1/services/criarpagamento","timeoutSeconds":60,"environmentVariables":{"FIREBASE_CONFIG":"{\"projectId\":\"acaraje-da-bencao\",\"storageBucket\":\"acaraje-da-bencao.firebasestorage.app\"}","GCLOUD_PROJECT":"acaraje-da-bencao","EVENTARC_CLOUD_EVENT_SOURCE":"projects/acaraje-da-bencao/locations/us-central1/services/criarPagamento","FUNCTION_REGION":"us-central1","FUNCTION_TARGET":"criarPagamento","LOG_EXECUTION_ID":"true"},"ingressSettings":"ALLOW_ALL","uri":"https://criarpagamento-2mfyfptukq-uc.a.run.app","serviceAccountEmail":"39673030784-compute@developer.gserviceaccount.com","availableMemory":"256Mi","allTrafficOnLatestRevision":true,"secretEnvironmentVariables":[{"key":"MP_ACCESS_TOKEN","projectId":"acaraje-da-bencao","secret":"MP_ACCESS_TOKEN","version":"1"}],"revision":"criarpagamento-00008-vab","maxInstanceRequestConcurrency":80,"availableCpu":"1"},"state":"ACTIVE","labels":{"deployment-tool":"cli-firebase","firebase-functions-hash":"e4bc23d79e2bfde92aeded2a1577d5579e9c4023"},"environment":"GEN_2","url":"https://us-central1-acaraje-da-bencao.cloudfunctions.net/criarPagamento","satisfiesPzi":true},"stages":[{"name":"BUILD","message":"Build in progress","state":"IN_PROGRESS","resource":"projects/39673030784/locations/us-central1/builds/830db484-cb41-4eff-9aba-b4ffdf75488c","resourceUri":"https://console.cloud.google.com/cloud-build/builds;region=us-central1/830db484-cb41-4eff-9aba-b4ffdf75488c?project=39673030784"},{"name":"SERVICE","state":"NOT_STARTED"}],"operationType":"UPDATE_FUNCTION","buildName":"projects/39673030784/locations/us-central1/builds/830db484-cb41-4eff-9aba-b4ffdf75488c"},"done":false}
[debug] [2026-08-28T16:31:23.901Z] [update-default-us-central1-criarPagamento] Retrying task index 0
[debug] [2026-08-28T16:31:23.902Z] Checked if tokens are valid: true, expires at: 1787937781267
[debug] [2026-08-28T16:31:23.902Z] Checked if tokens are valid: true, expires at: 1787937781267
[debug] [2026-08-28T16:31:23.902Z] >>> [apiv2][query] GET https://cloudfunctions.googleapis.com/v2/projects/acaraje-da-bencao/locations/us-central1/operations/operation-1787934212704-65a1ddfa1480f-b7fb9e6b-a370d649 [none]
[debug] [2026-08-28T16:31:25.206Z] <<< [apiv2][status] GET https://cloudfunctions.googleapis.com/v2/projects/acaraje-da-bencao/locations/us-central1/operations/operation-1787934212704-65a1ddfa1480f-b7fb9e6b-a370d649 200
[debug] [2026-08-28T16:31:25.207Z] <<< [apiv2][body] GET https://cloudfunctions.googleapis.com/v2/projects/acaraje-da-bencao/locations/us-central1/operations/operation-1787934212704-65a1ddfa1480f-b7fb9e6b-a370d649 {"name":"projects/acaraje-da-bencao/locations/us-central1/operations/operation-1787934212704-65a1ddfa1480f-b7fb9e6b-a370d649","metadata":{"@type":"type.googleapis.com/google.cloud.functions.v2.OperationMetadata","createTime":"2026-08-28T16:23:33.867389084Z","target":"projects/acaraje-da-bencao/locations/us-central1/functions/criarPagamento","verb":"update","cancelRequested":false,"apiVersion":"v2","requestResource":{"@type":"type.googleapis.com/google.cloud.functions.v2.Function","name":"projects/acaraje-da-bencao/locations/us-central1/functions/criarPagamento","buildConfig":{"runtime":"nodejs24","entryPoint":"criarPagamento","source":{"storageSource":{"bucket":"gcf-v2-sources-39673030784-us-central1","object":"criarPagamento/function-source.zip","generation":"1787934213801514"}},"environmentVariables":{"GOOGLE_NODE_RUN_SCRIPTS":""},"dockerRepository":"projects/acaraje-da-bencao/locations/us-central1/repositories/gcf-artifacts","sourceProvenance":{"resolvedStorageSource":{"bucket":"gcf-v2-sources-39673030784-us-central1","object":"criarPagamento/function-source.zip","generation":"1787924511941293"}},"dockerRegistry":"ARTIFACT_REGISTRY","serviceAccount":"projects/acaraje-da-bencao/serviceAccounts/39673030784-compute@developer.gserviceaccount.com","automaticUpdatePolicy":{}},"serviceConfig":{"service":"projects/acaraje-da-bencao/locations/us-central1/services/criarpagamento","timeoutSeconds":60,"environmentVariables":{"FIREBASE_CONFIG":"{\"projectId\":\"acaraje-da-bencao\",\"storageBucket\":\"acaraje-da-bencao.firebasestorage.app\"}","GCLOUD_PROJECT":"acaraje-da-bencao","EVENTARC_CLOUD_EVENT_SOURCE":"projects/acaraje-da-bencao/locations/us-central1/services/criarPagamento","FUNCTION_REGION":"us-central1","FUNCTION_TARGET":"criarPagamento","LOG_EXECUTION_ID":"true"},"ingressSettings":"ALLOW_ALL","uri":"https://criarpagamento-2mfyfptukq-uc.a.run.app","serviceAccountEmail":"39673030784-compute@developer.gserviceaccount.com","availableMemory":"256Mi","allTrafficOnLatestRevision":true,"secretEnvironmentVariables":[{"key":"MP_ACCESS_TOKEN","projectId":"acaraje-da-bencao","secret":"MP_ACCESS_TOKEN","version":"1"}],"revision":"criarpagamento-00008-vab","maxInstanceRequestConcurrency":80,"availableCpu":"1"},"state":"ACTIVE","labels":{"deployment-tool":"cli-firebase","firebase-functions-hash":"e4bc23d79e2bfde92aeded2a1577d5579e9c4023"},"environment":"GEN_2","url":"https://us-central1-acaraje-da-bencao.cloudfunctions.net/criarPagamento","satisfiesPzi":true},"stages":[{"name":"BUILD","message":"Build in progress","state":"IN_PROGRESS","resource":"projects/39673030784/locations/us-central1/builds/830db484-cb41-4eff-9aba-b4ffdf75488c","resourceUri":"https://console.cloud.google.com/cloud-build/builds;region=us-central1/830db484-cb41-4eff-9aba-b4ffdf75488c?project=39673030784"},{"name":"SERVICE","state":"NOT_STARTED"}],"operationType":"UPDATE_FUNCTION","buildName":"projects/39673030784/locations/us-central1/builds/830db484-cb41-4eff-9aba-b4ffdf75488c"},"done":false}
[debug] [2026-08-28T16:31:35.219Z] [update-default-us-central1-criarPagamento] Retrying task index 0
[debug] [2026-08-28T16:31:35.219Z] Checked if tokens are valid: true, expires at: 1787937781267
[debug] [2026-08-28T16:31:35.219Z] Checked if tokens are valid: true, expires at: 1787937781267
[debug] [2026-08-28T16:31:35.220Z] >>> [apiv2][query] GET https://cloudfunctions.googleapis.com/v2/projects/acaraje-da-bencao/locations/us-central1/operations/operation-1787934212704-65a1ddfa1480f-b7fb9e6b-a370d649 [none]
[debug] [2026-08-28T16:31:36.876Z] <<< [apiv2][status] GET https://cloudfunctions.googleapis.com/v2/projects/acaraje-da-bencao/locations/us-central1/operations/operation-1787934212704-65a1ddfa1480f-b7fb9e6b-a370d649 200
[debug] [2026-08-28T16:31:36.876Z] <<< [apiv2][body] GET https://cloudfunctions.googleapis.com/v2/projects/acaraje-da-bencao/locations/us-central1/operations/operation-1787934212704-65a1ddfa1480f-b7fb9e6b-a370d649 {"name":"projects/acaraje-da-bencao/locations/us-central1/operations/operation-1787934212704-65a1ddfa1480f-b7fb9e6b-a370d649","metadata":{"@type":"type.googleapis.com/google.cloud.functions.v2.OperationMetadata","createTime":"2026-08-28T16:23:33.867389084Z","target":"projects/acaraje-da-bencao/locations/us-central1/functions/criarPagamento","verb":"update","cancelRequested":false,"apiVersion":"v2","requestResource":{"@type":"type.googleapis.com/google.cloud.functions.v2.Function","name":"projects/acaraje-da-bencao/locations/us-central1/functions/criarPagamento","buildConfig":{"runtime":"nodejs24","entryPoint":"criarPagamento","source":{"storageSource":{"bucket":"gcf-v2-sources-39673030784-us-central1","object":"criarPagamento/function-source.zip","generation":"1787934213801514"}},"environmentVariables":{"GOOGLE_NODE_RUN_SCRIPTS":""},"dockerRepository":"projects/acaraje-da-bencao/locations/us-central1/repositories/gcf-artifacts","sourceProvenance":{"resolvedStorageSource":{"bucket":"gcf-v2-sources-39673030784-us-central1","object":"criarPagamento/function-source.zip","generation":"1787924511941293"}},"dockerRegistry":"ARTIFACT_REGISTRY","serviceAccount":"projects/acaraje-da-bencao/serviceAccounts/39673030784-compute@developer.gserviceaccount.com","automaticUpdatePolicy":{}},"serviceConfig":{"service":"projects/acaraje-da-bencao/locations/us-central1/services/criarpagamento","timeoutSeconds":60,"environmentVariables":{"FIREBASE_CONFIG":"{\"projectId\":\"acaraje-da-bencao\",\"storageBucket\":\"acaraje-da-bencao.firebasestorage.app\"}","GCLOUD_PROJECT":"acaraje-da-bencao","EVENTARC_CLOUD_EVENT_SOURCE":"projects/acaraje-da-bencao/locations/us-central1/services/criarPagamento","FUNCTION_REGION":"us-central1","FUNCTION_TARGET":"criarPagamento","LOG_EXECUTION_ID":"true"},"ingressSettings":"ALLOW_ALL","uri":"https://criarpagamento-2mfyfptukq-uc.a.run.app","serviceAccountEmail":"39673030784-compute@developer.gserviceaccount.com","availableMemory":"256Mi","allTrafficOnLatestRevision":true,"secretEnvironmentVariables":[{"key":"MP_ACCESS_TOKEN","projectId":"acaraje-da-bencao","secret":"MP_ACCESS_TOKEN","version":"1"}],"revision":"criarpagamento-00008-vab","maxInstanceRequestConcurrency":80,"availableCpu":"1"},"state":"ACTIVE","labels":{"deployment-tool":"cli-firebase","firebase-functions-hash":"e4bc23d79e2bfde92aeded2a1577d5579e9c4023"},"environment":"GEN_2","url":"https://us-central1-acaraje-da-bencao.cloudfunctions.net/criarPagamento","satisfiesPzi":true},"stages":[{"name":"BUILD","message":"Build in progress","state":"IN_PROGRESS","resource":"projects/39673030784/locations/us-central1/builds/830db484-cb41-4eff-9aba-b4ffdf75488c","resourceUri":"https://console.cloud.google.com/cloud-build/builds;region=us-central1/830db484-cb41-4eff-9aba-b4ffdf75488c?project=39673030784"},{"name":"SERVICE","state":"NOT_STARTED"}],"operationType":"UPDATE_FUNCTION","buildName":"projects/39673030784/locations/us-central1/builds/830db484-cb41-4eff-9aba-b4ffdf75488c"},"done":false}
[debug] [2026-08-28T16:31:46.883Z] [update-default-us-central1-criarPagamento] Retrying task index 0
[debug] [2026-08-28T16:31:46.884Z] Checked if tokens are valid: true, expires at: 1787937781267
[debug] [2026-08-28T16:31:46.884Z] Checked if tokens are valid: true, expires at: 1787937781267
[debug] [2026-08-28T16:31:46.885Z] >>> [apiv2][query] GET https://cloudfunctions.googleapis.com/v2/projects/acaraje-da-bencao/locations/us-central1/operations/operation-1787934212704-65a1ddfa1480f-b7fb9e6b-a370d649 [none]
[debug] [2026-08-28T16:31:48.307Z] <<< [apiv2][status] GET https://cloudfunctions.googleapis.com/v2/projects/acaraje-da-bencao/locations/us-central1/operations/operation-1787934212704-65a1ddfa1480f-b7fb9e6b-a370d649 200
[debug] [2026-08-28T16:31:48.307Z] <<< [apiv2][body] GET https://cloudfunctions.googleapis.com/v2/projects/acaraje-da-bencao/locations/us-central1/operations/operation-1787934212704-65a1ddfa1480f-b7fb9e6b-a370d649 {"name":"projects/acaraje-da-bencao/locations/us-central1/operations/operation-1787934212704-65a1ddfa1480f-b7fb9e6b-a370d649","metadata":{"@type":"type.googleapis.com/google.cloud.functions.v2.OperationMetadata","createTime":"2026-08-28T16:23:33.867389084Z","target":"projects/acaraje-da-bencao/locations/us-central1/functions/criarPagamento","verb":"update","cancelRequested":false,"apiVersion":"v2","requestResource":{"@type":"type.googleapis.com/google.cloud.functions.v2.Function","name":"projects/acaraje-da-bencao/locations/us-central1/functions/criarPagamento","buildConfig":{"runtime":"nodejs24","entryPoint":"criarPagamento","source":{"storageSource":{"bucket":"gcf-v2-sources-39673030784-us-central1","object":"criarPagamento/function-source.zip","generation":"1787934213801514"}},"environmentVariables":{"GOOGLE_NODE_RUN_SCRIPTS":""},"dockerRepository":"projects/acaraje-da-bencao/locations/us-central1/repositories/gcf-artifacts","sourceProvenance":{"resolvedStorageSource":{"bucket":"gcf-v2-sources-39673030784-us-central1","object":"criarPagamento/function-source.zip","generation":"1787924511941293"}},"dockerRegistry":"ARTIFACT_REGISTRY","serviceAccount":"projects/acaraje-da-bencao/serviceAccounts/39673030784-compute@developer.gserviceaccount.com","automaticUpdatePolicy":{}},"serviceConfig":{"service":"projects/acaraje-da-bencao/locations/us-central1/services/criarpagamento","timeoutSeconds":60,"environmentVariables":{"FIREBASE_CONFIG":"{\"projectId\":\"acaraje-da-bencao\",\"storageBucket\":\"acaraje-da-bencao.firebasestorage.app\"}","GCLOUD_PROJECT":"acaraje-da-bencao","EVENTARC_CLOUD_EVENT_SOURCE":"projects/acaraje-da-bencao/locations/us-central1/services/criarPagamento","FUNCTION_REGION":"us-central1","FUNCTION_TARGET":"criarPagamento","LOG_EXECUTION_ID":"true"},"ingressSettings":"ALLOW_ALL","uri":"https://criarpagamento-2mfyfptukq-uc.a.run.app","serviceAccountEmail":"39673030784-compute@developer.gserviceaccount.com","availableMemory":"256Mi","allTrafficOnLatestRevision":true,"secretEnvironmentVariables":[{"key":"MP_ACCESS_TOKEN","projectId":"acaraje-da-bencao","secret":"MP_ACCESS_TOKEN","version":"1"}],"revision":"criarpagamento-00008-vab","maxInstanceRequestConcurrency":80,"availableCpu":"1"},"state":"ACTIVE","labels":{"deployment-tool":"cli-firebase","firebase-functions-hash":"e4bc23d79e2bfde92aeded2a1577d5579e9c4023"},"environment":"GEN_2","url":"https://us-central1-acaraje-da-bencao.cloudfunctions.net/criarPagamento","satisfiesPzi":true},"stages":[{"name":"BUILD","message":"Build in progress","state":"IN_PROGRESS","resource":"projects/39673030784/locations/us-central1/builds/830db484-cb41-4eff-9aba-b4ffdf75488c","resourceUri":"https://console.cloud.google.com/cloud-build/builds;region=us-central1/830db484-cb41-4eff-9aba-b4ffdf75488c?project=39673030784"},{"name":"SERVICE","state":"NOT_STARTED"}],"operationType":"UPDATE_FUNCTION","buildName":"projects/39673030784/locations/us-central1/builds/830db484-cb41-4eff-9aba-b4ffdf75488c"},"done":false}
[debug] [2026-08-28T16:31:58.314Z] [update-default-us-central1-criarPagamento] Retrying task index 0
[debug] [2026-08-28T16:31:58.314Z] Checked if tokens are valid: true, expires at: 1787937781267
[debug] [2026-08-28T16:31:58.315Z] Checked if tokens are valid: true, expires at: 1787937781267
[debug] [2026-08-28T16:31:58.315Z] >>> [apiv2][query] GET https://cloudfunctions.googleapis.com/v2/projects/acaraje-da-bencao/locations/us-central1/operations/operation-1787934212704-65a1ddfa1480f-b7fb9e6b-a370d649 [none]
[debug] [2026-08-28T16:31:59.524Z] <<< [apiv2][status] GET https://cloudfunctions.googleapis.com/v2/projects/acaraje-da-bencao/locations/us-central1/operations/operation-1787934212704-65a1ddfa1480f-b7fb9e6b-a370d649 200
[debug] [2026-08-28T16:31:59.524Z] <<< [apiv2][body] GET https://cloudfunctions.googleapis.com/v2/projects/acaraje-da-bencao/locations/us-central1/operations/operation-1787934212704-65a1ddfa1480f-b7fb9e6b-a370d649 {"name":"projects/acaraje-da-bencao/locations/us-central1/operations/operation-1787934212704-65a1ddfa1480f-b7fb9e6b-a370d649","metadata":{"@type":"type.googleapis.com/google.cloud.functions.v2.OperationMetadata","createTime":"2026-08-28T16:23:33.867389084Z","target":"projects/acaraje-da-bencao/locations/us-central1/functions/criarPagamento","verb":"update","cancelRequested":false,"apiVersion":"v2","requestResource":{"@type":"type.googleapis.com/google.cloud.functions.v2.Function","name":"projects/acaraje-da-bencao/locations/us-central1/functions/criarPagamento","buildConfig":{"runtime":"nodejs24","entryPoint":"criarPagamento","source":{"storageSource":{"bucket":"gcf-v2-sources-39673030784-us-central1","object":"criarPagamento/function-source.zip","generation":"1787934213801514"}},"environmentVariables":{"GOOGLE_NODE_RUN_SCRIPTS":""},"dockerRepository":"projects/acaraje-da-bencao/locations/us-central1/repositories/gcf-artifacts","sourceProvenance":{"resolvedStorageSource":{"bucket":"gcf-v2-sources-39673030784-us-central1","object":"criarPagamento/function-source.zip","generation":"1787924511941293"}},"dockerRegistry":"ARTIFACT_REGISTRY","serviceAccount":"projects/acaraje-da-bencao/serviceAccounts/39673030784-compute@developer.gserviceaccount.com","automaticUpdatePolicy":{}},"serviceConfig":{"service":"projects/acaraje-da-bencao/locations/us-central1/services/criarpagamento","timeoutSeconds":60,"environmentVariables":{"FIREBASE_CONFIG":"{\"projectId\":\"acaraje-da-bencao\",\"storageBucket\":\"acaraje-da-bencao.firebasestorage.app\"}","GCLOUD_PROJECT":"acaraje-da-bencao","EVENTARC_CLOUD_EVENT_SOURCE":"projects/acaraje-da-bencao/locations/us-central1/services/criarPagamento","FUNCTION_REGION":"us-central1","FUNCTION_TARGET":"criarPagamento","LOG_EXECUTION_ID":"true"},"ingressSettings":"ALLOW_ALL","uri":"https://criarpagamento-2mfyfptukq-uc.a.run.app","serviceAccountEmail":"39673030784-compute@developer.gserviceaccount.com","availableMemory":"256Mi","allTrafficOnLatestRevision":true,"secretEnvironmentVariables":[{"key":"MP_ACCESS_TOKEN","projectId":"acaraje-da-bencao","secret":"MP_ACCESS_TOKEN","version":"1"}],"revision":"criarpagamento-00008-vab","maxInstanceRequestConcurrency":80,"availableCpu":"1"},"state":"ACTIVE","labels":{"deployment-tool":"cli-firebase","firebase-functions-hash":"e4bc23d79e2bfde92aeded2a1577d5579e9c4023"},"environment":"GEN_2","url":"https://us-central1-acaraje-da-bencao.cloudfunctions.net/criarPagamento","satisfiesPzi":true},"stages":[{"name":"BUILD","message":"Build in progress","state":"IN_PROGRESS","resource":"projects/39673030784/locations/us-central1/builds/830db484-cb41-4eff-9aba-b4ffdf75488c","resourceUri":"https://console.cloud.google.com/cloud-build/builds;region=us-central1/830db484-cb41-4eff-9aba-b4ffdf75488c?project=39673030784"},{"name":"SERVICE","state":"NOT_STARTED"}],"operationType":"UPDATE_FUNCTION","buildName":"projects/39673030784/locations/us-central1/builds/830db484-cb41-4eff-9aba-b4ffdf75488c"},"done":false}
[debug] [2026-08-28T16:32:09.525Z] [update-default-us-central1-criarPagamento] Retrying task index 0
[debug] [2026-08-28T16:32:09.526Z] Checked if tokens are valid: true, expires at: 1787937781267
[debug] [2026-08-28T16:32:09.526Z] Checked if tokens are valid: true, expires at: 1787937781267
[debug] [2026-08-28T16:32:09.526Z] >>> [apiv2][query] GET https://cloudfunctions.googleapis.com/v2/projects/acaraje-da-bencao/locations/us-central1/operations/operation-1787934212704-65a1ddfa1480f-b7fb9e6b-a370d649 [none]
[debug] [2026-08-28T16:32:10.769Z] <<< [apiv2][status] GET https://cloudfunctions.googleapis.com/v2/projects/acaraje-da-bencao/locations/us-central1/operations/operation-1787934212704-65a1ddfa1480f-b7fb9e6b-a370d649 200
[debug] [2026-08-28T16:32:10.769Z] <<< [apiv2][body] GET https://cloudfunctions.googleapis.com/v2/projects/acaraje-da-bencao/locations/us-central1/operations/operation-1787934212704-65a1ddfa1480f-b7fb9e6b-a370d649 {"name":"projects/acaraje-da-bencao/locations/us-central1/operations/operation-1787934212704-65a1ddfa1480f-b7fb9e6b-a370d649","metadata":{"@type":"type.googleapis.com/google.cloud.functions.v2.OperationMetadata","createTime":"2026-08-28T16:23:33.867389084Z","target":"projects/acaraje-da-bencao/locations/us-central1/functions/criarPagamento","verb":"update","cancelRequested":false,"apiVersion":"v2","requestResource":{"@type":"type.googleapis.com/google.cloud.functions.v2.Function","name":"projects/acaraje-da-bencao/locations/us-central1/functions/criarPagamento","buildConfig":{"runtime":"nodejs24","entryPoint":"criarPagamento","source":{"storageSource":{"bucket":"gcf-v2-sources-39673030784-us-central1","object":"criarPagamento/function-source.zip","generation":"1787934213801514"}},"environmentVariables":{"GOOGLE_NODE_RUN_SCRIPTS":""},"dockerRepository":"projects/acaraje-da-bencao/locations/us-central1/repositories/gcf-artifacts","sourceProvenance":{"resolvedStorageSource":{"bucket":"gcf-v2-sources-39673030784-us-central1","object":"criarPagamento/function-source.zip","generation":"1787924511941293"}},"dockerRegistry":"ARTIFACT_REGISTRY","serviceAccount":"projects/acaraje-da-bencao/serviceAccounts/39673030784-compute@developer.gserviceaccount.com","automaticUpdatePolicy":{}},"serviceConfig":{"service":"projects/acaraje-da-bencao/locations/us-central1/services/criarpagamento","timeoutSeconds":60,"environmentVariables":{"FIREBASE_CONFIG":"{\"projectId\":\"acaraje-da-bencao\",\"storageBucket\":\"acaraje-da-bencao.firebasestorage.app\"}","GCLOUD_PROJECT":"acaraje-da-bencao","EVENTARC_CLOUD_EVENT_SOURCE":"projects/acaraje-da-bencao/locations/us-central1/services/criarPagamento","FUNCTION_REGION":"us-central1","FUNCTION_TARGET":"criarPagamento","LOG_EXECUTION_ID":"true"},"ingressSettings":"ALLOW_ALL","uri":"https://criarpagamento-2mfyfptukq-uc.a.run.app","serviceAccountEmail":"39673030784-compute@developer.gserviceaccount.com","availableMemory":"256Mi","allTrafficOnLatestRevision":true,"secretEnvironmentVariables":[{"key":"MP_ACCESS_TOKEN","projectId":"acaraje-da-bencao","secret":"MP_ACCESS_TOKEN","version":"1"}],"revision":"criarpagamento-00008-vab","maxInstanceRequestConcurrency":80,"availableCpu":"1"},"state":"ACTIVE","labels":{"deployment-tool":"cli-firebase","firebase-functions-hash":"e4bc23d79e2bfde92aeded2a1577d5579e9c4023"},"environment":"GEN_2","url":"https://us-central1-acaraje-da-bencao.cloudfunctions.net/criarPagamento","satisfiesPzi":true},"stages":[{"name":"BUILD","message":"Build in progress","state":"IN_PROGRESS","resource":"projects/39673030784/locations/us-central1/builds/830db484-cb41-4eff-9aba-b4ffdf75488c","resourceUri":"https://console.cloud.google.com/cloud-build/builds;region=us-central1/830db484-cb41-4eff-9aba-b4ffdf75488c?project=39673030784"},{"name":"SERVICE","state":"NOT_STARTED"}],"operationType":"UPDATE_FUNCTION","buildName":"projects/39673030784/locations/us-central1/builds/830db484-cb41-4eff-9aba-b4ffdf75488c"},"done":false}
[debug] [2026-08-28T16:32:20.774Z] [update-default-us-central1-criarPagamento] Retrying task index 0
[debug] [2026-08-28T16:32:20.775Z] Checked if tokens are valid: true, expires at: 1787937781267
[debug] [2026-08-28T16:32:20.775Z] Checked if tokens are valid: true, expires at: 1787937781267
[debug] [2026-08-28T16:32:20.776Z] >>> [apiv2][query] GET https://cloudfunctions.googleapis.com/v2/projects/acaraje-da-bencao/locations/us-central1/operations/operation-1787934212704-65a1ddfa1480f-b7fb9e6b-a370d649 [none]
[debug] [2026-08-28T16:46:04.403Z] *** [apiv2] error from fetch(https://cloudfunctions.googleapis.com/v2/projects/acaraje-da-bencao/locations/us-central1/operations/operation-1787934212704-65a1ddfa1480f-b7fb9e6b-a370d649, {"headers":{},"method":"GET"}): Error: read ECONNRESET
[debug] [2026-08-28T16:46:04.404Z] *** [apiv2] retrying https://cloudfunctions.googleapis.com/v2/projects/acaraje-da-bencao/locations/us-central1/operations/operation-1787934212704-65a1ddfa1480f-b7fb9e6b-a370d649 without keep-alive after a premature close error
[debug] [2026-08-28T16:46:05.420Z] *** [apiv2] Attempting the request again. Attempt number 2
[debug] [2026-08-28T16:46:05.421Z] >>> [apiv2][query] GET https://cloudfunctions.googleapis.com/v2/projects/acaraje-da-bencao/locations/us-central1/operations/operation-1787934212704-65a1ddfa1480f-b7fb9e6b-a370d649 [none]
[debug] [2026-08-28T16:46:07.919Z] <<< [apiv2][status] GET https://cloudfunctions.googleapis.com/v2/projects/acaraje-da-bencao/locations/us-central1/operations/operation-1787934212704-65a1ddfa1480f-b7fb9e6b-a370d649 200
[debug] [2026-08-28T16:46:07.920Z] <<< [apiv2][body] GET https://cloudfunctions.googleapis.com/v2/projects/acaraje-da-bencao/locations/us-central1/operations/operation-1787934212704-65a1ddfa1480f-b7fb9e6b-a370d649 {"name":"projects/acaraje-da-bencao/locations/us-central1/operations/operation-1787934212704-65a1ddfa1480f-b7fb9e6b-a370d649","metadata":{"@type":"type.googleapis.com/google.cloud.functions.v2.OperationMetadata","createTime":"2026-08-28T16:23:33.867389084Z","endTime":"2026-08-28T16:34:07.621122147Z","target":"projects/acaraje-da-bencao/locations/us-central1/functions/criarPagamento","verb":"update","cancelRequested":false,"apiVersion":"v2","requestResource":{"@type":"type.googleapis.com/google.cloud.functions.v2.Function","name":"projects/acaraje-da-bencao/locations/us-central1/functions/criarPagamento","buildConfig":{"runtime":"nodejs24","entryPoint":"criarPagamento","source":{"storageSource":{"bucket":"gcf-v2-sources-39673030784-us-central1","object":"criarPagamento/function-source.zip","generation":"1787934213801514"}},"environmentVariables":{"GOOGLE_NODE_RUN_SCRIPTS":""},"dockerRepository":"projects/acaraje-da-bencao/locations/us-central1/repositories/gcf-artifacts","sourceProvenance":{"resolvedStorageSource":{"bucket":"gcf-v2-sources-39673030784-us-central1","object":"criarPagamento/function-source.zip","generation":"1787924511941293"}},"dockerRegistry":"ARTIFACT_REGISTRY","serviceAccount":"projects/acaraje-da-bencao/serviceAccounts/39673030784-compute@developer.gserviceaccount.com","automaticUpdatePolicy":{}},"serviceConfig":{"service":"projects/acaraje-da-bencao/locations/us-central1/services/criarpagamento","timeoutSeconds":60,"environmentVariables":{"FIREBASE_CONFIG":"{\"projectId\":\"acaraje-da-bencao\",\"storageBucket\":\"acaraje-da-bencao.firebasestorage.app\"}","GCLOUD_PROJECT":"acaraje-da-bencao","EVENTARC_CLOUD_EVENT_SOURCE":"projects/acaraje-da-bencao/locations/us-central1/services/criarPagamento","FUNCTION_REGION":"us-central1","FUNCTION_TARGET":"criarPagamento","LOG_EXECUTION_ID":"true"},"ingressSettings":"ALLOW_ALL","uri":"https://criarpagamento-2mfyfptukq-uc.a.run.app","serviceAccountEmail":"39673030784-compute@developer.gserviceaccount.com","availableMemory":"256Mi","allTrafficOnLatestRevision":true,"secretEnvironmentVariables":[{"key":"MP_ACCESS_TOKEN","projectId":"acaraje-da-bencao","secret":"MP_ACCESS_TOKEN","version":"1"}],"revision":"criarpagamento-00008-vab","maxInstanceRequestConcurrency":80,"availableCpu":"1"},"state":"ACTIVE","labels":{"deployment-tool":"cli-firebase","firebase-functions-hash":"e4bc23d79e2bfde92aeded2a1577d5579e9c4023"},"environment":"GEN_2","url":"https://us-central1-acaraje-da-bencao.cloudfunctions.net/criarPagamento","satisfiesPzi":true},"stages":[{"name":"SERVICE","state":"NOT_STARTED"}],"operationType":"UPDATE_FUNCTION"},"done":true,"error":{"code":3,"message":"Build failed with status: CANCELLED and message: An unexpected error occurred. Refer to build logs: https://console.cloud.google.com/cloud-build/builds;region=us-central1/830db484-cb41-4eff-9aba-b4ffdf75488c?project=39673030784. For more details see the logs at https://console.cloud.google.com/cloud-build/builds;region=us-central1/830db484-cb41-4eff-9aba-b4ffdf75488c?project=39673030784."}}
[debug] [2026-08-28T16:46:07.920Z] Got source token undefined for region us-central1
[debug] [2026-08-28T16:46:07.991Z] Checked if tokens are valid: true, expires at: 1787937781267
[debug] [2026-08-28T16:46:07.992Z] Checked if tokens are valid: true, expires at: 1787937781267
[debug] [2026-08-28T16:46:08.089Z] >>> [apiv2][query] PATCH https://cloudfunctions.googleapis.com/v2/projects/acaraje-da-bencao/locations/us-central1/functions/webhookMercadoPago updateMask=name%2CbuildConfig.runtime%2CbuildConfig.entryPoint%2CbuildConfig.source.storageSource.bucket%2CbuildConfig.source.storageSource.object%2CbuildConfig.environmentVariables%2CbuildConfig.sourceToken%2CserviceConfig.environmentVariables%2CserviceConfig.secretEnvironmentVariables%2CserviceConfig.ingressSettings%2CserviceConfig.timeoutSeconds%2CserviceConfig.serviceAccountEmail%2CserviceConfig.availableMemory%2CserviceConfig.minInstanceCount%2CserviceConfig.maxInstanceCount%2CserviceConfig.maxInstanceRequestConcurrency%2CserviceConfig.availableCpu%2CserviceConfig.vpcConnector%2CserviceConfig.vpcConnectorEgressSettings%2CserviceConfig.directVpcNetworkInterface%2CserviceConfig.directVpcEgress%2Clabels
[debug] [2026-08-28T16:46:08.128Z] >>> [apiv2][body] PATCH https://cloudfunctions.googleapis.com/v2/projects/acaraje-da-bencao/locations/us-central1/functions/webhookMercadoPago {"name":"projects/acaraje-da-bencao/locations/us-central1/functions/webhookMercadoPago","buildConfig":{"runtime":"nodejs24","entryPoint":"webhookMercadoPago","source":{"storageSource":{"bucket":"gcf-v2-uploads-39673030784.us-central1.cloudfunctions.appspot.com","object":"c99ae46f-ec09-48ae-b8e7-9ce50d0de782.zip"}},"environmentVariables":{"GOOGLE_NODE_RUN_SCRIPTS":""}},"serviceConfig":{"environmentVariables":{"FIREBASE_CONFIG":"{\"projectId\":\"acaraje-da-bencao\",\"storageBucket\":\"acaraje-da-bencao.firebasestorage.app\"}","GCLOUD_PROJECT":"acaraje-da-bencao","EVENTARC_CLOUD_EVENT_SOURCE":"projects/acaraje-da-bencao/locations/us-central1/services/webhookMercadoPago","FUNCTION_REGION":"us-central1","FUNCTION_TARGET":"webhookMercadoPago","LOG_EXECUTION_ID":"true","FUNCTION_SIGNATURE_TYPE":"http"},"secretEnvironmentVariables":[{"key":"MP_ACCESS_TOKEN","secret":"MP_ACCESS_TOKEN","projectId":"acaraje-da-bencao","version":"1"}],"ingressSettings":null,"timeoutSeconds":null,"serviceAccountEmail":null,"availableMemory":"256Mi","minInstanceCount":null,"maxInstanceCount":null,"maxInstanceRequestConcurrency":80,"availableCpu":"1","vpcConnector":null,"vpcConnectorEgressSettings":null,"directVpcNetworkInterface":null,"directVpcEgress":null},"labels":{"deployment-tool":"cli-firebase","firebase-functions-hash":"e4bc23d79e2bfde92aeded2a1577d5579e9c4023"}}
[error] Build failed with status: CANCELLED and message: An unexpected error occurred. Refer to build logs: https://console.cloud.google.com/cloud-build/builds;region=us-central1/830db484-cb41-4eff-9aba-b4ffdf75488c?project=39673030784. For more details see the logs at https://console.cloud.google.com/cloud-build/builds;region=us-central1/830db484-cb41-4eff-9aba-b4ffdf75488c?project=39673030784.
[debug] [2026-08-28T16:46:13.647Z] <<< [apiv2][status] PATCH https://cloudfunctions.googleapis.com/v2/projects/acaraje-da-bencao/locations/us-central1/functions/webhookMercadoPago 200
[debug] [2026-08-28T16:46:13.647Z] <<< [apiv2][body] PATCH https://cloudfunctions.googleapis.com/v2/projects/acaraje-da-bencao/locations/us-central1/functions/webhookMercadoPago {"name":"projects/acaraje-da-bencao/locations/us-central1/operations/operation-1787935570932-65a1e309634d1-0aaf0327-0124112a","metadata":{"@type":"type.googleapis.com/google.cloud.functions.v2.OperationMetadata","createTime":"2026-08-28T16:46:13.577982747Z","target":"projects/acaraje-da-bencao/locations/us-central1/functions/webhookMercadoPago","verb":"update","cancelRequested":false,"apiVersion":"v2"},"done":false}
[debug] [2026-08-28T16:46:13.649Z] Checked if tokens are valid: true, expires at: 1787937781267
[debug] [2026-08-28T16:46:13.649Z] Checked if tokens are valid: true, expires at: 1787937781267
[debug] [2026-08-28T16:46:13.650Z] >>> [apiv2][query] GET https://cloudfunctions.googleapis.com/v2/projects/acaraje-da-bencao/locations/us-central1/operations/operation-1787935570932-65a1e309634d1-0aaf0327-0124112a [none]
[debug] [2026-08-28T16:46:14.665Z] <<< [apiv2][status] GET https://cloudfunctions.googleapis.com/v2/projects/acaraje-da-bencao/locations/us-central1/operations/operation-1787935570932-65a1e309634d1-0aaf0327-0124112a 200
[debug] [2026-08-28T16:46:14.666Z] <<< [apiv2][body] GET https://cloudfunctions.googleapis.com/v2/projects/acaraje-da-bencao/locations/us-central1/operations/operation-1787935570932-65a1e309634d1-0aaf0327-0124112a {"name":"projects/acaraje-da-bencao/locations/us-central1/operations/operation-1787935570932-65a1e309634d1-0aaf0327-0124112a","metadata":{"@type":"type.googleapis.com/google.cloud.functions.v2.OperationMetadata","createTime":"2026-08-28T16:46:13.577982747Z","target":"projects/acaraje-da-bencao/locations/us-central1/functions/webhookMercadoPago","verb":"update","cancelRequested":false,"apiVersion":"v2","requestResource":{"@type":"type.googleapis.com/google.cloud.functions.v2.Function","name":"projects/acaraje-da-bencao/locations/us-central1/functions/webhookMercadoPago","buildConfig":{"runtime":"nodejs24","entryPoint":"webhookMercadoPago","source":{"storageSource":{"bucket":"gcf-v2-sources-39673030784-us-central1","object":"webhookMercadoPago/function-source.zip","generation":"1787935573493116"}},"environmentVariables":{"GOOGLE_NODE_RUN_SCRIPTS":""},"dockerRepository":"projects/acaraje-da-bencao/locations/us-central1/repositories/gcf-artifacts","sourceProvenance":{"resolvedStorageSource":{"bucket":"gcf-v2-sources-39673030784-us-central1","object":"webhookMercadoPago/function-source.zip","generation":"1787924558707976"}},"dockerRegistry":"ARTIFACT_REGISTRY","serviceAccount":"projects/acaraje-da-bencao/serviceAccounts/39673030784-compute@developer.gserviceaccount.com","automaticUpdatePolicy":{}},"serviceConfig":{"service":"projects/acaraje-da-bencao/locations/us-central1/services/webhookmercadopago","timeoutSeconds":60,"environmentVariables":{"FIREBASE_CONFIG":"{\"projectId\":\"acaraje-da-bencao\",\"storageBucket\":\"acaraje-da-bencao.firebasestorage.app\"}","GCLOUD_PROJECT":"acaraje-da-bencao","EVENTARC_CLOUD_EVENT_SOURCE":"projects/acaraje-da-bencao/locations/us-central1/services/webhookMercadoPago","FUNCTION_REGION":"us-central1","FUNCTION_TARGET":"webhookMercadoPago","LOG_EXECUTION_ID":"true","FUNCTION_SIGNATURE_TYPE":"http"},"ingressSettings":"ALLOW_ALL","uri":"https://webhookmercadopago-2mfyfptukq-uc.a.run.app","serviceAccountEmail":"39673030784-compute@developer.gserviceaccount.com","availableMemory":"256Mi","allTrafficOnLatestRevision":true,"secretEnvironmentVariables":[{"key":"MP_ACCESS_TOKEN","projectId":"acaraje-da-bencao","secret":"MP_ACCESS_TOKEN","version":"1"}],"revision":"webhookmercadopago-00015-xoc","maxInstanceRequestConcurrency":80,"availableCpu":"1"},"state":"ACTIVE","labels":{"deployment-tool":"cli-firebase","firebase-functions-hash":"e4bc23d79e2bfde92aeded2a1577d5579e9c4023"},"environment":"GEN_2","url":"https://us-central1-acaraje-da-bencao.cloudfunctions.net/webhookMercadoPago","satisfiesPzi":true},"stages":[{"name":"BUILD","message":"Creating build","state":"IN_PROGRESS","resource":"projects/39673030784/locations/us-central1/builds/29fa866b-da31-4536-a54c-bc94ae7392ad","resourceUri":"https://console.cloud.google.com/cloud-build/builds;region=us-central1/29fa866b-da31-4536-a54c-bc94ae7392ad?project=39673030784"},{"name":"SERVICE","state":"NOT_STARTED"}],"operationType":"UPDATE_FUNCTION","buildName":"projects/39673030784/locations/us-central1/builds/29fa866b-da31-4536-a54c-bc94ae7392ad"},"done":false}
[debug] [2026-08-28T16:46:15.165Z] [update-default-us-central1-webhookMercadoPago] Retrying task index 0
[debug] [2026-08-28T16:46:15.166Z] Checked if tokens are valid: true, expires at: 1787937781267
[debug] [2026-08-28T16:46:15.166Z] Checked if tokens are valid: true, expires at: 1787937781267
[debug] [2026-08-28T16:46:15.167Z] >>> [apiv2][query] GET https://cloudfunctions.googleapis.com/v2/projects/acaraje-da-bencao/locations/us-central1/operations/operation-1787935570932-65a1e309634d1-0aaf0327-0124112a [none]
[debug] [2026-08-28T16:46:15.472Z] <<< [apiv2][status] GET https://cloudfunctions.googleapis.com/v2/projects/acaraje-da-bencao/locations/us-central1/operations/operation-1787935570932-65a1e309634d1-0aaf0327-0124112a 200
[debug] [2026-08-28T16:46:15.473Z] <<< [apiv2][body] GET https://cloudfunctions.googleapis.com/v2/projects/acaraje-da-bencao/locations/us-central1/operations/operation-1787935570932-65a1e309634d1-0aaf0327-0124112a {"name":"projects/acaraje-da-bencao/locations/us-central1/operations/operation-1787935570932-65a1e309634d1-0aaf0327-0124112a","metadata":{"@type":"type.googleapis.com/google.cloud.functions.v2.OperationMetadata","createTime":"2026-08-28T16:46:13.577982747Z","target":"projects/acaraje-da-bencao/locations/us-central1/functions/webhookMercadoPago","verb":"update","cancelRequested":false,"apiVersion":"v2","requestResource":{"@type":"type.googleapis.com/google.cloud.functions.v2.Function","name":"projects/acaraje-da-bencao/locations/us-central1/functions/webhookMercadoPago","buildConfig":{"runtime":"nodejs24","entryPoint":"webhookMercadoPago","source":{"storageSource":{"bucket":"gcf-v2-sources-39673030784-us-central1","object":"webhookMercadoPago/function-source.zip","generation":"1787935573493116"}},"environmentVariables":{"GOOGLE_NODE_RUN_SCRIPTS":""},"dockerRepository":"projects/acaraje-da-bencao/locations/us-central1/repositories/gcf-artifacts","sourceProvenance":{"resolvedStorageSource":{"bucket":"gcf-v2-sources-39673030784-us-central1","object":"webhookMercadoPago/function-source.zip","generation":"1787924558707976"}},"dockerRegistry":"ARTIFACT_REGISTRY","serviceAccount":"projects/acaraje-da-bencao/serviceAccounts/39673030784-compute@developer.gserviceaccount.com","automaticUpdatePolicy":{}},"serviceConfig":{"service":"projects/acaraje-da-bencao/locations/us-central1/services/webhookmercadopago","timeoutSeconds":60,"environmentVariables":{"FIREBASE_CONFIG":"{\"projectId\":\"acaraje-da-bencao\",\"storageBucket\":\"acaraje-da-bencao.firebasestorage.app\"}","GCLOUD_PROJECT":"acaraje-da-bencao","EVENTARC_CLOUD_EVENT_SOURCE":"projects/acaraje-da-bencao/locations/us-central1/services/webhookMercadoPago","FUNCTION_REGION":"us-central1","FUNCTION_TARGET":"webhookMercadoPago","LOG_EXECUTION_ID":"true","FUNCTION_SIGNATURE_TYPE":"http"},"ingressSettings":"ALLOW_ALL","uri":"https://webhookmercadopago-2mfyfptukq-uc.a.run.app","serviceAccountEmail":"39673030784-compute@developer.gserviceaccount.com","availableMemory":"256Mi","allTrafficOnLatestRevision":true,"secretEnvironmentVariables":[{"key":"MP_ACCESS_TOKEN","projectId":"acaraje-da-bencao","secret":"MP_ACCESS_TOKEN","version":"1"}],"revision":"webhookmercadopago-00015-xoc","maxInstanceRequestConcurrency":80,"availableCpu":"1"},"state":"ACTIVE","labels":{"deployment-tool":"cli-firebase","firebase-functions-hash":"e4bc23d79e2bfde92aeded2a1577d5579e9c4023"},"environment":"GEN_2","url":"https://us-central1-acaraje-da-bencao.cloudfunctions.net/webhookMercadoPago","satisfiesPzi":true},"stages":[{"name":"BUILD","message":"Build in progress","state":"IN_PROGRESS","resource":"projects/39673030784/locations/us-central1/builds/29fa866b-da31-4536-a54c-bc94ae7392ad","resourceUri":"https://console.cloud.google.com/cloud-build/builds;region=us-central1/29fa866b-da31-4536-a54c-bc94ae7392ad?project=39673030784"},{"name":"SERVICE","state":"NOT_STARTED"}],"operationType":"UPDATE_FUNCTION","buildName":"projects/39673030784/locations/us-central1/builds/29fa866b-da31-4536-a54c-bc94ae7392ad"},"done":false}
[debug] [2026-08-28T16:46:16.487Z] [update-default-us-central1-webhookMercadoPago] Retrying task index 0
[debug] [2026-08-28T16:46:16.488Z] Checked if tokens are valid: true, expires at: 1787937781267
[debug] [2026-08-28T16:46:16.489Z] Checked if tokens are valid: true, expires at: 1787937781267
[debug] [2026-08-28T16:46:16.489Z] >>> [apiv2][query] GET https://cloudfunctions.googleapis.com/v2/projects/acaraje-da-bencao/locations/us-central1/operations/operation-1787935570932-65a1e309634d1-0aaf0327-0124112a [none]
[debug] [2026-08-28T16:46:17.483Z] <<< [apiv2][status] GET https://cloudfunctions.googleapis.com/v2/projects/acaraje-da-bencao/locations/us-central1/operations/operation-1787935570932-65a1e309634d1-0aaf0327-0124112a 200
[debug] [2026-08-28T16:46:17.483Z] <<< [apiv2][body] GET https://cloudfunctions.googleapis.com/v2/projects/acaraje-da-bencao/locations/us-central1/operations/operation-1787935570932-65a1e309634d1-0aaf0327-0124112a {"name":"projects/acaraje-da-bencao/locations/us-central1/operations/operation-1787935570932-65a1e309634d1-0aaf0327-0124112a","metadata":{"@type":"type.googleapis.com/google.cloud.functions.v2.OperationMetadata","createTime":"2026-08-28T16:46:13.577982747Z","target":"projects/acaraje-da-bencao/locations/us-central1/functions/webhookMercadoPago","verb":"update","cancelRequested":false,"apiVersion":"v2","requestResource":{"@type":"type.googleapis.com/google.cloud.functions.v2.Function","name":"projects/acaraje-da-bencao/locations/us-central1/functions/webhookMercadoPago","buildConfig":{"runtime":"nodejs24","entryPoint":"webhookMercadoPago","source":{"storageSource":{"bucket":"gcf-v2-sources-39673030784-us-central1","object":"webhookMercadoPago/function-source.zip","generation":"1787935573493116"}},"environmentVariables":{"GOOGLE_NODE_RUN_SCRIPTS":""},"dockerRepository":"projects/acaraje-da-bencao/locations/us-central1/repositories/gcf-artifacts","sourceProvenance":{"resolvedStorageSource":{"bucket":"gcf-v2-sources-39673030784-us-central1","object":"webhookMercadoPago/function-source.zip","generation":"1787924558707976"}},"dockerRegistry":"ARTIFACT_REGISTRY","serviceAccount":"projects/acaraje-da-bencao/serviceAccounts/39673030784-compute@developer.gserviceaccount.com","automaticUpdatePolicy":{}},"serviceConfig":{"service":"projects/acaraje-da-bencao/locations/us-central1/services/webhookmercadopago","timeoutSeconds":60,"environmentVariables":{"FIREBASE_CONFIG":"{\"projectId\":\"acaraje-da-bencao\",\"storageBucket\":\"acaraje-da-bencao.firebasestorage.app\"}","GCLOUD_PROJECT":"acaraje-da-bencao","EVENTARC_CLOUD_EVENT_SOURCE":"projects/acaraje-da-bencao/locations/us-central1/services/webhookMercadoPago","FUNCTION_REGION":"us-central1","FUNCTION_TARGET":"webhookMercadoPago","LOG_EXECUTION_ID":"true","FUNCTION_SIGNATURE_TYPE":"http"},"ingressSettings":"ALLOW_ALL","uri":"https://webhookmercadopago-2mfyfptukq-uc.a.run.app","serviceAccountEmail":"39673030784-compute@developer.gserviceaccount.com","availableMemory":"256Mi","allTrafficOnLatestRevision":true,"secretEnvironmentVariables":[{"key":"MP_ACCESS_TOKEN","projectId":"acaraje-da-bencao","secret":"MP_ACCESS_TOKEN","version":"1"}],"revision":"webhookmercadopago-00015-xoc","maxInstanceRequestConcurrency":80,"availableCpu":"1"},"state":"ACTIVE","labels":{"deployment-tool":"cli-firebase","firebase-functions-hash":"e4bc23d79e2bfde92aeded2a1577d5579e9c4023"},"environment":"GEN_2","url":"https://us-central1-acaraje-da-bencao.cloudfunctions.net/webhookMercadoPago","satisfiesPzi":true},"stages":[{"name":"BUILD","message":"Build in progress","state":"IN_PROGRESS","resource":"projects/39673030784/locations/us-central1/builds/29fa866b-da31-4536-a54c-bc94ae7392ad","resourceUri":"https://console.cloud.google.com/cloud-build/builds;region=us-central1/29fa866b-da31-4536-a54c-bc94ae7392ad?project=39673030784"},{"name":"SERVICE","state":"NOT_STARTED"}],"operationType":"UPDATE_FUNCTION","buildName":"projects/39673030784/locations/us-central1/builds/29fa866b-da31-4536-a54c-bc94ae7392ad"},"done":false}
[debug] [2026-08-28T16:46:19.497Z] [update-default-us-central1-webhookMercadoPago] Retrying task index 0
[debug] [2026-08-28T16:46:19.497Z] Checked if tokens are valid: true, expires at: 1787937781267
[debug] [2026-08-28T16:46:19.498Z] Checked if tokens are valid: true, expires at: 1787937781267
[debug] [2026-08-28T16:46:19.498Z] >>> [apiv2][query] GET https://cloudfunctions.googleapis.com/v2/projects/acaraje-da-bencao/locations/us-central1/operations/operation-1787935570932-65a1e309634d1-0aaf0327-0124112a [none]
[debug] [2026-08-28T16:46:20.524Z] <<< [apiv2][status] GET https://cloudfunctions.googleapis.com/v2/projects/acaraje-da-bencao/locations/us-central1/operations/operation-1787935570932-65a1e309634d1-0aaf0327-0124112a 200
[debug] [2026-08-28T16:46:20.525Z] <<< [apiv2][body] GET https://cloudfunctions.googleapis.com/v2/projects/acaraje-da-bencao/locations/us-central1/operations/operation-1787935570932-65a1e309634d1-0aaf0327-0124112a {"name":"projects/acaraje-da-bencao/locations/us-central1/operations/operation-1787935570932-65a1e309634d1-0aaf0327-0124112a","metadata":{"@type":"type.googleapis.com/google.cloud.functions.v2.OperationMetadata","createTime":"2026-08-28T16:46:13.577982747Z","target":"projects/acaraje-da-bencao/locations/us-central1/functions/webhookMercadoPago","verb":"update","cancelRequested":false,"apiVersion":"v2","requestResource":{"@type":"type.googleapis.com/google.cloud.functions.v2.Function","name":"projects/acaraje-da-bencao/locations/us-central1/functions/webhookMercadoPago","buildConfig":{"runtime":"nodejs24","entryPoint":"webhookMercadoPago","source":{"storageSource":{"bucket":"gcf-v2-sources-39673030784-us-central1","object":"webhookMercadoPago/function-source.zip","generation":"1787935573493116"}},"environmentVariables":{"GOOGLE_NODE_RUN_SCRIPTS":""},"dockerRepository":"projects/acaraje-da-bencao/locations/us-central1/repositories/gcf-artifacts","sourceProvenance":{"resolvedStorageSource":{"bucket":"gcf-v2-sources-39673030784-us-central1","object":"webhookMercadoPago/function-source.zip","generation":"1787924558707976"}},"dockerRegistry":"ARTIFACT_REGISTRY","serviceAccount":"projects/acaraje-da-bencao/serviceAccounts/39673030784-compute@developer.gserviceaccount.com","automaticUpdatePolicy":{}},"serviceConfig":{"service":"projects/acaraje-da-bencao/locations/us-central1/services/webhookmercadopago","timeoutSeconds":60,"environmentVariables":{"FIREBASE_CONFIG":"{\"projectId\":\"acaraje-da-bencao\",\"storageBucket\":\"acaraje-da-bencao.firebasestorage.app\"}","GCLOUD_PROJECT":"acaraje-da-bencao","EVENTARC_CLOUD_EVENT_SOURCE":"projects/acaraje-da-bencao/locations/us-central1/services/webhookMercadoPago","FUNCTION_REGION":"us-central1","FUNCTION_TARGET":"webhookMercadoPago","LOG_EXECUTION_ID":"true","FUNCTION_SIGNATURE_TYPE":"http"},"ingressSettings":"ALLOW_ALL","uri":"https://webhookmercadopago-2mfyfptukq-uc.a.run.app","serviceAccountEmail":"39673030784-compute@developer.gserviceaccount.com","availableMemory":"256Mi","allTrafficOnLatestRevision":true,"secretEnvironmentVariables":[{"key":"MP_ACCESS_TOKEN","projectId":"acaraje-da-bencao","secret":"MP_ACCESS_TOKEN","version":"1"}],"revision":"webhookmercadopago-00015-xoc","maxInstanceRequestConcurrency":80,"availableCpu":"1"},"state":"ACTIVE","labels":{"deployment-tool":"cli-firebase","firebase-functions-hash":"e4bc23d79e2bfde92aeded2a1577d5579e9c4023"},"environment":"GEN_2","url":"https://us-central1-acaraje-da-bencao.cloudfunctions.net/webhookMercadoPago","satisfiesPzi":true},"stages":[{"name":"BUILD","message":"Build in progress","state":"IN_PROGRESS","resource":"projects/39673030784/locations/us-central1/builds/29fa866b-da31-4536-a54c-bc94ae7392ad","resourceUri":"https://console.cloud.google.com/cloud-build/builds;region=us-central1/29fa866b-da31-4536-a54c-bc94ae7392ad?project=39673030784"},{"name":"SERVICE","state":"NOT_STARTED"}],"operationType":"UPDATE_FUNCTION","buildName":"projects/39673030784/locations/us-central1/builds/29fa866b-da31-4536-a54c-bc94ae7392ad"},"done":false}
[debug] [2026-08-28T16:46:24.529Z] [update-default-us-central1-webhookMercadoPago] Retrying task index 0
[debug] [2026-08-28T16:46:24.529Z] Checked if tokens are valid: true, expires at: 1787937781267
[debug] [2026-08-28T16:46:24.529Z] Checked if tokens are valid: true, expires at: 1787937781267
[debug] [2026-08-28T16:46:24.529Z] >>> [apiv2][query] GET https://cloudfunctions.googleapis.com/v2/projects/acaraje-da-bencao/locations/us-central1/operations/operation-1787935570932-65a1e309634d1-0aaf0327-0124112a [none]
[debug] [2026-08-28T16:46:25.729Z] <<< [apiv2][status] GET https://cloudfunctions.googleapis.com/v2/projects/acaraje-da-bencao/locations/us-central1/operations/operation-1787935570932-65a1e309634d1-0aaf0327-0124112a 200
[debug] [2026-08-28T16:46:25.730Z] <<< [apiv2][body] GET https://cloudfunctions.googleapis.com/v2/projects/acaraje-da-bencao/locations/us-central1/operations/operation-1787935570932-65a1e309634d1-0aaf0327-0124112a {"name":"projects/acaraje-da-bencao/locations/us-central1/operations/operation-1787935570932-65a1e309634d1-0aaf0327-0124112a","metadata":{"@type":"type.googleapis.com/google.cloud.functions.v2.OperationMetadata","createTime":"2026-08-28T16:46:13.577982747Z","target":"projects/acaraje-da-bencao/locations/us-central1/functions/webhookMercadoPago","verb":"update","cancelRequested":false,"apiVersion":"v2","requestResource":{"@type":"type.googleapis.com/google.cloud.functions.v2.Function","name":"projects/acaraje-da-bencao/locations/us-central1/functions/webhookMercadoPago","buildConfig":{"runtime":"nodejs24","entryPoint":"webhookMercadoPago","source":{"storageSource":{"bucket":"gcf-v2-sources-39673030784-us-central1","object":"webhookMercadoPago/function-source.zip","generation":"1787935573493116"}},"environmentVariables":{"GOOGLE_NODE_RUN_SCRIPTS":""},"dockerRepository":"projects/acaraje-da-bencao/locations/us-central1/repositories/gcf-artifacts","sourceProvenance":{"resolvedStorageSource":{"bucket":"gcf-v2-sources-39673030784-us-central1","object":"webhookMercadoPago/function-source.zip","generation":"1787924558707976"}},"dockerRegistry":"ARTIFACT_REGISTRY","serviceAccount":"projects/acaraje-da-bencao/serviceAccounts/39673030784-compute@developer.gserviceaccount.com","automaticUpdatePolicy":{}},"serviceConfig":{"service":"projects/acaraje-da-bencao/locations/us-central1/services/webhookmercadopago","timeoutSeconds":60,"environmentVariables":{"FIREBASE_CONFIG":"{\"projectId\":\"acaraje-da-bencao\",\"storageBucket\":\"acaraje-da-bencao.firebasestorage.app\"}","GCLOUD_PROJECT":"acaraje-da-bencao","EVENTARC_CLOUD_EVENT_SOURCE":"projects/acaraje-da-bencao/locations/us-central1/services/webhookMercadoPago","FUNCTION_REGION":"us-central1","FUNCTION_TARGET":"webhookMercadoPago","LOG_EXECUTION_ID":"true","FUNCTION_SIGNATURE_TYPE":"http"},"ingressSettings":"ALLOW_ALL","uri":"https://webhookmercadopago-2mfyfptukq-uc.a.run.app","serviceAccountEmail":"39673030784-compute@developer.gserviceaccount.com","availableMemory":"256Mi","allTrafficOnLatestRevision":true,"secretEnvironmentVariables":[{"key":"MP_ACCESS_TOKEN","projectId":"acaraje-da-bencao","secret":"MP_ACCESS_TOKEN","version":"1"}],"revision":"webhookmercadopago-00015-xoc","maxInstanceRequestConcurrency":80,"availableCpu":"1"},"state":"ACTIVE","labels":{"deployment-tool":"cli-firebase","firebase-functions-hash":"e4bc23d79e2bfde92aeded2a1577d5579e9c4023"},"environment":"GEN_2","url":"https://us-central1-acaraje-da-bencao.cloudfunctions.net/webhookMercadoPago","satisfiesPzi":true},"stages":[{"name":"BUILD","message":"Build in progress","state":"IN_PROGRESS","resource":"projects/39673030784/locations/us-central1/builds/29fa866b-da31-4536-a54c-bc94ae7392ad","resourceUri":"https://console.cloud.google.com/cloud-build/builds;region=us-central1/29fa866b-da31-4536-a54c-bc94ae7392ad?project=39673030784"},{"name":"SERVICE","state":"NOT_STARTED"}],"operationType":"UPDATE_FUNCTION","buildName":"projects/39673030784/locations/us-central1/builds/29fa866b-da31-4536-a54c-bc94ae7392ad"},"done":false}
[debug] [2026-08-28T16:46:33.737Z] [update-default-us-central1-webhookMercadoPago] Retrying task index 0
[debug] [2026-08-28T16:46:33.738Z] Checked if tokens are valid: true, expires at: 1787937781267
[debug] [2026-08-28T16:46:33.738Z] Checked if tokens are valid: true, expires at: 1787937781267
[debug] [2026-08-28T16:46:33.739Z] >>> [apiv2][query] GET https://cloudfunctions.googleapis.com/v2/projects/acaraje-da-bencao/locations/us-central1/operations/operation-1787935570932-65a1e309634d1-0aaf0327-0124112a [none]
[debug] [2026-08-28T16:46:34.438Z] <<< [apiv2][status] GET https://cloudfunctions.googleapis.com/v2/projects/acaraje-da-bencao/locations/us-central1/operations/operation-1787935570932-65a1e309634d1-0aaf0327-0124112a 200
[debug] [2026-08-28T16:46:34.439Z] <<< [apiv2][body] GET https://cloudfunctions.googleapis.com/v2/projects/acaraje-da-bencao/locations/us-central1/operations/operation-1787935570932-65a1e309634d1-0aaf0327-0124112a {"name":"projects/acaraje-da-bencao/locations/us-central1/operations/operation-1787935570932-65a1e309634d1-0aaf0327-0124112a","metadata":{"@type":"type.googleapis.com/google.cloud.functions.v2.OperationMetadata","createTime":"2026-08-28T16:46:13.577982747Z","target":"projects/acaraje-da-bencao/locations/us-central1/functions/webhookMercadoPago","verb":"update","cancelRequested":false,"apiVersion":"v2","requestResource":{"@type":"type.googleapis.com/google.cloud.functions.v2.Function","name":"projects/acaraje-da-bencao/locations/us-central1/functions/webhookMercadoPago","buildConfig":{"runtime":"nodejs24","entryPoint":"webhookMercadoPago","source":{"storageSource":{"bucket":"gcf-v2-sources-39673030784-us-central1","object":"webhookMercadoPago/function-source.zip","generation":"1787935573493116"}},"environmentVariables":{"GOOGLE_NODE_RUN_SCRIPTS":""},"dockerRepository":"projects/acaraje-da-bencao/locations/us-central1/repositories/gcf-artifacts","sourceProvenance":{"resolvedStorageSource":{"bucket":"gcf-v2-sources-39673030784-us-central1","object":"webhookMercadoPago/function-source.zip","generation":"1787924558707976"}},"dockerRegistry":"ARTIFACT_REGISTRY","serviceAccount":"projects/acaraje-da-bencao/serviceAccounts/39673030784-compute@developer.gserviceaccount.com","automaticUpdatePolicy":{}},"serviceConfig":{"service":"projects/acaraje-da-bencao/locations/us-central1/services/webhookmercadopago","timeoutSeconds":60,"environmentVariables":{"FIREBASE_CONFIG":"{\"projectId\":\"acaraje-da-bencao\",\"storageBucket\":\"acaraje-da-bencao.firebasestorage.app\"}","GCLOUD_PROJECT":"acaraje-da-bencao","EVENTARC_CLOUD_EVENT_SOURCE":"projects/acaraje-da-bencao/locations/us-central1/services/webhookMercadoPago","FUNCTION_REGION":"us-central1","FUNCTION_TARGET":"webhookMercadoPago","LOG_EXECUTION_ID":"true","FUNCTION_SIGNATURE_TYPE":"http"},"ingressSettings":"ALLOW_ALL","uri":"https://webhookmercadopago-2mfyfptukq-uc.a.run.app","serviceAccountEmail":"39673030784-compute@developer.gserviceaccount.com","availableMemory":"256Mi","allTrafficOnLatestRevision":true,"secretEnvironmentVariables":[{"key":"MP_ACCESS_TOKEN","projectId":"acaraje-da-bencao","secret":"MP_ACCESS_TOKEN","version":"1"}],"revision":"webhookmercadopago-00015-xoc","maxInstanceRequestConcurrency":80,"availableCpu":"1"},"state":"ACTIVE","labels":{"deployment-tool":"cli-firebase","firebase-functions-hash":"e4bc23d79e2bfde92aeded2a1577d5579e9c4023"},"environment":"GEN_2","url":"https://us-central1-acaraje-da-bencao.cloudfunctions.net/webhookMercadoPago","satisfiesPzi":true},"stages":[{"name":"BUILD","message":"Build in progress","state":"IN_PROGRESS","resource":"projects/39673030784/locations/us-central1/builds/29fa866b-da31-4536-a54c-bc94ae7392ad","resourceUri":"https://console.cloud.google.com/cloud-build/builds;region=us-central1/29fa866b-da31-4536-a54c-bc94ae7392ad?project=39673030784"},{"name":"SERVICE","state":"NOT_STARTED"}],"operationType":"UPDATE_FUNCTION","buildName":"projects/39673030784/locations/us-central1/builds/29fa866b-da31-4536-a54c-bc94ae7392ad"},"done":false}
[debug] [2026-08-28T16:46:44.454Z] [update-default-us-central1-webhookMercadoPago] Retrying task index 0
[debug] [2026-08-28T16:46:44.454Z] Checked if tokens are valid: true, expires at: 1787937781267
[debug] [2026-08-28T16:46:44.454Z] Checked if tokens are valid: true, expires at: 1787937781267
[debug] [2026-08-28T16:46:44.455Z] >>> [apiv2][query] GET https://cloudfunctions.googleapis.com/v2/projects/acaraje-da-bencao/locations/us-central1/operations/operation-1787935570932-65a1e309634d1-0aaf0327-0124112a [none]
[debug] [2026-08-28T16:46:45.861Z] <<< [apiv2][status] GET https://cloudfunctions.googleapis.com/v2/projects/acaraje-da-bencao/locations/us-central1/operations/operation-1787935570932-65a1e309634d1-0aaf0327-0124112a 200
[debug] [2026-08-28T16:46:45.861Z] <<< [apiv2][body] GET https://cloudfunctions.googleapis.com/v2/projects/acaraje-da-bencao/locations/us-central1/operations/operation-1787935570932-65a1e309634d1-0aaf0327-0124112a {"name":"projects/acaraje-da-bencao/locations/us-central1/operations/operation-1787935570932-65a1e309634d1-0aaf0327-0124112a","metadata":{"@type":"type.googleapis.com/google.cloud.functions.v2.OperationMetadata","createTime":"2026-08-28T16:46:13.577982747Z","target":"projects/acaraje-da-bencao/locations/us-central1/functions/webhookMercadoPago","verb":"update","cancelRequested":false,"apiVersion":"v2","requestResource":{"@type":"type.googleapis.com/google.cloud.functions.v2.Function","name":"projects/acaraje-da-bencao/locations/us-central1/functions/webhookMercadoPago","buildConfig":{"runtime":"nodejs24","entryPoint":"webhookMercadoPago","source":{"storageSource":{"bucket":"gcf-v2-sources-39673030784-us-central1","object":"webhookMercadoPago/function-source.zip","generation":"1787935573493116"}},"environmentVariables":{"GOOGLE_NODE_RUN_SCRIPTS":""},"dockerRepository":"projects/acaraje-da-bencao/locations/us-central1/repositories/gcf-artifacts","sourceProvenance":{"resolvedStorageSource":{"bucket":"gcf-v2-sources-39673030784-us-central1","object":"webhookMercadoPago/function-source.zip","generation":"1787924558707976"}},"dockerRegistry":"ARTIFACT_REGISTRY","serviceAccount":"projects/acaraje-da-bencao/serviceAccounts/39673030784-compute@developer.gserviceaccount.com","automaticUpdatePolicy":{}},"serviceConfig":{"service":"projects/acaraje-da-bencao/locations/us-central1/services/webhookmercadopago","timeoutSeconds":60,"environmentVariables":{"FIREBASE_CONFIG":"{\"projectId\":\"acaraje-da-bencao\",\"storageBucket\":\"acaraje-da-bencao.firebasestorage.app\"}","GCLOUD_PROJECT":"acaraje-da-bencao","EVENTARC_CLOUD_EVENT_SOURCE":"projects/acaraje-da-bencao/locations/us-central1/services/webhookMercadoPago","FUNCTION_REGION":"us-central1","FUNCTION_TARGET":"webhookMercadoPago","LOG_EXECUTION_ID":"true","FUNCTION_SIGNATURE_TYPE":"http"},"ingressSettings":"ALLOW_ALL","uri":"https://webhookmercadopago-2mfyfptukq-uc.a.run.app","serviceAccountEmail":"39673030784-compute@developer.gserviceaccount.com","availableMemory":"256Mi","allTrafficOnLatestRevision":true,"secretEnvironmentVariables":[{"key":"MP_ACCESS_TOKEN","projectId":"acaraje-da-bencao","secret":"MP_ACCESS_TOKEN","version":"1"}],"revision":"webhookmercadopago-00015-xoc","maxInstanceRequestConcurrency":80,"availableCpu":"1"},"state":"ACTIVE","labels":{"deployment-tool":"cli-firebase","firebase-functions-hash":"e4bc23d79e2bfde92aeded2a1577d5579e9c4023"},"environment":"GEN_2","url":"https://us-central1-acaraje-da-bencao.cloudfunctions.net/webhookMercadoPago","satisfiesPzi":true},"stages":[{"name":"BUILD","message":"Build in progress","state":"IN_PROGRESS","resource":"projects/39673030784/locations/us-central1/builds/29fa866b-da31-4536-a54c-bc94ae7392ad","resourceUri":"https://console.cloud.google.com/cloud-build/builds;region=us-central1/29fa866b-da31-4536-a54c-bc94ae7392ad?project=39673030784"},{"name":"SERVICE","state":"NOT_STARTED"}],"operationType":"UPDATE_FUNCTION","buildName":"projects/39673030784/locations/us-central1/builds/29fa866b-da31-4536-a54c-bc94ae7392ad"},"done":false}
[debug] [2026-08-28T16:46:55.874Z] [update-default-us-central1-webhookMercadoPago] Retrying task index 0
[debug] [2026-08-28T16:46:55.874Z] Checked if tokens are valid: true, expires at: 1787937781267
[debug] [2026-08-28T16:46:55.874Z] Checked if tokens are valid: true, expires at: 1787937781267
[debug] [2026-08-28T16:46:55.874Z] >>> [apiv2][query] GET https://cloudfunctions.googleapis.com/v2/projects/acaraje-da-bencao/locations/us-central1/operations/operation-1787935570932-65a1e309634d1-0aaf0327-0124112a [none]
[debug] [2026-08-28T16:46:57.362Z] <<< [apiv2][status] GET https://cloudfunctions.googleapis.com/v2/projects/acaraje-da-bencao/locations/us-central1/operations/operation-1787935570932-65a1e309634d1-0aaf0327-0124112a 200
[debug] [2026-08-28T16:46:57.363Z] <<< [apiv2][body] GET https://cloudfunctions.googleapis.com/v2/projects/acaraje-da-bencao/locations/us-central1/operations/operation-1787935570932-65a1e309634d1-0aaf0327-0124112a {"name":"projects/acaraje-da-bencao/locations/us-central1/operations/operation-1787935570932-65a1e309634d1-0aaf0327-0124112a","metadata":{"@type":"type.googleapis.com/google.cloud.functions.v2.OperationMetadata","createTime":"2026-08-28T16:46:13.577982747Z","target":"projects/acaraje-da-bencao/locations/us-central1/functions/webhookMercadoPago","verb":"update","cancelRequested":false,"apiVersion":"v2","requestResource":{"@type":"type.googleapis.com/google.cloud.functions.v2.Function","name":"projects/acaraje-da-bencao/locations/us-central1/functions/webhookMercadoPago","buildConfig":{"runtime":"nodejs24","entryPoint":"webhookMercadoPago","source":{"storageSource":{"bucket":"gcf-v2-sources-39673030784-us-central1","object":"webhookMercadoPago/function-source.zip","generation":"1787935573493116"}},"environmentVariables":{"GOOGLE_NODE_RUN_SCRIPTS":""},"dockerRepository":"projects/acaraje-da-bencao/locations/us-central1/repositories/gcf-artifacts","sourceProvenance":{"resolvedStorageSource":{"bucket":"gcf-v2-sources-39673030784-us-central1","object":"webhookMercadoPago/function-source.zip","generation":"1787924558707976"}},"dockerRegistry":"ARTIFACT_REGISTRY","serviceAccount":"projects/acaraje-da-bencao/serviceAccounts/39673030784-compute@developer.gserviceaccount.com","automaticUpdatePolicy":{}},"serviceConfig":{"service":"projects/acaraje-da-bencao/locations/us-central1/services/webhookmercadopago","timeoutSeconds":60,"environmentVariables":{"FIREBASE_CONFIG":"{\"projectId\":\"acaraje-da-bencao\",\"storageBucket\":\"acaraje-da-bencao.firebasestorage.app\"}","GCLOUD_PROJECT":"acaraje-da-bencao","EVENTARC_CLOUD_EVENT_SOURCE":"projects/acaraje-da-bencao/locations/us-central1/services/webhookMercadoPago","FUNCTION_REGION":"us-central1","FUNCTION_TARGET":"webhookMercadoPago","LOG_EXECUTION_ID":"true","FUNCTION_SIGNATURE_TYPE":"http"},"ingressSettings":"ALLOW_ALL","uri":"https://webhookmercadopago-2mfyfptukq-uc.a.run.app","serviceAccountEmail":"39673030784-compute@developer.gserviceaccount.com","availableMemory":"256Mi","allTrafficOnLatestRevision":true,"secretEnvironmentVariables":[{"key":"MP_ACCESS_TOKEN","projectId":"acaraje-da-bencao","secret":"MP_ACCESS_TOKEN","version":"1"}],"revision":"webhookmercadopago-00015-xoc","maxInstanceRequestConcurrency":80,"availableCpu":"1"},"state":"ACTIVE","labels":{"deployment-tool":"cli-firebase","firebase-functions-hash":"e4bc23d79e2bfde92aeded2a1577d5579e9c4023"},"environment":"GEN_2","url":"https://us-central1-acaraje-da-bencao.cloudfunctions.net/webhookMercadoPago","satisfiesPzi":true},"stages":[{"name":"BUILD","message":"Build in progress","state":"IN_PROGRESS","resource":"projects/39673030784/locations/us-central1/builds/29fa866b-da31-4536-a54c-bc94ae7392ad","resourceUri":"https://console.cloud.google.com/cloud-build/builds;region=us-central1/29fa866b-da31-4536-a54c-bc94ae7392ad?project=39673030784"},{"name":"SERVICE","state":"NOT_STARTED"}],"operationType":"UPDATE_FUNCTION","buildName":"projects/39673030784/locations/us-central1/builds/29fa866b-da31-4536-a54c-bc94ae7392ad"},"done":false}
[debug] [2026-08-28T16:47:07.368Z] [update-default-us-central1-webhookMercadoPago] Retrying task index 0
[debug] [2026-08-28T16:47:07.369Z] Checked if tokens are valid: true, expires at: 1787937781267
[debug] [2026-08-28T16:47:07.369Z] Checked if tokens are valid: true, expires at: 1787937781267
[debug] [2026-08-28T16:47:07.369Z] >>> [apiv2][query] GET https://cloudfunctions.googleapis.com/v2/projects/acaraje-da-bencao/locations/us-central1/operations/operation-1787935570932-65a1e309634d1-0aaf0327-0124112a [none]
[debug] [2026-08-28T16:47:08.568Z] <<< [apiv2][status] GET https://cloudfunctions.googleapis.com/v2/projects/acaraje-da-bencao/locations/us-central1/operations/operation-1787935570932-65a1e309634d1-0aaf0327-0124112a 200
[debug] [2026-08-28T16:47:08.568Z] <<< [apiv2][body] GET https://cloudfunctions.googleapis.com/v2/projects/acaraje-da-bencao/locations/us-central1/operations/operation-1787935570932-65a1e309634d1-0aaf0327-0124112a {"name":"projects/acaraje-da-bencao/locations/us-central1/operations/operation-1787935570932-65a1e309634d1-0aaf0327-0124112a","metadata":{"@type":"type.googleapis.com/google.cloud.functions.v2.OperationMetadata","createTime":"2026-08-28T16:46:13.577982747Z","target":"projects/acaraje-da-bencao/locations/us-central1/functions/webhookMercadoPago","verb":"update","cancelRequested":false,"apiVersion":"v2","requestResource":{"@type":"type.googleapis.com/google.cloud.functions.v2.Function","name":"projects/acaraje-da-bencao/locations/us-central1/functions/webhookMercadoPago","buildConfig":{"runtime":"nodejs24","entryPoint":"webhookMercadoPago","source":{"storageSource":{"bucket":"gcf-v2-sources-39673030784-us-central1","object":"webhookMercadoPago/function-source.zip","generation":"1787935573493116"}},"environmentVariables":{"GOOGLE_NODE_RUN_SCRIPTS":""},"dockerRepository":"projects/acaraje-da-bencao/locations/us-central1/repositories/gcf-artifacts","sourceProvenance":{"resolvedStorageSource":{"bucket":"gcf-v2-sources-39673030784-us-central1","object":"webhookMercadoPago/function-source.zip","generation":"1787924558707976"}},"dockerRegistry":"ARTIFACT_REGISTRY","serviceAccount":"projects/acaraje-da-bencao/serviceAccounts/39673030784-compute@developer.gserviceaccount.com","automaticUpdatePolicy":{}},"serviceConfig":{"service":"projects/acaraje-da-bencao/locations/us-central1/services/webhookmercadopago","timeoutSeconds":60,"environmentVariables":{"FIREBASE_CONFIG":"{\"projectId\":\"acaraje-da-bencao\",\"storageBucket\":\"acaraje-da-bencao.firebasestorage.app\"}","GCLOUD_PROJECT":"acaraje-da-bencao","EVENTARC_CLOUD_EVENT_SOURCE":"projects/acaraje-da-bencao/locations/us-central1/services/webhookMercadoPago","FUNCTION_REGION":"us-central1","FUNCTION_TARGET":"webhookMercadoPago","LOG_EXECUTION_ID":"true","FUNCTION_SIGNATURE_TYPE":"http"},"ingressSettings":"ALLOW_ALL","uri":"https://webhookmercadopago-2mfyfptukq-uc.a.run.app","serviceAccountEmail":"39673030784-compute@developer.gserviceaccount.com","availableMemory":"256Mi","allTrafficOnLatestRevision":true,"secretEnvironmentVariables":[{"key":"MP_ACCESS_TOKEN","projectId":"acaraje-da-bencao","secret":"MP_ACCESS_TOKEN","version":"1"}],"revision":"webhookmercadopago-00015-xoc","maxInstanceRequestConcurrency":80,"availableCpu":"1"},"state":"ACTIVE","labels":{"deployment-tool":"cli-firebase","firebase-functions-hash":"e4bc23d79e2bfde92aeded2a1577d5579e9c4023"},"environment":"GEN_2","url":"https://us-central1-acaraje-da-bencao.cloudfunctions.net/webhookMercadoPago","satisfiesPzi":true},"stages":[{"name":"BUILD","message":"Build in progress","state":"IN_PROGRESS","resource":"projects/39673030784/locations/us-central1/builds/29fa866b-da31-4536-a54c-bc94ae7392ad","resourceUri":"https://console.cloud.google.com/cloud-build/builds;region=us-central1/29fa866b-da31-4536-a54c-bc94ae7392ad?project=39673030784"},{"name":"SERVICE","state":"NOT_STARTED"}],"operationType":"UPDATE_FUNCTION","buildName":"projects/39673030784/locations/us-central1/builds/29fa866b-da31-4536-a54c-bc94ae7392ad"},"done":false}
[debug] [2026-08-28T16:47:18.578Z] [update-default-us-central1-webhookMercadoPago] Retrying task index 0
[debug] [2026-08-28T16:47:18.579Z] Checked if tokens are valid: true, expires at: 1787937781267
[debug] [2026-08-28T16:47:18.579Z] Checked if tokens are valid: true, expires at: 1787937781267
[debug] [2026-08-28T16:47:18.580Z] >>> [apiv2][query] GET https://cloudfunctions.googleapis.com/v2/projects/acaraje-da-bencao/locations/us-central1/operations/operation-1787935570932-65a1e309634d1-0aaf0327-0124112a [none]
[debug] [2026-08-28T16:47:19.902Z] <<< [apiv2][status] GET https://cloudfunctions.googleapis.com/v2/projects/acaraje-da-bencao/locations/us-central1/operations/operation-1787935570932-65a1e309634d1-0aaf0327-0124112a 200
[debug] [2026-08-28T16:47:19.902Z] <<< [apiv2][body] GET https://cloudfunctions.googleapis.com/v2/projects/acaraje-da-bencao/locations/us-central1/operations/operation-1787935570932-65a1e309634d1-0aaf0327-0124112a {"name":"projects/acaraje-da-bencao/locations/us-central1/operations/operation-1787935570932-65a1e309634d1-0aaf0327-0124112a","metadata":{"@type":"type.googleapis.com/google.cloud.functions.v2.OperationMetadata","createTime":"2026-08-28T16:46:13.577982747Z","target":"projects/acaraje-da-bencao/locations/us-central1/functions/webhookMercadoPago","verb":"update","cancelRequested":false,"apiVersion":"v2","requestResource":{"@type":"type.googleapis.com/google.cloud.functions.v2.Function","name":"projects/acaraje-da-bencao/locations/us-central1/functions/webhookMercadoPago","buildConfig":{"runtime":"nodejs24","entryPoint":"webhookMercadoPago","source":{"storageSource":{"bucket":"gcf-v2-sources-39673030784-us-central1","object":"webhookMercadoPago/function-source.zip","generation":"1787935573493116"}},"environmentVariables":{"GOOGLE_NODE_RUN_SCRIPTS":""},"dockerRepository":"projects/acaraje-da-bencao/locations/us-central1/repositories/gcf-artifacts","sourceProvenance":{"resolvedStorageSource":{"bucket":"gcf-v2-sources-39673030784-us-central1","object":"webhookMercadoPago/function-source.zip","generation":"1787924558707976"}},"dockerRegistry":"ARTIFACT_REGISTRY","serviceAccount":"projects/acaraje-da-bencao/serviceAccounts/39673030784-compute@developer.gserviceaccount.com","automaticUpdatePolicy":{}},"serviceConfig":{"service":"projects/acaraje-da-bencao/locations/us-central1/services/webhookmercadopago","timeoutSeconds":60,"environmentVariables":{"FIREBASE_CONFIG":"{\"projectId\":\"acaraje-da-bencao\",\"storageBucket\":\"acaraje-da-bencao.firebasestorage.app\"}","GCLOUD_PROJECT":"acaraje-da-bencao","EVENTARC_CLOUD_EVENT_SOURCE":"projects/acaraje-da-bencao/locations/us-central1/services/webhookMercadoPago","FUNCTION_REGION":"us-central1","FUNCTION_TARGET":"webhookMercadoPago","LOG_EXECUTION_ID":"true","FUNCTION_SIGNATURE_TYPE":"http"},"ingressSettings":"ALLOW_ALL","uri":"https://webhookmercadopago-2mfyfptukq-uc.a.run.app","serviceAccountEmail":"39673030784-compute@developer.gserviceaccount.com","availableMemory":"256Mi","allTrafficOnLatestRevision":true,"secretEnvironmentVariables":[{"key":"MP_ACCESS_TOKEN","projectId":"acaraje-da-bencao","secret":"MP_ACCESS_TOKEN","version":"1"}],"revision":"webhookmercadopago-00015-xoc","maxInstanceRequestConcurrency":80,"availableCpu":"1"},"state":"ACTIVE","labels":{"deployment-tool":"cli-firebase","firebase-functions-hash":"e4bc23d79e2bfde92aeded2a1577d5579e9c4023"},"environment":"GEN_2","url":"https://us-central1-acaraje-da-bencao.cloudfunctions.net/webhookMercadoPago","satisfiesPzi":true},"stages":[{"name":"BUILD","message":"Build in progress","state":"IN_PROGRESS","resource":"projects/39673030784/locations/us-central1/builds/29fa866b-da31-4536-a54c-bc94ae7392ad","resourceUri":"https://console.cloud.google.com/cloud-build/builds;region=us-central1/29fa866b-da31-4536-a54c-bc94ae7392ad?project=39673030784"},{"name":"SERVICE","state":"NOT_STARTED"}],"operationType":"UPDATE_FUNCTION","buildName":"projects/39673030784/locations/us-central1/builds/29fa866b-da31-4536-a54c-bc94ae7392ad"},"done":false}
[debug] [2026-08-28T16:47:29.916Z] [update-default-us-central1-webhookMercadoPago] Retrying task index 0
[debug] [2026-08-28T16:47:29.917Z] Checked if tokens are valid: true, expires at: 1787937781267
[debug] [2026-08-28T16:47:29.918Z] Checked if tokens are valid: true, expires at: 1787937781267
[debug] [2026-08-28T16:47:29.918Z] >>> [apiv2][query] GET https://cloudfunctions.googleapis.com/v2/projects/acaraje-da-bencao/locations/us-central1/operations/operation-1787935570932-65a1e309634d1-0aaf0327-0124112a [none]
[debug] [2026-08-28T16:47:31.367Z] <<< [apiv2][status] GET https://cloudfunctions.googleapis.com/v2/projects/acaraje-da-bencao/locations/us-central1/operations/operation-1787935570932-65a1e309634d1-0aaf0327-0124112a 200
[debug] [2026-08-28T16:47:31.367Z] <<< [apiv2][body] GET https://cloudfunctions.googleapis.com/v2/projects/acaraje-da-bencao/locations/us-central1/operations/operation-1787935570932-65a1e309634d1-0aaf0327-0124112a {"name":"projects/acaraje-da-bencao/locations/us-central1/operations/operation-1787935570932-65a1e309634d1-0aaf0327-0124112a","metadata":{"@type":"type.googleapis.com/google.cloud.functions.v2.OperationMetadata","createTime":"2026-08-28T16:46:13.577982747Z","target":"projects/acaraje-da-bencao/locations/us-central1/functions/webhookMercadoPago","verb":"update","cancelRequested":false,"apiVersion":"v2","requestResource":{"@type":"type.googleapis.com/google.cloud.functions.v2.Function","name":"projects/acaraje-da-bencao/locations/us-central1/functions/webhookMercadoPago","buildConfig":{"runtime":"nodejs24","entryPoint":"webhookMercadoPago","source":{"storageSource":{"bucket":"gcf-v2-sources-39673030784-us-central1","object":"webhookMercadoPago/function-source.zip","generation":"1787935573493116"}},"environmentVariables":{"GOOGLE_NODE_RUN_SCRIPTS":""},"dockerRepository":"projects/acaraje-da-bencao/locations/us-central1/repositories/gcf-artifacts","sourceProvenance":{"resolvedStorageSource":{"bucket":"gcf-v2-sources-39673030784-us-central1","object":"webhookMercadoPago/function-source.zip","generation":"1787924558707976"}},"dockerRegistry":"ARTIFACT_REGISTRY","serviceAccount":"projects/acaraje-da-bencao/serviceAccounts/39673030784-compute@developer.gserviceaccount.com","automaticUpdatePolicy":{}},"serviceConfig":{"service":"projects/acaraje-da-bencao/locations/us-central1/services/webhookmercadopago","timeoutSeconds":60,"environmentVariables":{"FIREBASE_CONFIG":"{\"projectId\":\"acaraje-da-bencao\",\"storageBucket\":\"acaraje-da-bencao.firebasestorage.app\"}","GCLOUD_PROJECT":"acaraje-da-bencao","EVENTARC_CLOUD_EVENT_SOURCE":"projects/acaraje-da-bencao/locations/us-central1/services/webhookMercadoPago","FUNCTION_REGION":"us-central1","FUNCTION_TARGET":"webhookMercadoPago","LOG_EXECUTION_ID":"true","FUNCTION_SIGNATURE_TYPE":"http"},"ingressSettings":"ALLOW_ALL","uri":"https://webhookmercadopago-2mfyfptukq-uc.a.run.app","serviceAccountEmail":"39673030784-compute@developer.gserviceaccount.com","availableMemory":"256Mi","allTrafficOnLatestRevision":true,"secretEnvironmentVariables":[{"key":"MP_ACCESS_TOKEN","projectId":"acaraje-da-bencao","secret":"MP_ACCESS_TOKEN","version":"1"}],"revision":"webhookmercadopago-00015-xoc","maxInstanceRequestConcurrency":80,"availableCpu":"1"},"state":"ACTIVE","labels":{"deployment-tool":"cli-firebase","firebase-functions-hash":"e4bc23d79e2bfde92aeded2a1577d5579e9c4023"},"environment":"GEN_2","url":"https://us-central1-acaraje-da-bencao.cloudfunctions.net/webhookMercadoPago","satisfiesPzi":true},"stages":[{"name":"BUILD","message":"Build in progress","state":"IN_PROGRESS","resource":"projects/39673030784/locations/us-central1/builds/29fa866b-da31-4536-a54c-bc94ae7392ad","resourceUri":"https://console.cloud.google.com/cloud-build/builds;region=us-central1/29fa866b-da31-4536-a54c-bc94ae7392ad?project=39673030784"},{"name":"SERVICE","state":"NOT_STARTED"}],"operationType":"UPDATE_FUNCTION","buildName":"projects/39673030784/locations/us-central1/builds/29fa866b-da31-4536-a54c-bc94ae7392ad"},"done":false}
[debug] [2026-08-28T16:47:41.373Z] [update-default-us-central1-webhookMercadoPago] Retrying task index 0
[debug] [2026-08-28T16:47:41.373Z] Checked if tokens are valid: true, expires at: 1787937781267
[debug] [2026-08-28T16:47:41.374Z] Checked if tokens are valid: true, expires at: 1787937781267
[debug] [2026-08-28T16:47:41.374Z] >>> [apiv2][query] GET https://cloudfunctions.googleapis.com/v2/projects/acaraje-da-bencao/locations/us-central1/operations/operation-1787935570932-65a1e309634d1-0aaf0327-0124112a [none]
[debug] [2026-08-28T16:47:42.686Z] <<< [apiv2][status] GET https://cloudfunctions.googleapis.com/v2/projects/acaraje-da-bencao/locations/us-central1/operations/operation-1787935570932-65a1e309634d1-0aaf0327-0124112a 200
[debug] [2026-08-28T16:47:42.687Z] <<< [apiv2][body] GET https://cloudfunctions.googleapis.com/v2/projects/acaraje-da-bencao/locations/us-central1/operations/operation-1787935570932-65a1e309634d1-0aaf0327-0124112a {"name":"projects/acaraje-da-bencao/locations/us-central1/operations/operation-1787935570932-65a1e309634d1-0aaf0327-0124112a","metadata":{"@type":"type.googleapis.com/google.cloud.functions.v2.OperationMetadata","createTime":"2026-08-28T16:46:13.577982747Z","target":"projects/acaraje-da-bencao/locations/us-central1/functions/webhookMercadoPago","verb":"update","cancelRequested":false,"apiVersion":"v2","requestResource":{"@type":"type.googleapis.com/google.cloud.functions.v2.Function","name":"projects/acaraje-da-bencao/locations/us-central1/functions/webhookMercadoPago","buildConfig":{"runtime":"nodejs24","entryPoint":"webhookMercadoPago","source":{"storageSource":{"bucket":"gcf-v2-sources-39673030784-us-central1","object":"webhookMercadoPago/function-source.zip","generation":"1787935573493116"}},"environmentVariables":{"GOOGLE_NODE_RUN_SCRIPTS":""},"dockerRepository":"projects/acaraje-da-bencao/locations/us-central1/repositories/gcf-artifacts","sourceProvenance":{"resolvedStorageSource":{"bucket":"gcf-v2-sources-39673030784-us-central1","object":"webhookMercadoPago/function-source.zip","generation":"1787924558707976"}},"dockerRegistry":"ARTIFACT_REGISTRY","serviceAccount":"projects/acaraje-da-bencao/serviceAccounts/39673030784-compute@developer.gserviceaccount.com","automaticUpdatePolicy":{}},"serviceConfig":{"service":"projects/acaraje-da-bencao/locations/us-central1/services/webhookmercadopago","timeoutSeconds":60,"environmentVariables":{"FIREBASE_CONFIG":"{\"projectId\":\"acaraje-da-bencao\",\"storageBucket\":\"acaraje-da-bencao.firebasestorage.app\"}","GCLOUD_PROJECT":"acaraje-da-bencao","EVENTARC_CLOUD_EVENT_SOURCE":"projects/acaraje-da-bencao/locations/us-central1/services/webhookMercadoPago","FUNCTION_REGION":"us-central1","FUNCTION_TARGET":"webhookMercadoPago","LOG_EXECUTION_ID":"true","FUNCTION_SIGNATURE_TYPE":"http"},"ingressSettings":"ALLOW_ALL","uri":"https://webhookmercadopago-2mfyfptukq-uc.a.run.app","serviceAccountEmail":"39673030784-compute@developer.gserviceaccount.com","availableMemory":"256Mi","allTrafficOnLatestRevision":true,"secretEnvironmentVariables":[{"key":"MP_ACCESS_TOKEN","projectId":"acaraje-da-bencao","secret":"MP_ACCESS_TOKEN","version":"1"}],"revision":"webhookmercadopago-00015-xoc","maxInstanceRequestConcurrency":80,"availableCpu":"1"},"state":"ACTIVE","labels":{"deployment-tool":"cli-firebase","firebase-functions-hash":"e4bc23d79e2bfde92aeded2a1577d5579e9c4023"},"environment":"GEN_2","url":"https://us-central1-acaraje-da-bencao.cloudfunctions.net/webhookMercadoPago","satisfiesPzi":true},"stages":[{"name":"BUILD","message":"Build in progress","state":"IN_PROGRESS","resource":"projects/39673030784/locations/us-central1/builds/29fa866b-da31-4536-a54c-bc94ae7392ad","resourceUri":"https://console.cloud.google.com/cloud-build/builds;region=us-central1/29fa866b-da31-4536-a54c-bc94ae7392ad?project=39673030784"},{"name":"SERVICE","state":"NOT_STARTED"}],"operationType":"UPDATE_FUNCTION","buildName":"projects/39673030784/locations/us-central1/builds/29fa866b-da31-4536-a54c-bc94ae7392ad"},"done":false}
[debug] [2026-08-28T16:47:52.693Z] [update-default-us-central1-webhookMercadoPago] Retrying task index 0
[debug] [2026-08-28T16:47:52.694Z] Checked if tokens are valid: true, expires at: 1787937781267
[debug] [2026-08-28T16:47:52.694Z] Checked if tokens are valid: true, expires at: 1787937781267
[debug] [2026-08-28T16:47:52.694Z] >>> [apiv2][query] GET https://cloudfunctions.googleapis.com/v2/projects/acaraje-da-bencao/locations/us-central1/operations/operation-1787935570932-65a1e309634d1-0aaf0327-0124112a [none]
[debug] [2026-08-28T16:47:54.002Z] <<< [apiv2][status] GET https://cloudfunctions.googleapis.com/v2/projects/acaraje-da-bencao/locations/us-central1/operations/operation-1787935570932-65a1e309634d1-0aaf0327-0124112a 200
[debug] [2026-08-28T16:47:54.003Z] <<< [apiv2][body] GET https://cloudfunctions.googleapis.com/v2/projects/acaraje-da-bencao/locations/us-central1/operations/operation-1787935570932-65a1e309634d1-0aaf0327-0124112a {"name":"projects/acaraje-da-bencao/locations/us-central1/operations/operation-1787935570932-65a1e309634d1-0aaf0327-0124112a","metadata":{"@type":"type.googleapis.com/google.cloud.functions.v2.OperationMetadata","createTime":"2026-08-28T16:46:13.577982747Z","target":"projects/acaraje-da-bencao/locations/us-central1/functions/webhookMercadoPago","verb":"update","cancelRequested":false,"apiVersion":"v2","requestResource":{"@type":"type.googleapis.com/google.cloud.functions.v2.Function","name":"projects/acaraje-da-bencao/locations/us-central1/functions/webhookMercadoPago","buildConfig":{"runtime":"nodejs24","entryPoint":"webhookMercadoPago","source":{"storageSource":{"bucket":"gcf-v2-sources-39673030784-us-central1","object":"webhookMercadoPago/function-source.zip","generation":"1787935573493116"}},"environmentVariables":{"GOOGLE_NODE_RUN_SCRIPTS":""},"dockerRepository":"projects/acaraje-da-bencao/locations/us-central1/repositories/gcf-artifacts","sourceProvenance":{"resolvedStorageSource":{"bucket":"gcf-v2-sources-39673030784-us-central1","object":"webhookMercadoPago/function-source.zip","generation":"1787924558707976"}},"dockerRegistry":"ARTIFACT_REGISTRY","serviceAccount":"projects/acaraje-da-bencao/serviceAccounts/39673030784-compute@developer.gserviceaccount.com","automaticUpdatePolicy":{}},"serviceConfig":{"service":"projects/acaraje-da-bencao/locations/us-central1/services/webhookmercadopago","timeoutSeconds":60,"environmentVariables":{"FIREBASE_CONFIG":"{\"projectId\":\"acaraje-da-bencao\",\"storageBucket\":\"acaraje-da-bencao.firebasestorage.app\"}","GCLOUD_PROJECT":"acaraje-da-bencao","EVENTARC_CLOUD_EVENT_SOURCE":"projects/acaraje-da-bencao/locations/us-central1/services/webhookMercadoPago","FUNCTION_REGION":"us-central1","FUNCTION_TARGET":"webhookMercadoPago","LOG_EXECUTION_ID":"true","FUNCTION_SIGNATURE_TYPE":"http"},"ingressSettings":"ALLOW_ALL","uri":"https://webhookmercadopago-2mfyfptukq-uc.a.run.app","serviceAccountEmail":"39673030784-compute@developer.gserviceaccount.com","availableMemory":"256Mi","allTrafficOnLatestRevision":true,"secretEnvironmentVariables":[{"key":"MP_ACCESS_TOKEN","projectId":"acaraje-da-bencao","secret":"MP_ACCESS_TOKEN","version":"1"}],"revision":"webhookmercadopago-00015-xoc","maxInstanceRequestConcurrency":80,"availableCpu":"1"},"state":"ACTIVE","labels":{"deployment-tool":"cli-firebase","firebase-functions-hash":"e4bc23d79e2bfde92aeded2a1577d5579e9c4023"},"environment":"GEN_2","url":"https://us-central1-acaraje-da-bencao.cloudfunctions.net/webhookMercadoPago","satisfiesPzi":true},"stages":[{"name":"BUILD","message":"Build in progress","state":"IN_PROGRESS","resource":"projects/39673030784/locations/us-central1/builds/29fa866b-da31-4536-a54c-bc94ae7392ad","resourceUri":"https://console.cloud.google.com/cloud-build/builds;region=us-central1/29fa866b-da31-4536-a54c-bc94ae7392ad?project=39673030784"},{"name":"SERVICE","state":"NOT_STARTED"}],"operationType":"UPDATE_FUNCTION","buildName":"projects/39673030784/locations/us-central1/builds/29fa866b-da31-4536-a54c-bc94ae7392ad"},"done":false}
[debug] [2026-08-28T16:48:04.014Z] [update-default-us-central1-webhookMercadoPago] Retrying task index 0
[debug] [2026-08-28T16:48:04.015Z] Checked if tokens are valid: true, expires at: 1787937781267
[debug] [2026-08-28T16:48:04.015Z] Checked if tokens are valid: true, expires at: 1787937781267
[debug] [2026-08-28T16:48:04.015Z] >>> [apiv2][query] GET https://cloudfunctions.googleapis.com/v2/projects/acaraje-da-bencao/locations/us-central1/operations/operation-1787935570932-65a1e309634d1-0aaf0327-0124112a [none]
[debug] [2026-08-28T16:48:05.479Z] <<< [apiv2][status] GET https://cloudfunctions.googleapis.com/v2/projects/acaraje-da-bencao/locations/us-central1/operations/operation-1787935570932-65a1e309634d1-0aaf0327-0124112a 200
[debug] [2026-08-28T16:48:05.479Z] <<< [apiv2][body] GET https://cloudfunctions.googleapis.com/v2/projects/acaraje-da-bencao/locations/us-central1/operations/operation-1787935570932-65a1e309634d1-0aaf0327-0124112a {"name":"projects/acaraje-da-bencao/locations/us-central1/operations/operation-1787935570932-65a1e309634d1-0aaf0327-0124112a","metadata":{"@type":"type.googleapis.com/google.cloud.functions.v2.OperationMetadata","createTime":"2026-08-28T16:46:13.577982747Z","target":"projects/acaraje-da-bencao/locations/us-central1/functions/webhookMercadoPago","verb":"update","cancelRequested":false,"apiVersion":"v2","requestResource":{"@type":"type.googleapis.com/google.cloud.functions.v2.Function","name":"projects/acaraje-da-bencao/locations/us-central1/functions/webhookMercadoPago","buildConfig":{"runtime":"nodejs24","entryPoint":"webhookMercadoPago","source":{"storageSource":{"bucket":"gcf-v2-sources-39673030784-us-central1","object":"webhookMercadoPago/function-source.zip","generation":"1787935573493116"}},"environmentVariables":{"GOOGLE_NODE_RUN_SCRIPTS":""},"dockerRepository":"projects/acaraje-da-bencao/locations/us-central1/repositories/gcf-artifacts","sourceProvenance":{"resolvedStorageSource":{"bucket":"gcf-v2-sources-39673030784-us-central1","object":"webhookMercadoPago/function-source.zip","generation":"1787924558707976"}},"dockerRegistry":"ARTIFACT_REGISTRY","serviceAccount":"projects/acaraje-da-bencao/serviceAccounts/39673030784-compute@developer.gserviceaccount.com","automaticUpdatePolicy":{}},"serviceConfig":{"service":"projects/acaraje-da-bencao/locations/us-central1/services/webhookmercadopago","timeoutSeconds":60,"environmentVariables":{"FIREBASE_CONFIG":"{\"projectId\":\"acaraje-da-bencao\",\"storageBucket\":\"acaraje-da-bencao.firebasestorage.app\"}","GCLOUD_PROJECT":"acaraje-da-bencao","EVENTARC_CLOUD_EVENT_SOURCE":"projects/acaraje-da-bencao/locations/us-central1/services/webhookMercadoPago","FUNCTION_REGION":"us-central1","FUNCTION_TARGET":"webhookMercadoPago","LOG_EXECUTION_ID":"true","FUNCTION_SIGNATURE_TYPE":"http"},"ingressSettings":"ALLOW_ALL","uri":"https://webhookmercadopago-2mfyfptukq-uc.a.run.app","serviceAccountEmail":"39673030784-compute@developer.gserviceaccount.com","availableMemory":"256Mi","allTrafficOnLatestRevision":true,"secretEnvironmentVariables":[{"key":"MP_ACCESS_TOKEN","projectId":"acaraje-da-bencao","secret":"MP_ACCESS_TOKEN","version":"1"}],"revision":"webhookmercadopago-00015-xoc","maxInstanceRequestConcurrency":80,"availableCpu":"1"},"state":"ACTIVE","labels":{"deployment-tool":"cli-firebase","firebase-functions-hash":"e4bc23d79e2bfde92aeded2a1577d5579e9c4023"},"environment":"GEN_2","url":"https://us-central1-acaraje-da-bencao.cloudfunctions.net/webhookMercadoPago","satisfiesPzi":true},"stages":[{"name":"BUILD","message":"Build in progress","state":"IN_PROGRESS","resource":"projects/39673030784/locations/us-central1/builds/29fa866b-da31-4536-a54c-bc94ae7392ad","resourceUri":"https://console.cloud.google.com/cloud-build/builds;region=us-central1/29fa866b-da31-4536-a54c-bc94ae7392ad?project=39673030784"},{"name":"SERVICE","state":"NOT_STARTED"}],"operationType":"UPDATE_FUNCTION","buildName":"projects/39673030784/locations/us-central1/builds/29fa866b-da31-4536-a54c-bc94ae7392ad"},"done":false}
[debug] [2026-08-28T16:48:15.494Z] [update-default-us-central1-webhookMercadoPago] Retrying task index 0
[debug] [2026-08-28T16:48:15.495Z] Checked if tokens are valid: true, expires at: 1787937781267
[debug] [2026-08-28T16:48:15.495Z] Checked if tokens are valid: true, expires at: 1787937781267
[debug] [2026-08-28T16:48:15.495Z] >>> [apiv2][query] GET https://cloudfunctions.googleapis.com/v2/projects/acaraje-da-bencao/locations/us-central1/operations/operation-1787935570932-65a1e309634d1-0aaf0327-0124112a [none]
[debug] [2026-08-28T16:48:16.928Z] <<< [apiv2][status] GET https://cloudfunctions.googleapis.com/v2/projects/acaraje-da-bencao/locations/us-central1/operations/operation-1787935570932-65a1e309634d1-0aaf0327-0124112a 200
[debug] [2026-08-28T16:48:16.928Z] <<< [apiv2][body] GET https://cloudfunctions.googleapis.com/v2/projects/acaraje-da-bencao/locations/us-central1/operations/operation-1787935570932-65a1e309634d1-0aaf0327-0124112a {"name":"projects/acaraje-da-bencao/locations/us-central1/operations/operation-1787935570932-65a1e309634d1-0aaf0327-0124112a","metadata":{"@type":"type.googleapis.com/google.cloud.functions.v2.OperationMetadata","createTime":"2026-08-28T16:46:13.577982747Z","target":"projects/acaraje-da-bencao/locations/us-central1/functions/webhookMercadoPago","verb":"update","cancelRequested":false,"apiVersion":"v2","requestResource":{"@type":"type.googleapis.com/google.cloud.functions.v2.Function","name":"projects/acaraje-da-bencao/locations/us-central1/functions/webhookMercadoPago","buildConfig":{"runtime":"nodejs24","entryPoint":"webhookMercadoPago","source":{"storageSource":{"bucket":"gcf-v2-sources-39673030784-us-central1","object":"webhookMercadoPago/function-source.zip","generation":"1787935573493116"}},"environmentVariables":{"GOOGLE_NODE_RUN_SCRIPTS":""},"dockerRepository":"projects/acaraje-da-bencao/locations/us-central1/repositories/gcf-artifacts","sourceProvenance":{"resolvedStorageSource":{"bucket":"gcf-v2-sources-39673030784-us-central1","object":"webhookMercadoPago/function-source.zip","generation":"1787924558707976"}},"dockerRegistry":"ARTIFACT_REGISTRY","serviceAccount":"projects/acaraje-da-bencao/serviceAccounts/39673030784-compute@developer.gserviceaccount.com","automaticUpdatePolicy":{}},"serviceConfig":{"service":"projects/acaraje-da-bencao/locations/us-central1/services/webhookmercadopago","timeoutSeconds":60,"environmentVariables":{"FIREBASE_CONFIG":"{\"projectId\":\"acaraje-da-bencao\",\"storageBucket\":\"acaraje-da-bencao.firebasestorage.app\"}","GCLOUD_PROJECT":"acaraje-da-bencao","EVENTARC_CLOUD_EVENT_SOURCE":"projects/acaraje-da-bencao/locations/us-central1/services/webhookMercadoPago","FUNCTION_REGION":"us-central1","FUNCTION_TARGET":"webhookMercadoPago","LOG_EXECUTION_ID":"true","FUNCTION_SIGNATURE_TYPE":"http"},"ingressSettings":"ALLOW_ALL","uri":"https://webhookmercadopago-2mfyfptukq-uc.a.run.app","serviceAccountEmail":"39673030784-compute@developer.gserviceaccount.com","availableMemory":"256Mi","allTrafficOnLatestRevision":true,"secretEnvironmentVariables":[{"key":"MP_ACCESS_TOKEN","projectId":"acaraje-da-bencao","secret":"MP_ACCESS_TOKEN","version":"1"}],"revision":"webhookmercadopago-00015-xoc","maxInstanceRequestConcurrency":80,"availableCpu":"1"},"state":"ACTIVE","labels":{"deployment-tool":"cli-firebase","firebase-functions-hash":"e4bc23d79e2bfde92aeded2a1577d5579e9c4023"},"environment":"GEN_2","url":"https://us-central1-acaraje-da-bencao.cloudfunctions.net/webhookMercadoPago","satisfiesPzi":true},"stages":[{"name":"BUILD","message":"Build in progress","state":"IN_PROGRESS","resource":"projects/39673030784/locations/us-central1/builds/29fa866b-da31-4536-a54c-bc94ae7392ad","resourceUri":"https://console.cloud.google.com/cloud-build/builds;region=us-central1/29fa866b-da31-4536-a54c-bc94ae7392ad?project=39673030784"},{"name":"SERVICE","state":"NOT_STARTED"}],"operationType":"UPDATE_FUNCTION","buildName":"projects/39673030784/locations/us-central1/builds/29fa866b-da31-4536-a54c-bc94ae7392ad"},"done":false}
[debug] [2026-08-28T16:48:26.942Z] [update-default-us-central1-webhookMercadoPago] Retrying task index 0
[debug] [2026-08-28T16:48:26.943Z] Checked if tokens are valid: true, expires at: 1787937781267
[debug] [2026-08-28T16:48:26.943Z] Checked if tokens are valid: true, expires at: 1787937781267
[debug] [2026-08-28T16:48:26.943Z] >>> [apiv2][query] GET https://cloudfunctions.googleapis.com/v2/projects/acaraje-da-bencao/locations/us-central1/operations/operation-1787935570932-65a1e309634d1-0aaf0327-0124112a [none]
[debug] [2026-08-28T16:48:28.167Z] <<< [apiv2][status] GET https://cloudfunctions.googleapis.com/v2/projects/acaraje-da-bencao/locations/us-central1/operations/operation-1787935570932-65a1e309634d1-0aaf0327-0124112a 200
[debug] [2026-08-28T16:48:28.167Z] <<< [apiv2][body] GET https://cloudfunctions.googleapis.com/v2/projects/acaraje-da-bencao/locations/us-central1/operations/operation-1787935570932-65a1e309634d1-0aaf0327-0124112a {"name":"projects/acaraje-da-bencao/locations/us-central1/operations/operation-1787935570932-65a1e309634d1-0aaf0327-0124112a","metadata":{"@type":"type.googleapis.com/google.cloud.functions.v2.OperationMetadata","createTime":"2026-08-28T16:46:13.577982747Z","target":"projects/acaraje-da-bencao/locations/us-central1/functions/webhookMercadoPago","verb":"update","cancelRequested":false,"apiVersion":"v2","requestResource":{"@type":"type.googleapis.com/google.cloud.functions.v2.Function","name":"projects/acaraje-da-bencao/locations/us-central1/functions/webhookMercadoPago","buildConfig":{"runtime":"nodejs24","entryPoint":"webhookMercadoPago","source":{"storageSource":{"bucket":"gcf-v2-sources-39673030784-us-central1","object":"webhookMercadoPago/function-source.zip","generation":"1787935573493116"}},"environmentVariables":{"GOOGLE_NODE_RUN_SCRIPTS":""},"dockerRepository":"projects/acaraje-da-bencao/locations/us-central1/repositories/gcf-artifacts","sourceProvenance":{"resolvedStorageSource":{"bucket":"gcf-v2-sources-39673030784-us-central1","object":"webhookMercadoPago/function-source.zip","generation":"1787924558707976"}},"dockerRegistry":"ARTIFACT_REGISTRY","serviceAccount":"projects/acaraje-da-bencao/serviceAccounts/39673030784-compute@developer.gserviceaccount.com","automaticUpdatePolicy":{}},"serviceConfig":{"service":"projects/acaraje-da-bencao/locations/us-central1/services/webhookmercadopago","timeoutSeconds":60,"environmentVariables":{"FIREBASE_CONFIG":"{\"projectId\":\"acaraje-da-bencao\",\"storageBucket\":\"acaraje-da-bencao.firebasestorage.app\"}","GCLOUD_PROJECT":"acaraje-da-bencao","EVENTARC_CLOUD_EVENT_SOURCE":"projects/acaraje-da-bencao/locations/us-central1/services/webhookMercadoPago","FUNCTION_REGION":"us-central1","FUNCTION_TARGET":"webhookMercadoPago","LOG_EXECUTION_ID":"true","FUNCTION_SIGNATURE_TYPE":"http"},"ingressSettings":"ALLOW_ALL","uri":"https://webhookmercadopago-2mfyfptukq-uc.a.run.app","serviceAccountEmail":"39673030784-compute@developer.gserviceaccount.com","availableMemory":"256Mi","allTrafficOnLatestRevision":true,"secretEnvironmentVariables":[{"key":"MP_ACCESS_TOKEN","projectId":"acaraje-da-bencao","secret":"MP_ACCESS_TOKEN","version":"1"}],"revision":"webhookmercadopago-00015-xoc","maxInstanceRequestConcurrency":80,"availableCpu":"1"},"state":"ACTIVE","labels":{"deployment-tool":"cli-firebase","firebase-functions-hash":"e4bc23d79e2bfde92aeded2a1577d5579e9c4023"},"environment":"GEN_2","url":"https://us-central1-acaraje-da-bencao.cloudfunctions.net/webhookMercadoPago","satisfiesPzi":true},"stages":[{"name":"BUILD","message":"Build in progress","state":"IN_PROGRESS","resource":"projects/39673030784/locations/us-central1/builds/29fa866b-da31-4536-a54c-bc94ae7392ad","resourceUri":"https://console.cloud.google.com/cloud-build/builds;region=us-central1/29fa866b-da31-4536-a54c-bc94ae7392ad?project=39673030784"},{"name":"SERVICE","state":"NOT_STARTED"}],"operationType":"UPDATE_FUNCTION","buildName":"projects/39673030784/locations/us-central1/builds/29fa866b-da31-4536-a54c-bc94ae7392ad"},"done":false}
[debug] [2026-08-28T16:48:38.179Z] [update-default-us-central1-webhookMercadoPago] Retrying task index 0
[debug] [2026-08-28T16:48:38.180Z] Checked if tokens are valid: true, expires at: 1787937781267
[debug] [2026-08-28T16:48:38.180Z] Checked if tokens are valid: true, expires at: 1787937781267
[debug] [2026-08-28T16:48:38.180Z] >>> [apiv2][query] GET https://cloudfunctions.googleapis.com/v2/projects/acaraje-da-bencao/locations/us-central1/operations/operation-1787935570932-65a1e309634d1-0aaf0327-0124112a [none]
[debug] [2026-08-28T16:48:39.500Z] <<< [apiv2][status] GET https://cloudfunctions.googleapis.com/v2/projects/acaraje-da-bencao/locations/us-central1/operations/operation-1787935570932-65a1e309634d1-0aaf0327-0124112a 200
[debug] [2026-08-28T16:48:39.500Z] <<< [apiv2][body] GET https://cloudfunctions.googleapis.com/v2/projects/acaraje-da-bencao/locations/us-central1/operations/operation-1787935570932-65a1e309634d1-0aaf0327-0124112a {"name":"projects/acaraje-da-bencao/locations/us-central1/operations/operation-1787935570932-65a1e309634d1-0aaf0327-0124112a","metadata":{"@type":"type.googleapis.com/google.cloud.functions.v2.OperationMetadata","createTime":"2026-08-28T16:46:13.577982747Z","target":"projects/acaraje-da-bencao/locations/us-central1/functions/webhookMercadoPago","verb":"update","cancelRequested":false,"apiVersion":"v2","requestResource":{"@type":"type.googleapis.com/google.cloud.functions.v2.Function","name":"projects/acaraje-da-bencao/locations/us-central1/functions/webhookMercadoPago","buildConfig":{"runtime":"nodejs24","entryPoint":"webhookMercadoPago","source":{"storageSource":{"bucket":"gcf-v2-sources-39673030784-us-central1","object":"webhookMercadoPago/function-source.zip","generation":"1787935573493116"}},"environmentVariables":{"GOOGLE_NODE_RUN_SCRIPTS":""},"dockerRepository":"projects/acaraje-da-bencao/locations/us-central1/repositories/gcf-artifacts","sourceProvenance":{"resolvedStorageSource":{"bucket":"gcf-v2-sources-39673030784-us-central1","object":"webhookMercadoPago/function-source.zip","generation":"1787924558707976"}},"dockerRegistry":"ARTIFACT_REGISTRY","serviceAccount":"projects/acaraje-da-bencao/serviceAccounts/39673030784-compute@developer.gserviceaccount.com","automaticUpdatePolicy":{}},"serviceConfig":{"service":"projects/acaraje-da-bencao/locations/us-central1/services/webhookmercadopago","timeoutSeconds":60,"environmentVariables":{"FIREBASE_CONFIG":"{\"projectId\":\"acaraje-da-bencao\",\"storageBucket\":\"acaraje-da-bencao.firebasestorage.app\"}","GCLOUD_PROJECT":"acaraje-da-bencao","EVENTARC_CLOUD_EVENT_SOURCE":"projects/acaraje-da-bencao/locations/us-central1/services/webhookMercadoPago","FUNCTION_REGION":"us-central1","FUNCTION_TARGET":"webhookMercadoPago","LOG_EXECUTION_ID":"true","FUNCTION_SIGNATURE_TYPE":"http"},"ingressSettings":"ALLOW_ALL","uri":"https://webhookmercadopago-2mfyfptukq-uc.a.run.app","serviceAccountEmail":"39673030784-compute@developer.gserviceaccount.com","availableMemory":"256Mi","allTrafficOnLatestRevision":true,"secretEnvironmentVariables":[{"key":"MP_ACCESS_TOKEN","projectId":"acaraje-da-bencao","secret":"MP_ACCESS_TOKEN","version":"1"}],"revision":"webhookmercadopago-00015-xoc","maxInstanceRequestConcurrency":80,"availableCpu":"1"},"state":"ACTIVE","labels":{"deployment-tool":"cli-firebase","firebase-functions-hash":"e4bc23d79e2bfde92aeded2a1577d5579e9c4023"},"environment":"GEN_2","url":"https://us-central1-acaraje-da-bencao.cloudfunctions.net/webhookMercadoPago","satisfiesPzi":true},"stages":[{"name":"BUILD","message":"Build in progress","state":"IN_PROGRESS","resource":"projects/39673030784/locations/us-central1/builds/29fa866b-da31-4536-a54c-bc94ae7392ad","resourceUri":"https://console.cloud.google.com/cloud-build/builds;region=us-central1/29fa866b-da31-4536-a54c-bc94ae7392ad?project=39673030784"},{"name":"SERVICE","state":"NOT_STARTED"}],"operationType":"UPDATE_FUNCTION","buildName":"projects/39673030784/locations/us-central1/builds/29fa866b-da31-4536-a54c-bc94ae7392ad"},"done":false}
[debug] [2026-08-28T16:48:49.514Z] [update-default-us-central1-webhookMercadoPago] Retrying task index 0
[debug] [2026-08-28T16:48:49.514Z] Checked if tokens are valid: true, expires at: 1787937781267
[debug] [2026-08-28T16:48:49.515Z] Checked if tokens are valid: true, expires at: 1787937781267
[debug] [2026-08-28T16:48:49.515Z] >>> [apiv2][query] GET https://cloudfunctions.googleapis.com/v2/projects/acaraje-da-bencao/locations/us-central1/operations/operation-1787935570932-65a1e309634d1-0aaf0327-0124112a [none]
[debug] [2026-08-28T16:48:50.932Z] <<< [apiv2][status] GET https://cloudfunctions.googleapis.com/v2/projects/acaraje-da-bencao/locations/us-central1/operations/operation-1787935570932-65a1e309634d1-0aaf0327-0124112a 200
[debug] [2026-08-28T16:48:50.932Z] <<< [apiv2][body] GET https://cloudfunctions.googleapis.com/v2/projects/acaraje-da-bencao/locations/us-central1/operations/operation-1787935570932-65a1e309634d1-0aaf0327-0124112a {"name":"projects/acaraje-da-bencao/locations/us-central1/operations/operation-1787935570932-65a1e309634d1-0aaf0327-0124112a","metadata":{"@type":"type.googleapis.com/google.cloud.functions.v2.OperationMetadata","createTime":"2026-08-28T16:46:13.577982747Z","target":"projects/acaraje-da-bencao/locations/us-central1/functions/webhookMercadoPago","verb":"update","cancelRequested":false,"apiVersion":"v2","requestResource":{"@type":"type.googleapis.com/google.cloud.functions.v2.Function","name":"projects/acaraje-da-bencao/locations/us-central1/functions/webhookMercadoPago","buildConfig":{"runtime":"nodejs24","entryPoint":"webhookMercadoPago","source":{"storageSource":{"bucket":"gcf-v2-sources-39673030784-us-central1","object":"webhookMercadoPago/function-source.zip","generation":"1787935573493116"}},"environmentVariables":{"GOOGLE_NODE_RUN_SCRIPTS":""},"dockerRepository":"projects/acaraje-da-bencao/locations/us-central1/repositories/gcf-artifacts","sourceProvenance":{"resolvedStorageSource":{"bucket":"gcf-v2-sources-39673030784-us-central1","object":"webhookMercadoPago/function-source.zip","generation":"1787924558707976"}},"dockerRegistry":"ARTIFACT_REGISTRY","serviceAccount":"projects/acaraje-da-bencao/serviceAccounts/39673030784-compute@developer.gserviceaccount.com","automaticUpdatePolicy":{}},"serviceConfig":{"service":"projects/acaraje-da-bencao/locations/us-central1/services/webhookmercadopago","timeoutSeconds":60,"environmentVariables":{"FIREBASE_CONFIG":"{\"projectId\":\"acaraje-da-bencao\",\"storageBucket\":\"acaraje-da-bencao.firebasestorage.app\"}","GCLOUD_PROJECT":"acaraje-da-bencao","EVENTARC_CLOUD_EVENT_SOURCE":"projects/acaraje-da-bencao/locations/us-central1/services/webhookMercadoPago","FUNCTION_REGION":"us-central1","FUNCTION_TARGET":"webhookMercadoPago","LOG_EXECUTION_ID":"true","FUNCTION_SIGNATURE_TYPE":"http"},"ingressSettings":"ALLOW_ALL","uri":"https://webhookmercadopago-2mfyfptukq-uc.a.run.app","serviceAccountEmail":"39673030784-compute@developer.gserviceaccount.com","availableMemory":"256Mi","allTrafficOnLatestRevision":true,"secretEnvironmentVariables":[{"key":"MP_ACCESS_TOKEN","projectId":"acaraje-da-bencao","secret":"MP_ACCESS_TOKEN","version":"1"}],"revision":"webhookmercadopago-00015-xoc","maxInstanceRequestConcurrency":80,"availableCpu":"1"},"state":"ACTIVE","labels":{"deployment-tool":"cli-firebase","firebase-functions-hash":"e4bc23d79e2bfde92aeded2a1577d5579e9c4023"},"environment":"GEN_2","url":"https://us-central1-acaraje-da-bencao.cloudfunctions.net/webhookMercadoPago","satisfiesPzi":true},"stages":[{"name":"BUILD","message":"Build in progress","state":"IN_PROGRESS","resource":"projects/39673030784/locations/us-central1/builds/29fa866b-da31-4536-a54c-bc94ae7392ad","resourceUri":"https://console.cloud.google.com/cloud-build/builds;region=us-central1/29fa866b-da31-4536-a54c-bc94ae7392ad?project=39673030784"},{"name":"SERVICE","state":"NOT_STARTED"}],"operationType":"UPDATE_FUNCTION","buildName":"projects/39673030784/locations/us-central1/builds/29fa866b-da31-4536-a54c-bc94ae7392ad"},"done":false}
[debug] [2026-08-28T16:49:00.940Z] [update-default-us-central1-webhookMercadoPago] Retrying task index 0
[debug] [2026-08-28T16:49:00.941Z] Checked if tokens are valid: true, expires at: 1787937781267
[debug] [2026-08-28T16:49:00.941Z] Checked if tokens are valid: true, expires at: 1787937781267
[debug] [2026-08-28T16:49:00.942Z] >>> [apiv2][query] GET https://cloudfunctions.googleapis.com/v2/projects/acaraje-da-bencao/locations/us-central1/operations/operation-1787935570932-65a1e309634d1-0aaf0327-0124112a [none]
[debug] [2026-08-28T16:49:02.501Z] <<< [apiv2][status] GET https://cloudfunctions.googleapis.com/v2/projects/acaraje-da-bencao/locations/us-central1/operations/operation-1787935570932-65a1e309634d1-0aaf0327-0124112a 200
[debug] [2026-08-28T16:49:02.501Z] <<< [apiv2][body] GET https://cloudfunctions.googleapis.com/v2/projects/acaraje-da-bencao/locations/us-central1/operations/operation-1787935570932-65a1e309634d1-0aaf0327-0124112a {"name":"projects/acaraje-da-bencao/locations/us-central1/operations/operation-1787935570932-65a1e309634d1-0aaf0327-0124112a","metadata":{"@type":"type.googleapis.com/google.cloud.functions.v2.OperationMetadata","createTime":"2026-08-28T16:46:13.577982747Z","target":"projects/acaraje-da-bencao/locations/us-central1/functions/webhookMercadoPago","verb":"update","cancelRequested":false,"apiVersion":"v2","requestResource":{"@type":"type.googleapis.com/google.cloud.functions.v2.Function","name":"projects/acaraje-da-bencao/locations/us-central1/functions/webhookMercadoPago","buildConfig":{"runtime":"nodejs24","entryPoint":"webhookMercadoPago","source":{"storageSource":{"bucket":"gcf-v2-sources-39673030784-us-central1","object":"webhookMercadoPago/function-source.zip","generation":"1787935573493116"}},"environmentVariables":{"GOOGLE_NODE_RUN_SCRIPTS":""},"dockerRepository":"projects/acaraje-da-bencao/locations/us-central1/repositories/gcf-artifacts","sourceProvenance":{"resolvedStorageSource":{"bucket":"gcf-v2-sources-39673030784-us-central1","object":"webhookMercadoPago/function-source.zip","generation":"1787924558707976"}},"dockerRegistry":"ARTIFACT_REGISTRY","serviceAccount":"projects/acaraje-da-bencao/serviceAccounts/39673030784-compute@developer.gserviceaccount.com","automaticUpdatePolicy":{}},"serviceConfig":{"service":"projects/acaraje-da-bencao/locations/us-central1/services/webhookmercadopago","timeoutSeconds":60,"environmentVariables":{"FIREBASE_CONFIG":"{\"projectId\":\"acaraje-da-bencao\",\"storageBucket\":\"acaraje-da-bencao.firebasestorage.app\"}","GCLOUD_PROJECT":"acaraje-da-bencao","EVENTARC_CLOUD_EVENT_SOURCE":"projects/acaraje-da-bencao/locations/us-central1/services/webhookMercadoPago","FUNCTION_REGION":"us-central1","FUNCTION_TARGET":"webhookMercadoPago","LOG_EXECUTION_ID":"true","FUNCTION_SIGNATURE_TYPE":"http"},"ingressSettings":"ALLOW_ALL","uri":"https://webhookmercadopago-2mfyfptukq-uc.a.run.app","serviceAccountEmail":"39673030784-compute@developer.gserviceaccount.com","availableMemory":"256Mi","allTrafficOnLatestRevision":true,"secretEnvironmentVariables":[{"key":"MP_ACCESS_TOKEN","projectId":"acaraje-da-bencao","secret":"MP_ACCESS_TOKEN","version":"1"}],"revision":"webhookmercadopago-00015-xoc","maxInstanceRequestConcurrency":80,"availableCpu":"1"},"state":"ACTIVE","labels":{"deployment-tool":"cli-firebase","firebase-functions-hash":"e4bc23d79e2bfde92aeded2a1577d5579e9c4023"},"environment":"GEN_2","url":"https://us-central1-acaraje-da-bencao.cloudfunctions.net/webhookMercadoPago","satisfiesPzi":true},"stages":[{"name":"BUILD","message":"Build in progress","state":"IN_PROGRESS","resource":"projects/39673030784/locations/us-central1/builds/29fa866b-da31-4536-a54c-bc94ae7392ad","resourceUri":"https://console.cloud.google.com/cloud-build/builds;region=us-central1/29fa866b-da31-4536-a54c-bc94ae7392ad?project=39673030784"},{"name":"SERVICE","state":"NOT_STARTED"}],"operationType":"UPDATE_FUNCTION","buildName":"projects/39673030784/locations/us-central1/builds/29fa866b-da31-4536-a54c-bc94ae7392ad"},"done":false}
[debug] [2026-08-28T16:49:12.510Z] [update-default-us-central1-webhookMercadoPago] Retrying task index 0
[debug] [2026-08-28T16:49:12.511Z] Checked if tokens are valid: true, expires at: 1787937781267
[debug] [2026-08-28T16:49:12.511Z] Checked if tokens are valid: true, expires at: 1787937781267
[debug] [2026-08-28T16:49:12.512Z] >>> [apiv2][query] GET https://cloudfunctions.googleapis.com/v2/projects/acaraje-da-bencao/locations/us-central1/operations/operation-1787935570932-65a1e309634d1-0aaf0327-0124112a [none]
[debug] [2026-08-28T16:49:14.008Z] <<< [apiv2][status] GET https://cloudfunctions.googleapis.com/v2/projects/acaraje-da-bencao/locations/us-central1/operations/operation-1787935570932-65a1e309634d1-0aaf0327-0124112a 200
[debug] [2026-08-28T16:49:14.008Z] <<< [apiv2][body] GET https://cloudfunctions.googleapis.com/v2/projects/acaraje-da-bencao/locations/us-central1/operations/operation-1787935570932-65a1e309634d1-0aaf0327-0124112a {"name":"projects/acaraje-da-bencao/locations/us-central1/operations/operation-1787935570932-65a1e309634d1-0aaf0327-0124112a","metadata":{"@type":"type.googleapis.com/google.cloud.functions.v2.OperationMetadata","createTime":"2026-08-28T16:46:13.577982747Z","target":"projects/acaraje-da-bencao/locations/us-central1/functions/webhookMercadoPago","verb":"update","cancelRequested":false,"apiVersion":"v2","requestResource":{"@type":"type.googleapis.com/google.cloud.functions.v2.Function","name":"projects/acaraje-da-bencao/locations/us-central1/functions/webhookMercadoPago","buildConfig":{"runtime":"nodejs24","entryPoint":"webhookMercadoPago","source":{"storageSource":{"bucket":"gcf-v2-sources-39673030784-us-central1","object":"webhookMercadoPago/function-source.zip","generation":"1787935573493116"}},"environmentVariables":{"GOOGLE_NODE_RUN_SCRIPTS":""},"dockerRepository":"projects/acaraje-da-bencao/locations/us-central1/repositories/gcf-artifacts","sourceProvenance":{"resolvedStorageSource":{"bucket":"gcf-v2-sources-39673030784-us-central1","object":"webhookMercadoPago/function-source.zip","generation":"1787924558707976"}},"dockerRegistry":"ARTIFACT_REGISTRY","serviceAccount":"projects/acaraje-da-bencao/serviceAccounts/39673030784-compute@developer.gserviceaccount.com","automaticUpdatePolicy":{}},"serviceConfig":{"service":"projects/acaraje-da-bencao/locations/us-central1/services/webhookmercadopago","timeoutSeconds":60,"environmentVariables":{"FIREBASE_CONFIG":"{\"projectId\":\"acaraje-da-bencao\",\"storageBucket\":\"acaraje-da-bencao.firebasestorage.app\"}","GCLOUD_PROJECT":"acaraje-da-bencao","EVENTARC_CLOUD_EVENT_SOURCE":"projects/acaraje-da-bencao/locations/us-central1/services/webhookMercadoPago","FUNCTION_REGION":"us-central1","FUNCTION_TARGET":"webhookMercadoPago","LOG_EXECUTION_ID":"true","FUNCTION_SIGNATURE_TYPE":"http"},"ingressSettings":"ALLOW_ALL","uri":"https://webhookmercadopago-2mfyfptukq-uc.a.run.app","serviceAccountEmail":"39673030784-compute@developer.gserviceaccount.com","availableMemory":"256Mi","allTrafficOnLatestRevision":true,"secretEnvironmentVariables":[{"key":"MP_ACCESS_TOKEN","projectId":"acaraje-da-bencao","secret":"MP_ACCESS_TOKEN","version":"1"}],"revision":"webhookmercadopago-00015-xoc","maxInstanceRequestConcurrency":80,"availableCpu":"1"},"state":"ACTIVE","labels":{"deployment-tool":"cli-firebase","firebase-functions-hash":"e4bc23d79e2bfde92aeded2a1577d5579e9c4023"},"environment":"GEN_2","url":"https://us-central1-acaraje-da-bencao.cloudfunctions.net/webhookMercadoPago","satisfiesPzi":true},"stages":[{"name":"BUILD","message":"Build in progress","state":"IN_PROGRESS","resource":"projects/39673030784/locations/us-central1/builds/29fa866b-da31-4536-a54c-bc94ae7392ad","resourceUri":"https://console.cloud.google.com/cloud-build/builds;region=us-central1/29fa866b-da31-4536-a54c-bc94ae7392ad?project=39673030784"},{"name":"SERVICE","state":"NOT_STARTED"}],"operationType":"UPDATE_FUNCTION","buildName":"projects/39673030784/locations/us-central1/builds/29fa866b-da31-4536-a54c-bc94ae7392ad"},"done":false}
[debug] [2026-08-28T16:49:24.017Z] [update-default-us-central1-webhookMercadoPago] Retrying task index 0
[debug] [2026-08-28T16:49:24.018Z] Checked if tokens are valid: true, expires at: 1787937781267
[debug] [2026-08-28T16:49:24.018Z] Checked if tokens are valid: true, expires at: 1787937781267
[debug] [2026-08-28T16:49:24.018Z] >>> [apiv2][query] GET https://cloudfunctions.googleapis.com/v2/projects/acaraje-da-bencao/locations/us-central1/operations/operation-1787935570932-65a1e309634d1-0aaf0327-0124112a [none]
[debug] [2026-08-28T16:49:25.521Z] <<< [apiv2][status] GET https://cloudfunctions.googleapis.com/v2/projects/acaraje-da-bencao/locations/us-central1/operations/operation-1787935570932-65a1e309634d1-0aaf0327-0124112a 200
[debug] [2026-08-28T16:49:25.522Z] <<< [apiv2][body] GET https://cloudfunctions.googleapis.com/v2/projects/acaraje-da-bencao/locations/us-central1/operations/operation-1787935570932-65a1e309634d1-0aaf0327-0124112a {"name":"projects/acaraje-da-bencao/locations/us-central1/operations/operation-1787935570932-65a1e309634d1-0aaf0327-0124112a","metadata":{"@type":"type.googleapis.com/google.cloud.functions.v2.OperationMetadata","createTime":"2026-08-28T16:46:13.577982747Z","target":"projects/acaraje-da-bencao/locations/us-central1/functions/webhookMercadoPago","verb":"update","cancelRequested":false,"apiVersion":"v2","requestResource":{"@type":"type.googleapis.com/google.cloud.functions.v2.Function","name":"projects/acaraje-da-bencao/locations/us-central1/functions/webhookMercadoPago","buildConfig":{"runtime":"nodejs24","entryPoint":"webhookMercadoPago","source":{"storageSource":{"bucket":"gcf-v2-sources-39673030784-us-central1","object":"webhookMercadoPago/function-source.zip","generation":"1787935573493116"}},"environmentVariables":{"GOOGLE_NODE_RUN_SCRIPTS":""},"dockerRepository":"projects/acaraje-da-bencao/locations/us-central1/repositories/gcf-artifacts","sourceProvenance":{"resolvedStorageSource":{"bucket":"gcf-v2-sources-39673030784-us-central1","object":"webhookMercadoPago/function-source.zip","generation":"1787924558707976"}},"dockerRegistry":"ARTIFACT_REGISTRY","serviceAccount":"projects/acaraje-da-bencao/serviceAccounts/39673030784-compute@developer.gserviceaccount.com","automaticUpdatePolicy":{}},"serviceConfig":{"service":"projects/acaraje-da-bencao/locations/us-central1/services/webhookmercadopago","timeoutSeconds":60,"environmentVariables":{"FIREBASE_CONFIG":"{\"projectId\":\"acaraje-da-bencao\",\"storageBucket\":\"acaraje-da-bencao.firebasestorage.app\"}","GCLOUD_PROJECT":"acaraje-da-bencao","EVENTARC_CLOUD_EVENT_SOURCE":"projects/acaraje-da-bencao/locations/us-central1/services/webhookMercadoPago","FUNCTION_REGION":"us-central1","FUNCTION_TARGET":"webhookMercadoPago","LOG_EXECUTION_ID":"true","FUNCTION_SIGNATURE_TYPE":"http"},"ingressSettings":"ALLOW_ALL","uri":"https://webhookmercadopago-2mfyfptukq-uc.a.run.app","serviceAccountEmail":"39673030784-compute@developer.gserviceaccount.com","availableMemory":"256Mi","allTrafficOnLatestRevision":true,"secretEnvironmentVariables":[{"key":"MP_ACCESS_TOKEN","projectId":"acaraje-da-bencao","secret":"MP_ACCESS_TOKEN","version":"1"}],"revision":"webhookmercadopago-00015-xoc","maxInstanceRequestConcurrency":80,"availableCpu":"1"},"state":"ACTIVE","labels":{"deployment-tool":"cli-firebase","firebase-functions-hash":"e4bc23d79e2bfde92aeded2a1577d5579e9c4023"},"environment":"GEN_2","url":"https://us-central1-acaraje-da-bencao.cloudfunctions.net/webhookMercadoPago","satisfiesPzi":true},"stages":[{"name":"BUILD","message":"Build in progress","state":"IN_PROGRESS","resource":"projects/39673030784/locations/us-central1/builds/29fa866b-da31-4536-a54c-bc94ae7392ad","resourceUri":"https://console.cloud.google.com/cloud-build/builds;region=us-central1/29fa866b-da31-4536-a54c-bc94ae7392ad?project=39673030784"},{"name":"SERVICE","state":"NOT_STARTED"}],"operationType":"UPDATE_FUNCTION","buildName":"projects/39673030784/locations/us-central1/builds/29fa866b-da31-4536-a54c-bc94ae7392ad"},"done":false}
[debug] [2026-08-28T16:49:35.537Z] [update-default-us-central1-webhookMercadoPago] Retrying task index 0
[debug] [2026-08-28T16:49:35.559Z] Checked if tokens are valid: true, expires at: 1787937781267
[debug] [2026-08-28T16:49:35.559Z] Checked if tokens are valid: true, expires at: 1787937781267
[debug] [2026-08-28T16:49:35.560Z] >>> [apiv2][query] GET https://cloudfunctions.googleapis.com/v2/projects/acaraje-da-bencao/locations/us-central1/operations/operation-1787935570932-65a1e309634d1-0aaf0327-0124112a [none]
[debug] [2026-08-28T16:49:37.113Z] <<< [apiv2][status] GET https://cloudfunctions.googleapis.com/v2/projects/acaraje-da-bencao/locations/us-central1/operations/operation-1787935570932-65a1e309634d1-0aaf0327-0124112a 200
[debug] [2026-08-28T16:49:37.113Z] <<< [apiv2][body] GET https://cloudfunctions.googleapis.com/v2/projects/acaraje-da-bencao/locations/us-central1/operations/operation-1787935570932-65a1e309634d1-0aaf0327-0124112a {"name":"projects/acaraje-da-bencao/locations/us-central1/operations/operation-1787935570932-65a1e309634d1-0aaf0327-0124112a","metadata":{"@type":"type.googleapis.com/google.cloud.functions.v2.OperationMetadata","createTime":"2026-08-28T16:46:13.577982747Z","target":"projects/acaraje-da-bencao/locations/us-central1/functions/webhookMercadoPago","verb":"update","cancelRequested":false,"apiVersion":"v2","requestResource":{"@type":"type.googleapis.com/google.cloud.functions.v2.Function","name":"projects/acaraje-da-bencao/locations/us-central1/functions/webhookMercadoPago","buildConfig":{"runtime":"nodejs24","entryPoint":"webhookMercadoPago","source":{"storageSource":{"bucket":"gcf-v2-sources-39673030784-us-central1","object":"webhookMercadoPago/function-source.zip","generation":"1787935573493116"}},"environmentVariables":{"GOOGLE_NODE_RUN_SCRIPTS":""},"dockerRepository":"projects/acaraje-da-bencao/locations/us-central1/repositories/gcf-artifacts","sourceProvenance":{"resolvedStorageSource":{"bucket":"gcf-v2-sources-39673030784-us-central1","object":"webhookMercadoPago/function-source.zip","generation":"1787924558707976"}},"dockerRegistry":"ARTIFACT_REGISTRY","serviceAccount":"projects/acaraje-da-bencao/serviceAccounts/39673030784-compute@developer.gserviceaccount.com","automaticUpdatePolicy":{}},"serviceConfig":{"service":"projects/acaraje-da-bencao/locations/us-central1/services/webhookmercadopago","timeoutSeconds":60,"environmentVariables":{"FIREBASE_CONFIG":"{\"projectId\":\"acaraje-da-bencao\",\"storageBucket\":\"acaraje-da-bencao.firebasestorage.app\"}","GCLOUD_PROJECT":"acaraje-da-bencao","EVENTARC_CLOUD_EVENT_SOURCE":"projects/acaraje-da-bencao/locations/us-central1/services/webhookMercadoPago","FUNCTION_REGION":"us-central1","FUNCTION_TARGET":"webhookMercadoPago","LOG_EXECUTION_ID":"true","FUNCTION_SIGNATURE_TYPE":"http"},"ingressSettings":"ALLOW_ALL","uri":"https://webhookmercadopago-2mfyfptukq-uc.a.run.app","serviceAccountEmail":"39673030784-compute@developer.gserviceaccount.com","availableMemory":"256Mi","allTrafficOnLatestRevision":true,"secretEnvironmentVariables":[{"key":"MP_ACCESS_TOKEN","projectId":"acaraje-da-bencao","secret":"MP_ACCESS_TOKEN","version":"1"}],"revision":"webhookmercadopago-00015-xoc","maxInstanceRequestConcurrency":80,"availableCpu":"1"},"state":"ACTIVE","labels":{"deployment-tool":"cli-firebase","firebase-functions-hash":"e4bc23d79e2bfde92aeded2a1577d5579e9c4023"},"environment":"GEN_2","url":"https://us-central1-acaraje-da-bencao.cloudfunctions.net/webhookMercadoPago","satisfiesPzi":true},"stages":[{"name":"BUILD","message":"Build in progress","state":"IN_PROGRESS","resource":"projects/39673030784/locations/us-central1/builds/29fa866b-da31-4536-a54c-bc94ae7392ad","resourceUri":"https://console.cloud.google.com/cloud-build/builds;region=us-central1/29fa866b-da31-4536-a54c-bc94ae7392ad?project=39673030784"},{"name":"SERVICE","state":"NOT_STARTED"}],"operationType":"UPDATE_FUNCTION","buildName":"projects/39673030784/locations/us-central1/builds/29fa866b-da31-4536-a54c-bc94ae7392ad"},"done":false}
[debug] [2026-08-28T16:49:47.128Z] [update-default-us-central1-webhookMercadoPago] Retrying task index 0
[debug] [2026-08-28T16:49:47.128Z] Checked if tokens are valid: true, expires at: 1787937781267
[debug] [2026-08-28T16:49:47.129Z] Checked if tokens are valid: true, expires at: 1787937781267
[debug] [2026-08-28T16:49:47.129Z] >>> [apiv2][query] GET https://cloudfunctions.googleapis.com/v2/projects/acaraje-da-bencao/locations/us-central1/operations/operation-1787935570932-65a1e309634d1-0aaf0327-0124112a [none]
[debug] [2026-08-28T16:49:48.583Z] <<< [apiv2][status] GET https://cloudfunctions.googleapis.com/v2/projects/acaraje-da-bencao/locations/us-central1/operations/operation-1787935570932-65a1e309634d1-0aaf0327-0124112a 200
[debug] [2026-08-28T16:49:48.583Z] <<< [apiv2][body] GET https://cloudfunctions.googleapis.com/v2/projects/acaraje-da-bencao/locations/us-central1/operations/operation-1787935570932-65a1e309634d1-0aaf0327-0124112a {"name":"projects/acaraje-da-bencao/locations/us-central1/operations/operation-1787935570932-65a1e309634d1-0aaf0327-0124112a","metadata":{"@type":"type.googleapis.com/google.cloud.functions.v2.OperationMetadata","createTime":"2026-08-28T16:46:13.577982747Z","target":"projects/acaraje-da-bencao/locations/us-central1/functions/webhookMercadoPago","verb":"update","cancelRequested":false,"apiVersion":"v2","requestResource":{"@type":"type.googleapis.com/google.cloud.functions.v2.Function","name":"projects/acaraje-da-bencao/locations/us-central1/functions/webhookMercadoPago","buildConfig":{"runtime":"nodejs24","entryPoint":"webhookMercadoPago","source":{"storageSource":{"bucket":"gcf-v2-sources-39673030784-us-central1","object":"webhookMercadoPago/function-source.zip","generation":"1787935573493116"}},"environmentVariables":{"GOOGLE_NODE_RUN_SCRIPTS":""},"dockerRepository":"projects/acaraje-da-bencao/locations/us-central1/repositories/gcf-artifacts","sourceProvenance":{"resolvedStorageSource":{"bucket":"gcf-v2-sources-39673030784-us-central1","object":"webhookMercadoPago/function-source.zip","generation":"1787924558707976"}},"dockerRegistry":"ARTIFACT_REGISTRY","serviceAccount":"projects/acaraje-da-bencao/serviceAccounts/39673030784-compute@developer.gserviceaccount.com","automaticUpdatePolicy":{}},"serviceConfig":{"service":"projects/acaraje-da-bencao/locations/us-central1/services/webhookmercadopago","timeoutSeconds":60,"environmentVariables":{"FIREBASE_CONFIG":"{\"projectId\":\"acaraje-da-bencao\",\"storageBucket\":\"acaraje-da-bencao.firebasestorage.app\"}","GCLOUD_PROJECT":"acaraje-da-bencao","EVENTARC_CLOUD_EVENT_SOURCE":"projects/acaraje-da-bencao/locations/us-central1/services/webhookMercadoPago","FUNCTION_REGION":"us-central1","FUNCTION_TARGET":"webhookMercadoPago","LOG_EXECUTION_ID":"true","FUNCTION_SIGNATURE_TYPE":"http"},"ingressSettings":"ALLOW_ALL","uri":"https://webhookmercadopago-2mfyfptukq-uc.a.run.app","serviceAccountEmail":"39673030784-compute@developer.gserviceaccount.com","availableMemory":"256Mi","allTrafficOnLatestRevision":true,"secretEnvironmentVariables":[{"key":"MP_ACCESS_TOKEN","projectId":"acaraje-da-bencao","secret":"MP_ACCESS_TOKEN","version":"1"}],"revision":"webhookmercadopago-00015-xoc","maxInstanceRequestConcurrency":80,"availableCpu":"1"},"state":"ACTIVE","labels":{"deployment-tool":"cli-firebase","firebase-functions-hash":"e4bc23d79e2bfde92aeded2a1577d5579e9c4023"},"environment":"GEN_2","url":"https://us-central1-acaraje-da-bencao.cloudfunctions.net/webhookMercadoPago","satisfiesPzi":true},"stages":[{"name":"BUILD","message":"Build in progress","state":"IN_PROGRESS","resource":"projects/39673030784/locations/us-central1/builds/29fa866b-da31-4536-a54c-bc94ae7392ad","resourceUri":"https://console.cloud.google.com/cloud-build/builds;region=us-central1/29fa866b-da31-4536-a54c-bc94ae7392ad?project=39673030784"},{"name":"SERVICE","state":"NOT_STARTED"}],"operationType":"UPDATE_FUNCTION","buildName":"projects/39673030784/locations/us-central1/builds/29fa866b-da31-4536-a54c-bc94ae7392ad"},"done":false}
[debug] [2026-08-28T16:49:58.587Z] [update-default-us-central1-webhookMercadoPago] Retrying task index 0
[debug] [2026-08-28T16:49:58.588Z] Checked if tokens are valid: true, expires at: 1787937781267
[debug] [2026-08-28T16:49:58.588Z] Checked if tokens are valid: true, expires at: 1787937781267
[debug] [2026-08-28T16:49:58.588Z] >>> [apiv2][query] GET https://cloudfunctions.googleapis.com/v2/projects/acaraje-da-bencao/locations/us-central1/operations/operation-1787935570932-65a1e309634d1-0aaf0327-0124112a [none]
[debug] [2026-08-28T16:49:59.769Z] <<< [apiv2][status] GET https://cloudfunctions.googleapis.com/v2/projects/acaraje-da-bencao/locations/us-central1/operations/operation-1787935570932-65a1e309634d1-0aaf0327-0124112a 200
[debug] [2026-08-28T16:49:59.769Z] <<< [apiv2][body] GET https://cloudfunctions.googleapis.com/v2/projects/acaraje-da-bencao/locations/us-central1/operations/operation-1787935570932-65a1e309634d1-0aaf0327-0124112a {"name":"projects/acaraje-da-bencao/locations/us-central1/operations/operation-1787935570932-65a1e309634d1-0aaf0327-0124112a","metadata":{"@type":"type.googleapis.com/google.cloud.functions.v2.OperationMetadata","createTime":"2026-08-28T16:46:13.577982747Z","target":"projects/acaraje-da-bencao/locations/us-central1/functions/webhookMercadoPago","verb":"update","cancelRequested":false,"apiVersion":"v2","requestResource":{"@type":"type.googleapis.com/google.cloud.functions.v2.Function","name":"projects/acaraje-da-bencao/locations/us-central1/functions/webhookMercadoPago","buildConfig":{"runtime":"nodejs24","entryPoint":"webhookMercadoPago","source":{"storageSource":{"bucket":"gcf-v2-sources-39673030784-us-central1","object":"webhookMercadoPago/function-source.zip","generation":"1787935573493116"}},"environmentVariables":{"GOOGLE_NODE_RUN_SCRIPTS":""},"dockerRepository":"projects/acaraje-da-bencao/locations/us-central1/repositories/gcf-artifacts","sourceProvenance":{"resolvedStorageSource":{"bucket":"gcf-v2-sources-39673030784-us-central1","object":"webhookMercadoPago/function-source.zip","generation":"1787924558707976"}},"dockerRegistry":"ARTIFACT_REGISTRY","serviceAccount":"projects/acaraje-da-bencao/serviceAccounts/39673030784-compute@developer.gserviceaccount.com","automaticUpdatePolicy":{}},"serviceConfig":{"service":"projects/acaraje-da-bencao/locations/us-central1/services/webhookmercadopago","timeoutSeconds":60,"environmentVariables":{"FIREBASE_CONFIG":"{\"projectId\":\"acaraje-da-bencao\",\"storageBucket\":\"acaraje-da-bencao.firebasestorage.app\"}","GCLOUD_PROJECT":"acaraje-da-bencao","EVENTARC_CLOUD_EVENT_SOURCE":"projects/acaraje-da-bencao/locations/us-central1/services/webhookMercadoPago","FUNCTION_REGION":"us-central1","FUNCTION_TARGET":"webhookMercadoPago","LOG_EXECUTION_ID":"true","FUNCTION_SIGNATURE_TYPE":"http"},"ingressSettings":"ALLOW_ALL","uri":"https://webhookmercadopago-2mfyfptukq-uc.a.run.app","serviceAccountEmail":"39673030784-compute@developer.gserviceaccount.com","availableMemory":"256Mi","allTrafficOnLatestRevision":true,"secretEnvironmentVariables":[{"key":"MP_ACCESS_TOKEN","projectId":"acaraje-da-bencao","secret":"MP_ACCESS_TOKEN","version":"1"}],"revision":"webhookmercadopago-00015-xoc","maxInstanceRequestConcurrency":80,"availableCpu":"1"},"state":"ACTIVE","labels":{"deployment-tool":"cli-firebase","firebase-functions-hash":"e4bc23d79e2bfde92aeded2a1577d5579e9c4023"},"environment":"GEN_2","url":"https://us-central1-acaraje-da-bencao.cloudfunctions.net/webhookMercadoPago","satisfiesPzi":true},"stages":[{"name":"BUILD","message":"Build in progress","state":"IN_PROGRESS","resource":"projects/39673030784/locations/us-central1/builds/29fa866b-da31-4536-a54c-bc94ae7392ad","resourceUri":"https://console.cloud.google.com/cloud-build/builds;region=us-central1/29fa866b-da31-4536-a54c-bc94ae7392ad?project=39673030784"},{"name":"SERVICE","state":"NOT_STARTED"}],"operationType":"UPDATE_FUNCTION","buildName":"projects/39673030784/locations/us-central1/builds/29fa866b-da31-4536-a54c-bc94ae7392ad"},"done":false}
[debug] [2026-08-28T16:50:09.771Z] [update-default-us-central1-webhookMercadoPago] Retrying task index 0
[debug] [2026-08-28T16:50:09.772Z] Checked if tokens are valid: true, expires at: 1787937781267
[debug] [2026-08-28T16:50:09.772Z] Checked if tokens are valid: true, expires at: 1787937781267
[debug] [2026-08-28T16:50:09.772Z] >>> [apiv2][query] GET https://cloudfunctions.googleapis.com/v2/projects/acaraje-da-bencao/locations/us-central1/operations/operation-1787935570932-65a1e309634d1-0aaf0327-0124112a [none]
[debug] [2026-08-28T16:50:10.702Z] <<< [apiv2][status] GET https://cloudfunctions.googleapis.com/v2/projects/acaraje-da-bencao/locations/us-central1/operations/operation-1787935570932-65a1e309634d1-0aaf0327-0124112a 200
[debug] [2026-08-28T16:50:10.702Z] <<< [apiv2][body] GET https://cloudfunctions.googleapis.com/v2/projects/acaraje-da-bencao/locations/us-central1/operations/operation-1787935570932-65a1e309634d1-0aaf0327-0124112a {"name":"projects/acaraje-da-bencao/locations/us-central1/operations/operation-1787935570932-65a1e309634d1-0aaf0327-0124112a","metadata":{"@type":"type.googleapis.com/google.cloud.functions.v2.OperationMetadata","createTime":"2026-08-28T16:46:13.577982747Z","target":"projects/acaraje-da-bencao/locations/us-central1/functions/webhookMercadoPago","verb":"update","cancelRequested":false,"apiVersion":"v2","requestResource":{"@type":"type.googleapis.com/google.cloud.functions.v2.Function","name":"projects/acaraje-da-bencao/locations/us-central1/functions/webhookMercadoPago","buildConfig":{"runtime":"nodejs24","entryPoint":"webhookMercadoPago","source":{"storageSource":{"bucket":"gcf-v2-sources-39673030784-us-central1","object":"webhookMercadoPago/function-source.zip","generation":"1787935573493116"}},"environmentVariables":{"GOOGLE_NODE_RUN_SCRIPTS":""},"dockerRepository":"projects/acaraje-da-bencao/locations/us-central1/repositories/gcf-artifacts","sourceProvenance":{"resolvedStorageSource":{"bucket":"gcf-v2-sources-39673030784-us-central1","object":"webhookMercadoPago/function-source.zip","generation":"1787924558707976"}},"dockerRegistry":"ARTIFACT_REGISTRY","serviceAccount":"projects/acaraje-da-bencao/serviceAccounts/39673030784-compute@developer.gserviceaccount.com","automaticUpdatePolicy":{}},"serviceConfig":{"service":"projects/acaraje-da-bencao/locations/us-central1/services/webhookmercadopago","timeoutSeconds":60,"environmentVariables":{"FIREBASE_CONFIG":"{\"projectId\":\"acaraje-da-bencao\",\"storageBucket\":\"acaraje-da-bencao.firebasestorage.app\"}","GCLOUD_PROJECT":"acaraje-da-bencao","EVENTARC_CLOUD_EVENT_SOURCE":"projects/acaraje-da-bencao/locations/us-central1/services/webhookMercadoPago","FUNCTION_REGION":"us-central1","FUNCTION_TARGET":"webhookMercadoPago","LOG_EXECUTION_ID":"true","FUNCTION_SIGNATURE_TYPE":"http"},"ingressSettings":"ALLOW_ALL","uri":"https://webhookmercadopago-2mfyfptukq-uc.a.run.app","serviceAccountEmail":"39673030784-compute@developer.gserviceaccount.com","availableMemory":"256Mi","allTrafficOnLatestRevision":true,"secretEnvironmentVariables":[{"key":"MP_ACCESS_TOKEN","projectId":"acaraje-da-bencao","secret":"MP_ACCESS_TOKEN","version":"1"}],"revision":"webhookmercadopago-00015-xoc","maxInstanceRequestConcurrency":80,"availableCpu":"1"},"state":"ACTIVE","labels":{"deployment-tool":"cli-firebase","firebase-functions-hash":"e4bc23d79e2bfde92aeded2a1577d5579e9c4023"},"environment":"GEN_2","url":"https://us-central1-acaraje-da-bencao.cloudfunctions.net/webhookMercadoPago","satisfiesPzi":true},"stages":[{"name":"BUILD","message":"Build in progress","state":"IN_PROGRESS","resource":"projects/39673030784/locations/us-central1/builds/29fa866b-da31-4536-a54c-bc94ae7392ad","resourceUri":"https://console.cloud.google.com/cloud-build/builds;region=us-central1/29fa866b-da31-4536-a54c-bc94ae7392ad?project=39673030784"},{"name":"SERVICE","state":"NOT_STARTED"}],"operationType":"UPDATE_FUNCTION","buildName":"projects/39673030784/locations/us-central1/builds/29fa866b-da31-4536-a54c-bc94ae7392ad"},"done":false}
[debug] [2026-08-28T16:50:20.716Z] [update-default-us-central1-webhookMercadoPago] Retrying task index 0
[debug] [2026-08-28T16:50:20.717Z] Checked if tokens are valid: true, expires at: 1787937781267
[debug] [2026-08-28T16:50:20.718Z] Checked if tokens are valid: true, expires at: 1787937781267
[debug] [2026-08-28T16:50:20.718Z] >>> [apiv2][query] GET https://cloudfunctions.googleapis.com/v2/projects/acaraje-da-bencao/locations/us-central1/operations/operation-1787935570932-65a1e309634d1-0aaf0327-0124112a [none]
[debug] [2026-08-28T16:50:21.389Z] <<< [apiv2][status] GET https://cloudfunctions.googleapis.com/v2/projects/acaraje-da-bencao/locations/us-central1/operations/operation-1787935570932-65a1e309634d1-0aaf0327-0124112a 200
[debug] [2026-08-28T16:50:21.389Z] <<< [apiv2][body] GET https://cloudfunctions.googleapis.com/v2/projects/acaraje-da-bencao/locations/us-central1/operations/operation-1787935570932-65a1e309634d1-0aaf0327-0124112a {"name":"projects/acaraje-da-bencao/locations/us-central1/operations/operation-1787935570932-65a1e309634d1-0aaf0327-0124112a","metadata":{"@type":"type.googleapis.com/google.cloud.functions.v2.OperationMetadata","createTime":"2026-08-28T16:46:13.577982747Z","target":"projects/acaraje-da-bencao/locations/us-central1/functions/webhookMercadoPago","verb":"update","cancelRequested":false,"apiVersion":"v2","requestResource":{"@type":"type.googleapis.com/google.cloud.functions.v2.Function","name":"projects/acaraje-da-bencao/locations/us-central1/functions/webhookMercadoPago","buildConfig":{"runtime":"nodejs24","entryPoint":"webhookMercadoPago","source":{"storageSource":{"bucket":"gcf-v2-sources-39673030784-us-central1","object":"webhookMercadoPago/function-source.zip","generation":"1787935573493116"}},"environmentVariables":{"GOOGLE_NODE_RUN_SCRIPTS":""},"dockerRepository":"projects/acaraje-da-bencao/locations/us-central1/repositories/gcf-artifacts","sourceProvenance":{"resolvedStorageSource":{"bucket":"gcf-v2-sources-39673030784-us-central1","object":"webhookMercadoPago/function-source.zip","generation":"1787924558707976"}},"dockerRegistry":"ARTIFACT_REGISTRY","serviceAccount":"projects/acaraje-da-bencao/serviceAccounts/39673030784-compute@developer.gserviceaccount.com","automaticUpdatePolicy":{}},"serviceConfig":{"service":"projects/acaraje-da-bencao/locations/us-central1/services/webhookmercadopago","timeoutSeconds":60,"environmentVariables":{"FIREBASE_CONFIG":"{\"projectId\":\"acaraje-da-bencao\",\"storageBucket\":\"acaraje-da-bencao.firebasestorage.app\"}","GCLOUD_PROJECT":"acaraje-da-bencao","EVENTARC_CLOUD_EVENT_SOURCE":"projects/acaraje-da-bencao/locations/us-central1/services/webhookMercadoPago","FUNCTION_REGION":"us-central1","FUNCTION_TARGET":"webhookMercadoPago","LOG_EXECUTION_ID":"true","FUNCTION_SIGNATURE_TYPE":"http"},"ingressSettings":"ALLOW_ALL","uri":"https://webhookmercadopago-2mfyfptukq-uc.a.run.app","serviceAccountEmail":"39673030784-compute@developer.gserviceaccount.com","availableMemory":"256Mi","allTrafficOnLatestRevision":true,"secretEnvironmentVariables":[{"key":"MP_ACCESS_TOKEN","projectId":"acaraje-da-bencao","secret":"MP_ACCESS_TOKEN","version":"1"}],"revision":"webhookmercadopago-00015-xoc","maxInstanceRequestConcurrency":80,"availableCpu":"1"},"state":"ACTIVE","labels":{"deployment-tool":"cli-firebase","firebase-functions-hash":"e4bc23d79e2bfde92aeded2a1577d5579e9c4023"},"environment":"GEN_2","url":"https://us-central1-acaraje-da-bencao.cloudfunctions.net/webhookMercadoPago","satisfiesPzi":true},"stages":[{"name":"BUILD","message":"Build in progress","state":"IN_PROGRESS","resource":"projects/39673030784/locations/us-central1/builds/29fa866b-da31-4536-a54c-bc94ae7392ad","resourceUri":"https://console.cloud.google.com/cloud-build/builds;region=us-central1/29fa866b-da31-4536-a54c-bc94ae7392ad?project=39673030784"},{"name":"SERVICE","state":"NOT_STARTED"}],"operationType":"UPDATE_FUNCTION","buildName":"projects/39673030784/locations/us-central1/builds/29fa866b-da31-4536-a54c-bc94ae7392ad"},"done":false}
[debug] [2026-08-28T16:50:31.401Z] [update-default-us-central1-webhookMercadoPago] Retrying task index 0
[debug] [2026-08-28T16:50:31.401Z] Checked if tokens are valid: true, expires at: 1787937781267
[debug] [2026-08-28T16:50:31.401Z] Checked if tokens are valid: true, expires at: 1787937781267
[debug] [2026-08-28T16:50:31.402Z] >>> [apiv2][query] GET https://cloudfunctions.googleapis.com/v2/projects/acaraje-da-bencao/locations/us-central1/operations/operation-1787935570932-65a1e309634d1-0aaf0327-0124112a [none]
[debug] [2026-08-28T16:50:32.003Z] <<< [apiv2][status] GET https://cloudfunctions.googleapis.com/v2/projects/acaraje-da-bencao/locations/us-central1/operations/operation-1787935570932-65a1e309634d1-0aaf0327-0124112a 200
[debug] [2026-08-28T16:50:32.003Z] <<< [apiv2][body] GET https://cloudfunctions.googleapis.com/v2/projects/acaraje-da-bencao/locations/us-central1/operations/operation-1787935570932-65a1e309634d1-0aaf0327-0124112a {"name":"projects/acaraje-da-bencao/locations/us-central1/operations/operation-1787935570932-65a1e309634d1-0aaf0327-0124112a","metadata":{"@type":"type.googleapis.com/google.cloud.functions.v2.OperationMetadata","createTime":"2026-08-28T16:46:13.577982747Z","target":"projects/acaraje-da-bencao/locations/us-central1/functions/webhookMercadoPago","verb":"update","cancelRequested":false,"apiVersion":"v2","requestResource":{"@type":"type.googleapis.com/google.cloud.functions.v2.Function","name":"projects/acaraje-da-bencao/locations/us-central1/functions/webhookMercadoPago","buildConfig":{"runtime":"nodejs24","entryPoint":"webhookMercadoPago","source":{"storageSource":{"bucket":"gcf-v2-sources-39673030784-us-central1","object":"webhookMercadoPago/function-source.zip","generation":"1787935573493116"}},"environmentVariables":{"GOOGLE_NODE_RUN_SCRIPTS":""},"dockerRepository":"projects/acaraje-da-bencao/locations/us-central1/repositories/gcf-artifacts","sourceProvenance":{"resolvedStorageSource":{"bucket":"gcf-v2-sources-39673030784-us-central1","object":"webhookMercadoPago/function-source.zip","generation":"1787924558707976"}},"dockerRegistry":"ARTIFACT_REGISTRY","serviceAccount":"projects/acaraje-da-bencao/serviceAccounts/39673030784-compute@developer.gserviceaccount.com","automaticUpdatePolicy":{}},"serviceConfig":{"service":"projects/acaraje-da-bencao/locations/us-central1/services/webhookmercadopago","timeoutSeconds":60,"environmentVariables":{"FIREBASE_CONFIG":"{\"projectId\":\"acaraje-da-bencao\",\"storageBucket\":\"acaraje-da-bencao.firebasestorage.app\"}","GCLOUD_PROJECT":"acaraje-da-bencao","EVENTARC_CLOUD_EVENT_SOURCE":"projects/acaraje-da-bencao/locations/us-central1/services/webhookMercadoPago","FUNCTION_REGION":"us-central1","FUNCTION_TARGET":"webhookMercadoPago","LOG_EXECUTION_ID":"true","FUNCTION_SIGNATURE_TYPE":"http"},"ingressSettings":"ALLOW_ALL","uri":"https://webhookmercadopago-2mfyfptukq-uc.a.run.app","serviceAccountEmail":"39673030784-compute@developer.gserviceaccount.com","availableMemory":"256Mi","allTrafficOnLatestRevision":true,"secretEnvironmentVariables":[{"key":"MP_ACCESS_TOKEN","projectId":"acaraje-da-bencao","secret":"MP_ACCESS_TOKEN","version":"1"}],"revision":"webhookmercadopago-00015-xoc","maxInstanceRequestConcurrency":80,"availableCpu":"1"},"state":"ACTIVE","labels":{"deployment-tool":"cli-firebase","firebase-functions-hash":"e4bc23d79e2bfde92aeded2a1577d5579e9c4023"},"environment":"GEN_2","url":"https://us-central1-acaraje-da-bencao.cloudfunctions.net/webhookMercadoPago","satisfiesPzi":true},"stages":[{"name":"BUILD","message":"Build in progress","state":"IN_PROGRESS","resource":"projects/39673030784/locations/us-central1/builds/29fa866b-da31-4536-a54c-bc94ae7392ad","resourceUri":"https://console.cloud.google.com/cloud-build/builds;region=us-central1/29fa866b-da31-4536-a54c-bc94ae7392ad?project=39673030784"},{"name":"SERVICE","state":"NOT_STARTED"}],"operationType":"UPDATE_FUNCTION","buildName":"projects/39673030784/locations/us-central1/builds/29fa866b-da31-4536-a54c-bc94ae7392ad"},"done":false}
[debug] [2026-08-28T16:50:42.014Z] [update-default-us-central1-webhookMercadoPago] Retrying task index 0
[debug] [2026-08-28T16:50:42.015Z] Checked if tokens are valid: true, expires at: 1787937781267
[debug] [2026-08-28T16:50:42.015Z] Checked if tokens are valid: true, expires at: 1787937781267
[debug] [2026-08-28T16:50:42.015Z] >>> [apiv2][query] GET https://cloudfunctions.googleapis.com/v2/projects/acaraje-da-bencao/locations/us-central1/operations/operation-1787935570932-65a1e309634d1-0aaf0327-0124112a [none]
[debug] [2026-08-28T16:50:43.343Z] <<< [apiv2][status] GET https://cloudfunctions.googleapis.com/v2/projects/acaraje-da-bencao/locations/us-central1/operations/operation-1787935570932-65a1e309634d1-0aaf0327-0124112a 200
[debug] [2026-08-28T16:50:43.343Z] <<< [apiv2][body] GET https://cloudfunctions.googleapis.com/v2/projects/acaraje-da-bencao/locations/us-central1/operations/operation-1787935570932-65a1e309634d1-0aaf0327-0124112a {"name":"projects/acaraje-da-bencao/locations/us-central1/operations/operation-1787935570932-65a1e309634d1-0aaf0327-0124112a","metadata":{"@type":"type.googleapis.com/google.cloud.functions.v2.OperationMetadata","createTime":"2026-08-28T16:46:13.577982747Z","target":"projects/acaraje-da-bencao/locations/us-central1/functions/webhookMercadoPago","verb":"update","cancelRequested":false,"apiVersion":"v2","requestResource":{"@type":"type.googleapis.com/google.cloud.functions.v2.Function","name":"projects/acaraje-da-bencao/locations/us-central1/functions/webhookMercadoPago","buildConfig":{"runtime":"nodejs24","entryPoint":"webhookMercadoPago","source":{"storageSource":{"bucket":"gcf-v2-sources-39673030784-us-central1","object":"webhookMercadoPago/function-source.zip","generation":"1787935573493116"}},"environmentVariables":{"GOOGLE_NODE_RUN_SCRIPTS":""},"dockerRepository":"projects/acaraje-da-bencao/locations/us-central1/repositories/gcf-artifacts","sourceProvenance":{"resolvedStorageSource":{"bucket":"gcf-v2-sources-39673030784-us-central1","object":"webhookMercadoPago/function-source.zip","generation":"1787924558707976"}},"dockerRegistry":"ARTIFACT_REGISTRY","serviceAccount":"projects/acaraje-da-bencao/serviceAccounts/39673030784-compute@developer.gserviceaccount.com","automaticUpdatePolicy":{}},"serviceConfig":{"service":"projects/acaraje-da-bencao/locations/us-central1/services/webhookmercadopago","timeoutSeconds":60,"environmentVariables":{"FIREBASE_CONFIG":"{\"projectId\":\"acaraje-da-bencao\",\"storageBucket\":\"acaraje-da-bencao.firebasestorage.app\"}","GCLOUD_PROJECT":"acaraje-da-bencao","EVENTARC_CLOUD_EVENT_SOURCE":"projects/acaraje-da-bencao/locations/us-central1/services/webhookMercadoPago","FUNCTION_REGION":"us-central1","FUNCTION_TARGET":"webhookMercadoPago","LOG_EXECUTION_ID":"true","FUNCTION_SIGNATURE_TYPE":"http"},"ingressSettings":"ALLOW_ALL","uri":"https://webhookmercadopago-2mfyfptukq-uc.a.run.app","serviceAccountEmail":"39673030784-compute@developer.gserviceaccount.com","availableMemory":"256Mi","allTrafficOnLatestRevision":true,"secretEnvironmentVariables":[{"key":"MP_ACCESS_TOKEN","projectId":"acaraje-da-bencao","secret":"MP_ACCESS_TOKEN","version":"1"}],"revision":"webhookmercadopago-00015-xoc","maxInstanceRequestConcurrency":80,"availableCpu":"1"},"state":"ACTIVE","labels":{"deployment-tool":"cli-firebase","firebase-functions-hash":"e4bc23d79e2bfde92aeded2a1577d5579e9c4023"},"environment":"GEN_2","url":"https://us-central1-acaraje-da-bencao.cloudfunctions.net/webhookMercadoPago","satisfiesPzi":true},"stages":[{"name":"BUILD","message":"Build in progress","state":"IN_PROGRESS","resource":"projects/39673030784/locations/us-central1/builds/29fa866b-da31-4536-a54c-bc94ae7392ad","resourceUri":"https://console.cloud.google.com/cloud-build/builds;region=us-central1/29fa866b-da31-4536-a54c-bc94ae7392ad?project=39673030784"},{"name":"SERVICE","state":"NOT_STARTED"}],"operationType":"UPDATE_FUNCTION","buildName":"projects/39673030784/locations/us-central1/builds/29fa866b-da31-4536-a54c-bc94ae7392ad"},"done":false}
[debug] [2026-08-28T16:50:53.356Z] [update-default-us-central1-webhookMercadoPago] Retrying task index 0
[debug] [2026-08-28T16:50:53.356Z] Checked if tokens are valid: true, expires at: 1787937781267
[debug] [2026-08-28T16:50:53.356Z] Checked if tokens are valid: true, expires at: 1787937781267
[debug] [2026-08-28T16:50:53.357Z] >>> [apiv2][query] GET https://cloudfunctions.googleapis.com/v2/projects/acaraje-da-bencao/locations/us-central1/operations/operation-1787935570932-65a1e309634d1-0aaf0327-0124112a [none]
[debug] [2026-08-28T16:50:54.222Z] <<< [apiv2][status] GET https://cloudfunctions.googleapis.com/v2/projects/acaraje-da-bencao/locations/us-central1/operations/operation-1787935570932-65a1e309634d1-0aaf0327-0124112a 200
[debug] [2026-08-28T16:50:54.222Z] <<< [apiv2][body] GET https://cloudfunctions.googleapis.com/v2/projects/acaraje-da-bencao/locations/us-central1/operations/operation-1787935570932-65a1e309634d1-0aaf0327-0124112a {"name":"projects/acaraje-da-bencao/locations/us-central1/operations/operation-1787935570932-65a1e309634d1-0aaf0327-0124112a","metadata":{"@type":"type.googleapis.com/google.cloud.functions.v2.OperationMetadata","createTime":"2026-08-28T16:46:13.577982747Z","target":"projects/acaraje-da-bencao/locations/us-central1/functions/webhookMercadoPago","verb":"update","cancelRequested":false,"apiVersion":"v2","requestResource":{"@type":"type.googleapis.com/google.cloud.functions.v2.Function","name":"projects/acaraje-da-bencao/locations/us-central1/functions/webhookMercadoPago","buildConfig":{"runtime":"nodejs24","entryPoint":"webhookMercadoPago","source":{"storageSource":{"bucket":"gcf-v2-sources-39673030784-us-central1","object":"webhookMercadoPago/function-source.zip","generation":"1787935573493116"}},"environmentVariables":{"GOOGLE_NODE_RUN_SCRIPTS":""},"dockerRepository":"projects/acaraje-da-bencao/locations/us-central1/repositories/gcf-artifacts","sourceProvenance":{"resolvedStorageSource":{"bucket":"gcf-v2-sources-39673030784-us-central1","object":"webhookMercadoPago/function-source.zip","generation":"1787924558707976"}},"dockerRegistry":"ARTIFACT_REGISTRY","serviceAccount":"projects/acaraje-da-bencao/serviceAccounts/39673030784-compute@developer.gserviceaccount.com","automaticUpdatePolicy":{}},"serviceConfig":{"service":"projects/acaraje-da-bencao/locations/us-central1/services/webhookmercadopago","timeoutSeconds":60,"environmentVariables":{"FIREBASE_CONFIG":"{\"projectId\":\"acaraje-da-bencao\",\"storageBucket\":\"acaraje-da-bencao.firebasestorage.app\"}","GCLOUD_PROJECT":"acaraje-da-bencao","EVENTARC_CLOUD_EVENT_SOURCE":"projects/acaraje-da-bencao/locations/us-central1/services/webhookMercadoPago","FUNCTION_REGION":"us-central1","FUNCTION_TARGET":"webhookMercadoPago","LOG_EXECUTION_ID":"true","FUNCTION_SIGNATURE_TYPE":"http"},"ingressSettings":"ALLOW_ALL","uri":"https://webhookmercadopago-2mfyfptukq-uc.a.run.app","serviceAccountEmail":"39673030784-compute@developer.gserviceaccount.com","availableMemory":"256Mi","allTrafficOnLatestRevision":true,"secretEnvironmentVariables":[{"key":"MP_ACCESS_TOKEN","projectId":"acaraje-da-bencao","secret":"MP_ACCESS_TOKEN","version":"1"}],"revision":"webhookmercadopago-00015-xoc","maxInstanceRequestConcurrency":80,"availableCpu":"1"},"state":"ACTIVE","labels":{"deployment-tool":"cli-firebase","firebase-functions-hash":"e4bc23d79e2bfde92aeded2a1577d5579e9c4023"},"environment":"GEN_2","url":"https://us-central1-acaraje-da-bencao.cloudfunctions.net/webhookMercadoPago","satisfiesPzi":true},"stages":[{"name":"BUILD","message":"Build in progress","state":"IN_PROGRESS","resource":"projects/39673030784/locations/us-central1/builds/29fa866b-da31-4536-a54c-bc94ae7392ad","resourceUri":"https://console.cloud.google.com/cloud-build/builds;region=us-central1/29fa866b-da31-4536-a54c-bc94ae7392ad?project=39673030784"},{"name":"SERVICE","state":"NOT_STARTED"}],"operationType":"UPDATE_FUNCTION","buildName":"projects/39673030784/locations/us-central1/builds/29fa866b-da31-4536-a54c-bc94ae7392ad"},"done":false}
[debug] [2026-08-28T16:51:04.231Z] [update-default-us-central1-webhookMercadoPago] Retrying task index 0
[debug] [2026-08-28T16:51:04.232Z] Checked if tokens are valid: true, expires at: 1787937781267
[debug] [2026-08-28T16:51:04.232Z] Checked if tokens are valid: true, expires at: 1787937781267
[debug] [2026-08-28T16:51:04.233Z] >>> [apiv2][query] GET https://cloudfunctions.googleapis.com/v2/projects/acaraje-da-bencao/locations/us-central1/operations/operation-1787935570932-65a1e309634d1-0aaf0327-0124112a [none]
[debug] [2026-08-28T16:51:05.693Z] <<< [apiv2][status] GET https://cloudfunctions.googleapis.com/v2/projects/acaraje-da-bencao/locations/us-central1/operations/operation-1787935570932-65a1e309634d1-0aaf0327-0124112a 200
[debug] [2026-08-28T16:51:05.693Z] <<< [apiv2][body] GET https://cloudfunctions.googleapis.com/v2/projects/acaraje-da-bencao/locations/us-central1/operations/operation-1787935570932-65a1e309634d1-0aaf0327-0124112a {"name":"projects/acaraje-da-bencao/locations/us-central1/operations/operation-1787935570932-65a1e309634d1-0aaf0327-0124112a","metadata":{"@type":"type.googleapis.com/google.cloud.functions.v2.OperationMetadata","createTime":"2026-08-28T16:46:13.577982747Z","target":"projects/acaraje-da-bencao/locations/us-central1/functions/webhookMercadoPago","verb":"update","cancelRequested":false,"apiVersion":"v2","requestResource":{"@type":"type.googleapis.com/google.cloud.functions.v2.Function","name":"projects/acaraje-da-bencao/locations/us-central1/functions/webhookMercadoPago","buildConfig":{"runtime":"nodejs24","entryPoint":"webhookMercadoPago","source":{"storageSource":{"bucket":"gcf-v2-sources-39673030784-us-central1","object":"webhookMercadoPago/function-source.zip","generation":"1787935573493116"}},"environmentVariables":{"GOOGLE_NODE_RUN_SCRIPTS":""},"dockerRepository":"projects/acaraje-da-bencao/locations/us-central1/repositories/gcf-artifacts","sourceProvenance":{"resolvedStorageSource":{"bucket":"gcf-v2-sources-39673030784-us-central1","object":"webhookMercadoPago/function-source.zip","generation":"1787924558707976"}},"dockerRegistry":"ARTIFACT_REGISTRY","serviceAccount":"projects/acaraje-da-bencao/serviceAccounts/39673030784-compute@developer.gserviceaccount.com","automaticUpdatePolicy":{}},"serviceConfig":{"service":"projects/acaraje-da-bencao/locations/us-central1/services/webhookmercadopago","timeoutSeconds":60,"environmentVariables":{"FIREBASE_CONFIG":"{\"projectId\":\"acaraje-da-bencao\",\"storageBucket\":\"acaraje-da-bencao.firebasestorage.app\"}","GCLOUD_PROJECT":"acaraje-da-bencao","EVENTARC_CLOUD_EVENT_SOURCE":"projects/acaraje-da-bencao/locations/us-central1/services/webhookMercadoPago","FUNCTION_REGION":"us-central1","FUNCTION_TARGET":"webhookMercadoPago","LOG_EXECUTION_ID":"true","FUNCTION_SIGNATURE_TYPE":"http"},"ingressSettings":"ALLOW_ALL","uri":"https://webhookmercadopago-2mfyfptukq-uc.a.run.app","serviceAccountEmail":"39673030784-compute@developer.gserviceaccount.com","availableMemory":"256Mi","allTrafficOnLatestRevision":true,"secretEnvironmentVariables":[{"key":"MP_ACCESS_TOKEN","projectId":"acaraje-da-bencao","secret":"MP_ACCESS_TOKEN","version":"1"}],"revision":"webhookmercadopago-00015-xoc","maxInstanceRequestConcurrency":80,"availableCpu":"1"},"state":"ACTIVE","labels":{"deployment-tool":"cli-firebase","firebase-functions-hash":"e4bc23d79e2bfde92aeded2a1577d5579e9c4023"},"environment":"GEN_2","url":"https://us-central1-acaraje-da-bencao.cloudfunctions.net/webhookMercadoPago","satisfiesPzi":true},"stages":[{"name":"BUILD","message":"Build in progress","state":"IN_PROGRESS","resource":"projects/39673030784/locations/us-central1/builds/29fa866b-da31-4536-a54c-bc94ae7392ad","resourceUri":"https://console.cloud.google.com/cloud-build/builds;region=us-central1/29fa866b-da31-4536-a54c-bc94ae7392ad?project=39673030784"},{"name":"SERVICE","state":"NOT_STARTED"}],"operationType":"UPDATE_FUNCTION","buildName":"projects/39673030784/locations/us-central1/builds/29fa866b-da31-4536-a54c-bc94ae7392ad"},"done":false}
[debug] [2026-08-28T16:51:15.702Z] [update-default-us-central1-webhookMercadoPago] Retrying task index 0
[debug] [2026-08-28T16:51:15.703Z] Checked if tokens are valid: true, expires at: 1787937781267
[debug] [2026-08-28T16:51:15.703Z] Checked if tokens are valid: true, expires at: 1787937781267
[debug] [2026-08-28T16:51:15.703Z] >>> [apiv2][query] GET https://cloudfunctions.googleapis.com/v2/projects/acaraje-da-bencao/locations/us-central1/operations/operation-1787935570932-65a1e309634d1-0aaf0327-0124112a [none]
[debug] [2026-08-28T16:51:17.362Z] <<< [apiv2][status] GET https://cloudfunctions.googleapis.com/v2/projects/acaraje-da-bencao/locations/us-central1/operations/operation-1787935570932-65a1e309634d1-0aaf0327-0124112a 200
[debug] [2026-08-28T16:51:17.363Z] <<< [apiv2][body] GET https://cloudfunctions.googleapis.com/v2/projects/acaraje-da-bencao/locations/us-central1/operations/operation-1787935570932-65a1e309634d1-0aaf0327-0124112a {"name":"projects/acaraje-da-bencao/locations/us-central1/operations/operation-1787935570932-65a1e309634d1-0aaf0327-0124112a","metadata":{"@type":"type.googleapis.com/google.cloud.functions.v2.OperationMetadata","createTime":"2026-08-28T16:46:13.577982747Z","target":"projects/acaraje-da-bencao/locations/us-central1/functions/webhookMercadoPago","verb":"update","cancelRequested":false,"apiVersion":"v2","requestResource":{"@type":"type.googleapis.com/google.cloud.functions.v2.Function","name":"projects/acaraje-da-bencao/locations/us-central1/functions/webhookMercadoPago","buildConfig":{"runtime":"nodejs24","entryPoint":"webhookMercadoPago","source":{"storageSource":{"bucket":"gcf-v2-sources-39673030784-us-central1","object":"webhookMercadoPago/function-source.zip","generation":"1787935573493116"}},"environmentVariables":{"GOOGLE_NODE_RUN_SCRIPTS":""},"dockerRepository":"projects/acaraje-da-bencao/locations/us-central1/repositories/gcf-artifacts","sourceProvenance":{"resolvedStorageSource":{"bucket":"gcf-v2-sources-39673030784-us-central1","object":"webhookMercadoPago/function-source.zip","generation":"1787924558707976"}},"dockerRegistry":"ARTIFACT_REGISTRY","serviceAccount":"projects/acaraje-da-bencao/serviceAccounts/39673030784-compute@developer.gserviceaccount.com","automaticUpdatePolicy":{}},"serviceConfig":{"service":"projects/acaraje-da-bencao/locations/us-central1/services/webhookmercadopago","timeoutSeconds":60,"environmentVariables":{"FIREBASE_CONFIG":"{\"projectId\":\"acaraje-da-bencao\",\"storageBucket\":\"acaraje-da-bencao.firebasestorage.app\"}","GCLOUD_PROJECT":"acaraje-da-bencao","EVENTARC_CLOUD_EVENT_SOURCE":"projects/acaraje-da-bencao/locations/us-central1/services/webhookMercadoPago","FUNCTION_REGION":"us-central1","FUNCTION_TARGET":"webhookMercadoPago","LOG_EXECUTION_ID":"true","FUNCTION_SIGNATURE_TYPE":"http"},"ingressSettings":"ALLOW_ALL","uri":"https://webhookmercadopago-2mfyfptukq-uc.a.run.app","serviceAccountEmail":"39673030784-compute@developer.gserviceaccount.com","availableMemory":"256Mi","allTrafficOnLatestRevision":true,"secretEnvironmentVariables":[{"key":"MP_ACCESS_TOKEN","projectId":"acaraje-da-bencao","secret":"MP_ACCESS_TOKEN","version":"1"}],"revision":"webhookmercadopago-00015-xoc","maxInstanceRequestConcurrency":80,"availableCpu":"1"},"state":"ACTIVE","labels":{"deployment-tool":"cli-firebase","firebase-functions-hash":"e4bc23d79e2bfde92aeded2a1577d5579e9c4023"},"environment":"GEN_2","url":"https://us-central1-acaraje-da-bencao.cloudfunctions.net/webhookMercadoPago","satisfiesPzi":true},"stages":[{"name":"BUILD","message":"Build in progress","state":"IN_PROGRESS","resource":"projects/39673030784/locations/us-central1/builds/29fa866b-da31-4536-a54c-bc94ae7392ad","resourceUri":"https://console.cloud.google.com/cloud-build/builds;region=us-central1/29fa866b-da31-4536-a54c-bc94ae7392ad?project=39673030784"},{"name":"SERVICE","state":"NOT_STARTED"}],"operationType":"UPDATE_FUNCTION","buildName":"projects/39673030784/locations/us-central1/builds/29fa866b-da31-4536-a54c-bc94ae7392ad"},"done":false}
[debug] [2026-08-28T16:51:27.375Z] [update-default-us-central1-webhookMercadoPago] Retrying task index 0
[debug] [2026-08-28T16:51:27.376Z] Checked if tokens are valid: true, expires at: 1787937781267
[debug] [2026-08-28T16:51:27.376Z] Checked if tokens are valid: true, expires at: 1787937781267
[debug] [2026-08-28T16:51:27.376Z] >>> [apiv2][query] GET https://cloudfunctions.googleapis.com/v2/projects/acaraje-da-bencao/locations/us-central1/operations/operation-1787935570932-65a1e309634d1-0aaf0327-0124112a [none]
[debug] [2026-08-28T16:51:28.564Z] <<< [apiv2][status] GET https://cloudfunctions.googleapis.com/v2/projects/acaraje-da-bencao/locations/us-central1/operations/operation-1787935570932-65a1e309634d1-0aaf0327-0124112a 200
[debug] [2026-08-28T16:51:28.565Z] <<< [apiv2][body] GET https://cloudfunctions.googleapis.com/v2/projects/acaraje-da-bencao/locations/us-central1/operations/operation-1787935570932-65a1e309634d1-0aaf0327-0124112a {"name":"projects/acaraje-da-bencao/locations/us-central1/operations/operation-1787935570932-65a1e309634d1-0aaf0327-0124112a","metadata":{"@type":"type.googleapis.com/google.cloud.functions.v2.OperationMetadata","createTime":"2026-08-28T16:46:13.577982747Z","target":"projects/acaraje-da-bencao/locations/us-central1/functions/webhookMercadoPago","verb":"update","cancelRequested":false,"apiVersion":"v2","requestResource":{"@type":"type.googleapis.com/google.cloud.functions.v2.Function","name":"projects/acaraje-da-bencao/locations/us-central1/functions/webhookMercadoPago","buildConfig":{"runtime":"nodejs24","entryPoint":"webhookMercadoPago","source":{"storageSource":{"bucket":"gcf-v2-sources-39673030784-us-central1","object":"webhookMercadoPago/function-source.zip","generation":"1787935573493116"}},"environmentVariables":{"GOOGLE_NODE_RUN_SCRIPTS":""},"dockerRepository":"projects/acaraje-da-bencao/locations/us-central1/repositories/gcf-artifacts","sourceProvenance":{"resolvedStorageSource":{"bucket":"gcf-v2-sources-39673030784-us-central1","object":"webhookMercadoPago/function-source.zip","generation":"1787924558707976"}},"dockerRegistry":"ARTIFACT_REGISTRY","serviceAccount":"projects/acaraje-da-bencao/serviceAccounts/39673030784-compute@developer.gserviceaccount.com","automaticUpdatePolicy":{}},"serviceConfig":{"service":"projects/acaraje-da-bencao/locations/us-central1/services/webhookmercadopago","timeoutSeconds":60,"environmentVariables":{"FIREBASE_CONFIG":"{\"projectId\":\"acaraje-da-bencao\",\"storageBucket\":\"acaraje-da-bencao.firebasestorage.app\"}","GCLOUD_PROJECT":"acaraje-da-bencao","EVENTARC_CLOUD_EVENT_SOURCE":"projects/acaraje-da-bencao/locations/us-central1/services/webhookMercadoPago","FUNCTION_REGION":"us-central1","FUNCTION_TARGET":"webhookMercadoPago","LOG_EXECUTION_ID":"true","FUNCTION_SIGNATURE_TYPE":"http"},"ingressSettings":"ALLOW_ALL","uri":"https://webhookmercadopago-2mfyfptukq-uc.a.run.app","serviceAccountEmail":"39673030784-compute@developer.gserviceaccount.com","availableMemory":"256Mi","allTrafficOnLatestRevision":true,"secretEnvironmentVariables":[{"key":"MP_ACCESS_TOKEN","projectId":"acaraje-da-bencao","secret":"MP_ACCESS_TOKEN","version":"1"}],"revision":"webhookmercadopago-00015-xoc","maxInstanceRequestConcurrency":80,"availableCpu":"1"},"state":"ACTIVE","labels":{"deployment-tool":"cli-firebase","firebase-functions-hash":"e4bc23d79e2bfde92aeded2a1577d5579e9c4023"},"environment":"GEN_2","url":"https://us-central1-acaraje-da-bencao.cloudfunctions.net/webhookMercadoPago","satisfiesPzi":true},"stages":[{"name":"BUILD","message":"Build in progress","state":"IN_PROGRESS","resource":"projects/39673030784/locations/us-central1/builds/29fa866b-da31-4536-a54c-bc94ae7392ad","resourceUri":"https://console.cloud.google.com/cloud-build/builds;region=us-central1/29fa866b-da31-4536-a54c-bc94ae7392ad?project=39673030784"},{"name":"SERVICE","state":"NOT_STARTED"}],"operationType":"UPDATE_FUNCTION","buildName":"projects/39673030784/locations/us-central1/builds/29fa866b-da31-4536-a54c-bc94ae7392ad"},"done":false}
[debug] [2026-08-28T16:51:38.569Z] [update-default-us-central1-webhookMercadoPago] Retrying task index 0
[debug] [2026-08-28T16:51:38.570Z] Checked if tokens are valid: true, expires at: 1787937781267
[debug] [2026-08-28T16:51:38.570Z] Checked if tokens are valid: true, expires at: 1787937781267
[debug] [2026-08-28T16:51:38.570Z] >>> [apiv2][query] GET https://cloudfunctions.googleapis.com/v2/projects/acaraje-da-bencao/locations/us-central1/operations/operation-1787935570932-65a1e309634d1-0aaf0327-0124112a [none]
[debug] [2026-08-28T16:51:40.195Z] <<< [apiv2][status] GET https://cloudfunctions.googleapis.com/v2/projects/acaraje-da-bencao/locations/us-central1/operations/operation-1787935570932-65a1e309634d1-0aaf0327-0124112a 200
[debug] [2026-08-28T16:51:40.195Z] <<< [apiv2][body] GET https://cloudfunctions.googleapis.com/v2/projects/acaraje-da-bencao/locations/us-central1/operations/operation-1787935570932-65a1e309634d1-0aaf0327-0124112a {"name":"projects/acaraje-da-bencao/locations/us-central1/operations/operation-1787935570932-65a1e309634d1-0aaf0327-0124112a","metadata":{"@type":"type.googleapis.com/google.cloud.functions.v2.OperationMetadata","createTime":"2026-08-28T16:46:13.577982747Z","target":"projects/acaraje-da-bencao/locations/us-central1/functions/webhookMercadoPago","verb":"update","cancelRequested":false,"apiVersion":"v2","requestResource":{"@type":"type.googleapis.com/google.cloud.functions.v2.Function","name":"projects/acaraje-da-bencao/locations/us-central1/functions/webhookMercadoPago","buildConfig":{"runtime":"nodejs24","entryPoint":"webhookMercadoPago","source":{"storageSource":{"bucket":"gcf-v2-sources-39673030784-us-central1","object":"webhookMercadoPago/function-source.zip","generation":"1787935573493116"}},"environmentVariables":{"GOOGLE_NODE_RUN_SCRIPTS":""},"dockerRepository":"projects/acaraje-da-bencao/locations/us-central1/repositories/gcf-artifacts","sourceProvenance":{"resolvedStorageSource":{"bucket":"gcf-v2-sources-39673030784-us-central1","object":"webhookMercadoPago/function-source.zip","generation":"1787924558707976"}},"dockerRegistry":"ARTIFACT_REGISTRY","serviceAccount":"projects/acaraje-da-bencao/serviceAccounts/39673030784-compute@developer.gserviceaccount.com","automaticUpdatePolicy":{}},"serviceConfig":{"service":"projects/acaraje-da-bencao/locations/us-central1/services/webhookmercadopago","timeoutSeconds":60,"environmentVariables":{"FIREBASE_CONFIG":"{\"projectId\":\"acaraje-da-bencao\",\"storageBucket\":\"acaraje-da-bencao.firebasestorage.app\"}","GCLOUD_PROJECT":"acaraje-da-bencao","EVENTARC_CLOUD_EVENT_SOURCE":"projects/acaraje-da-bencao/locations/us-central1/services/webhookMercadoPago","FUNCTION_REGION":"us-central1","FUNCTION_TARGET":"webhookMercadoPago","LOG_EXECUTION_ID":"true","FUNCTION_SIGNATURE_TYPE":"http"},"ingressSettings":"ALLOW_ALL","uri":"https://webhookmercadopago-2mfyfptukq-uc.a.run.app","serviceAccountEmail":"39673030784-compute@developer.gserviceaccount.com","availableMemory":"256Mi","allTrafficOnLatestRevision":true,"secretEnvironmentVariables":[{"key":"MP_ACCESS_TOKEN","projectId":"acaraje-da-bencao","secret":"MP_ACCESS_TOKEN","version":"1"}],"revision":"webhookmercadopago-00015-xoc","maxInstanceRequestConcurrency":80,"availableCpu":"1"},"state":"ACTIVE","labels":{"deployment-tool":"cli-firebase","firebase-functions-hash":"e4bc23d79e2bfde92aeded2a1577d5579e9c4023"},"environment":"GEN_2","url":"https://us-central1-acaraje-da-bencao.cloudfunctions.net/webhookMercadoPago","satisfiesPzi":true},"stages":[{"name":"BUILD","message":"Build in progress","state":"IN_PROGRESS","resource":"projects/39673030784/locations/us-central1/builds/29fa866b-da31-4536-a54c-bc94ae7392ad","resourceUri":"https://console.cloud.google.com/cloud-build/builds;region=us-central1/29fa866b-da31-4536-a54c-bc94ae7392ad?project=39673030784"},{"name":"SERVICE","state":"NOT_STARTED"}],"operationType":"UPDATE_FUNCTION","buildName":"projects/39673030784/locations/us-central1/builds/29fa866b-da31-4536-a54c-bc94ae7392ad"},"done":false}
[debug] [2026-08-28T16:51:50.204Z] [update-default-us-central1-webhookMercadoPago] Retrying task index 0
[debug] [2026-08-28T16:51:50.205Z] Checked if tokens are valid: true, expires at: 1787937781267
[debug] [2026-08-28T16:51:50.205Z] Checked if tokens are valid: true, expires at: 1787937781267
[debug] [2026-08-28T16:51:50.205Z] >>> [apiv2][query] GET https://cloudfunctions.googleapis.com/v2/projects/acaraje-da-bencao/locations/us-central1/operations/operation-1787935570932-65a1e309634d1-0aaf0327-0124112a [none]
[debug] [2026-08-28T16:51:51.671Z] <<< [apiv2][status] GET https://cloudfunctions.googleapis.com/v2/projects/acaraje-da-bencao/locations/us-central1/operations/operation-1787935570932-65a1e309634d1-0aaf0327-0124112a 200
[debug] [2026-08-28T16:51:51.671Z] <<< [apiv2][body] GET https://cloudfunctions.googleapis.com/v2/projects/acaraje-da-bencao/locations/us-central1/operations/operation-1787935570932-65a1e309634d1-0aaf0327-0124112a {"name":"projects/acaraje-da-bencao/locations/us-central1/operations/operation-1787935570932-65a1e309634d1-0aaf0327-0124112a","metadata":{"@type":"type.googleapis.com/google.cloud.functions.v2.OperationMetadata","createTime":"2026-08-28T16:46:13.577982747Z","target":"projects/acaraje-da-bencao/locations/us-central1/functions/webhookMercadoPago","verb":"update","cancelRequested":false,"apiVersion":"v2","requestResource":{"@type":"type.googleapis.com/google.cloud.functions.v2.Function","name":"projects/acaraje-da-bencao/locations/us-central1/functions/webhookMercadoPago","buildConfig":{"runtime":"nodejs24","entryPoint":"webhookMercadoPago","source":{"storageSource":{"bucket":"gcf-v2-sources-39673030784-us-central1","object":"webhookMercadoPago/function-source.zip","generation":"1787935573493116"}},"environmentVariables":{"GOOGLE_NODE_RUN_SCRIPTS":""},"dockerRepository":"projects/acaraje-da-bencao/locations/us-central1/repositories/gcf-artifacts","sourceProvenance":{"resolvedStorageSource":{"bucket":"gcf-v2-sources-39673030784-us-central1","object":"webhookMercadoPago/function-source.zip","generation":"1787924558707976"}},"dockerRegistry":"ARTIFACT_REGISTRY","serviceAccount":"projects/acaraje-da-bencao/serviceAccounts/39673030784-compute@developer.gserviceaccount.com","automaticUpdatePolicy":{}},"serviceConfig":{"service":"projects/acaraje-da-bencao/locations/us-central1/services/webhookmercadopago","timeoutSeconds":60,"environmentVariables":{"FIREBASE_CONFIG":"{\"projectId\":\"acaraje-da-bencao\",\"storageBucket\":\"acaraje-da-bencao.firebasestorage.app\"}","GCLOUD_PROJECT":"acaraje-da-bencao","EVENTARC_CLOUD_EVENT_SOURCE":"projects/acaraje-da-bencao/locations/us-central1/services/webhookMercadoPago","FUNCTION_REGION":"us-central1","FUNCTION_TARGET":"webhookMercadoPago","LOG_EXECUTION_ID":"true","FUNCTION_SIGNATURE_TYPE":"http"},"ingressSettings":"ALLOW_ALL","uri":"https://webhookmercadopago-2mfyfptukq-uc.a.run.app","serviceAccountEmail":"39673030784-compute@developer.gserviceaccount.com","availableMemory":"256Mi","allTrafficOnLatestRevision":true,"secretEnvironmentVariables":[{"key":"MP_ACCESS_TOKEN","projectId":"acaraje-da-bencao","secret":"MP_ACCESS_TOKEN","version":"1"}],"revision":"webhookmercadopago-00015-xoc","maxInstanceRequestConcurrency":80,"availableCpu":"1"},"state":"ACTIVE","labels":{"deployment-tool":"cli-firebase","firebase-functions-hash":"e4bc23d79e2bfde92aeded2a1577d5579e9c4023"},"environment":"GEN_2","url":"https://us-central1-acaraje-da-bencao.cloudfunctions.net/webhookMercadoPago","satisfiesPzi":true},"stages":[{"name":"BUILD","message":"Build in progress","state":"IN_PROGRESS","resource":"projects/39673030784/locations/us-central1/builds/29fa866b-da31-4536-a54c-bc94ae7392ad","resourceUri":"https://console.cloud.google.com/cloud-build/builds;region=us-central1/29fa866b-da31-4536-a54c-bc94ae7392ad?project=39673030784"},{"name":"SERVICE","state":"NOT_STARTED"}],"operationType":"UPDATE_FUNCTION","buildName":"projects/39673030784/locations/us-central1/builds/29fa866b-da31-4536-a54c-bc94ae7392ad"},"done":false}
[debug] [2026-08-28T16:52:01.685Z] [update-default-us-central1-webhookMercadoPago] Retrying task index 0
[debug] [2026-08-28T16:52:01.685Z] Checked if tokens are valid: true, expires at: 1787937781267
[debug] [2026-08-28T16:52:01.685Z] Checked if tokens are valid: true, expires at: 1787937781267
[debug] [2026-08-28T16:52:01.685Z] >>> [apiv2][query] GET https://cloudfunctions.googleapis.com/v2/projects/acaraje-da-bencao/locations/us-central1/operations/operation-1787935570932-65a1e309634d1-0aaf0327-0124112a [none]
[debug] [2026-08-28T16:52:03.040Z] <<< [apiv2][status] GET https://cloudfunctions.googleapis.com/v2/projects/acaraje-da-bencao/locations/us-central1/operations/operation-1787935570932-65a1e309634d1-0aaf0327-0124112a 200
[debug] [2026-08-28T16:52:03.040Z] <<< [apiv2][body] GET https://cloudfunctions.googleapis.com/v2/projects/acaraje-da-bencao/locations/us-central1/operations/operation-1787935570932-65a1e309634d1-0aaf0327-0124112a {"name":"projects/acaraje-da-bencao/locations/us-central1/operations/operation-1787935570932-65a1e309634d1-0aaf0327-0124112a","metadata":{"@type":"type.googleapis.com/google.cloud.functions.v2.OperationMetadata","createTime":"2026-08-28T16:46:13.577982747Z","target":"projects/acaraje-da-bencao/locations/us-central1/functions/webhookMercadoPago","verb":"update","cancelRequested":false,"apiVersion":"v2","requestResource":{"@type":"type.googleapis.com/google.cloud.functions.v2.Function","name":"projects/acaraje-da-bencao/locations/us-central1/functions/webhookMercadoPago","buildConfig":{"runtime":"nodejs24","entryPoint":"webhookMercadoPago","source":{"storageSource":{"bucket":"gcf-v2-sources-39673030784-us-central1","object":"webhookMercadoPago/function-source.zip","generation":"1787935573493116"}},"environmentVariables":{"GOOGLE_NODE_RUN_SCRIPTS":""},"dockerRepository":"projects/acaraje-da-bencao/locations/us-central1/repositories/gcf-artifacts","sourceProvenance":{"resolvedStorageSource":{"bucket":"gcf-v2-sources-39673030784-us-central1","object":"webhookMercadoPago/function-source.zip","generation":"1787924558707976"}},"dockerRegistry":"ARTIFACT_REGISTRY","serviceAccount":"projects/acaraje-da-bencao/serviceAccounts/39673030784-compute@developer.gserviceaccount.com","automaticUpdatePolicy":{}},"serviceConfig":{"service":"projects/acaraje-da-bencao/locations/us-central1/services/webhookmercadopago","timeoutSeconds":60,"environmentVariables":{"FIREBASE_CONFIG":"{\"projectId\":\"acaraje-da-bencao\",\"storageBucket\":\"acaraje-da-bencao.firebasestorage.app\"}","GCLOUD_PROJECT":"acaraje-da-bencao","EVENTARC_CLOUD_EVENT_SOURCE":"projects/acaraje-da-bencao/locations/us-central1/services/webhookMercadoPago","FUNCTION_REGION":"us-central1","FUNCTION_TARGET":"webhookMercadoPago","LOG_EXECUTION_ID":"true","FUNCTION_SIGNATURE_TYPE":"http"},"ingressSettings":"ALLOW_ALL","uri":"https://webhookmercadopago-2mfyfptukq-uc.a.run.app","serviceAccountEmail":"39673030784-compute@developer.gserviceaccount.com","availableMemory":"256Mi","allTrafficOnLatestRevision":true,"secretEnvironmentVariables":[{"key":"MP_ACCESS_TOKEN","projectId":"acaraje-da-bencao","secret":"MP_ACCESS_TOKEN","version":"1"}],"revision":"webhookmercadopago-00015-xoc","maxInstanceRequestConcurrency":80,"availableCpu":"1"},"state":"ACTIVE","labels":{"deployment-tool":"cli-firebase","firebase-functions-hash":"e4bc23d79e2bfde92aeded2a1577d5579e9c4023"},"environment":"GEN_2","url":"https://us-central1-acaraje-da-bencao.cloudfunctions.net/webhookMercadoPago","satisfiesPzi":true},"stages":[{"name":"BUILD","message":"Build in progress","state":"IN_PROGRESS","resource":"projects/39673030784/locations/us-central1/builds/29fa866b-da31-4536-a54c-bc94ae7392ad","resourceUri":"https://console.cloud.google.com/cloud-build/builds;region=us-central1/29fa866b-da31-4536-a54c-bc94ae7392ad?project=39673030784"},{"name":"SERVICE","state":"NOT_STARTED"}],"operationType":"UPDATE_FUNCTION","buildName":"projects/39673030784/locations/us-central1/builds/29fa866b-da31-4536-a54c-bc94ae7392ad"},"done":false}
[debug] [2026-08-28T16:52:13.056Z] [update-default-us-central1-webhookMercadoPago] Retrying task index 0
[debug] [2026-08-28T16:52:13.057Z] Checked if tokens are valid: true, expires at: 1787937781267
[debug] [2026-08-28T16:52:13.057Z] Checked if tokens are valid: true, expires at: 1787937781267
[debug] [2026-08-28T16:52:13.057Z] >>> [apiv2][query] GET https://cloudfunctions.googleapis.com/v2/projects/acaraje-da-bencao/locations/us-central1/operations/operation-1787935570932-65a1e309634d1-0aaf0327-0124112a [none]
[debug] [2026-08-28T16:52:14.034Z] <<< [apiv2][status] GET https://cloudfunctions.googleapis.com/v2/projects/acaraje-da-bencao/locations/us-central1/operations/operation-1787935570932-65a1e309634d1-0aaf0327-0124112a 200
[debug] [2026-08-28T16:52:14.035Z] <<< [apiv2][body] GET https://cloudfunctions.googleapis.com/v2/projects/acaraje-da-bencao/locations/us-central1/operations/operation-1787935570932-65a1e309634d1-0aaf0327-0124112a {"name":"projects/acaraje-da-bencao/locations/us-central1/operations/operation-1787935570932-65a1e309634d1-0aaf0327-0124112a","metadata":{"@type":"type.googleapis.com/google.cloud.functions.v2.OperationMetadata","createTime":"2026-08-28T16:46:13.577982747Z","target":"projects/acaraje-da-bencao/locations/us-central1/functions/webhookMercadoPago","verb":"update","cancelRequested":false,"apiVersion":"v2","requestResource":{"@type":"type.googleapis.com/google.cloud.functions.v2.Function","name":"projects/acaraje-da-bencao/locations/us-central1/functions/webhookMercadoPago","buildConfig":{"runtime":"nodejs24","entryPoint":"webhookMercadoPago","source":{"storageSource":{"bucket":"gcf-v2-sources-39673030784-us-central1","object":"webhookMercadoPago/function-source.zip","generation":"1787935573493116"}},"environmentVariables":{"GOOGLE_NODE_RUN_SCRIPTS":""},"dockerRepository":"projects/acaraje-da-bencao/locations/us-central1/repositories/gcf-artifacts","sourceProvenance":{"resolvedStorageSource":{"bucket":"gcf-v2-sources-39673030784-us-central1","object":"webhookMercadoPago/function-source.zip","generation":"1787924558707976"}},"dockerRegistry":"ARTIFACT_REGISTRY","serviceAccount":"projects/acaraje-da-bencao/serviceAccounts/39673030784-compute@developer.gserviceaccount.com","automaticUpdatePolicy":{}},"serviceConfig":{"service":"projects/acaraje-da-bencao/locations/us-central1/services/webhookmercadopago","timeoutSeconds":60,"environmentVariables":{"FIREBASE_CONFIG":"{\"projectId\":\"acaraje-da-bencao\",\"storageBucket\":\"acaraje-da-bencao.firebasestorage.app\"}","GCLOUD_PROJECT":"acaraje-da-bencao","EVENTARC_CLOUD_EVENT_SOURCE":"projects/acaraje-da-bencao/locations/us-central1/services/webhookMercadoPago","FUNCTION_REGION":"us-central1","FUNCTION_TARGET":"webhookMercadoPago","LOG_EXECUTION_ID":"true","FUNCTION_SIGNATURE_TYPE":"http"},"ingressSettings":"ALLOW_ALL","uri":"https://webhookmercadopago-2mfyfptukq-uc.a.run.app","serviceAccountEmail":"39673030784-compute@developer.gserviceaccount.com","availableMemory":"256Mi","allTrafficOnLatestRevision":true,"secretEnvironmentVariables":[{"key":"MP_ACCESS_TOKEN","projectId":"acaraje-da-bencao","secret":"MP_ACCESS_TOKEN","version":"1"}],"revision":"webhookmercadopago-00015-xoc","maxInstanceRequestConcurrency":80,"availableCpu":"1"},"state":"ACTIVE","labels":{"deployment-tool":"cli-firebase","firebase-functions-hash":"e4bc23d79e2bfde92aeded2a1577d5579e9c4023"},"environment":"GEN_2","url":"https://us-central1-acaraje-da-bencao.cloudfunctions.net/webhookMercadoPago","satisfiesPzi":true},"stages":[{"name":"BUILD","message":"Build in progress","state":"IN_PROGRESS","resource":"projects/39673030784/locations/us-central1/builds/29fa866b-da31-4536-a54c-bc94ae7392ad","resourceUri":"https://console.cloud.google.com/cloud-build/builds;region=us-central1/29fa866b-da31-4536-a54c-bc94ae7392ad?project=39673030784"},{"name":"SERVICE","state":"NOT_STARTED"}],"operationType":"UPDATE_FUNCTION","buildName":"projects/39673030784/locations/us-central1/builds/29fa866b-da31-4536-a54c-bc94ae7392ad"},"done":false}
[debug] [2026-08-28T16:52:24.039Z] [update-default-us-central1-webhookMercadoPago] Retrying task index 0
[debug] [2026-08-28T16:52:24.040Z] Checked if tokens are valid: true, expires at: 1787937781267
[debug] [2026-08-28T16:52:24.040Z] Checked if tokens are valid: true, expires at: 1787937781267
[debug] [2026-08-28T16:52:24.040Z] >>> [apiv2][query] GET https://cloudfunctions.googleapis.com/v2/projects/acaraje-da-bencao/locations/us-central1/operations/operation-1787935570932-65a1e309634d1-0aaf0327-0124112a [none]
[debug] [2026-08-28T16:52:24.646Z] <<< [apiv2][status] GET https://cloudfunctions.googleapis.com/v2/projects/acaraje-da-bencao/locations/us-central1/operations/operation-1787935570932-65a1e309634d1-0aaf0327-0124112a 200
[debug] [2026-08-28T16:52:24.646Z] <<< [apiv2][body] GET https://cloudfunctions.googleapis.com/v2/projects/acaraje-da-bencao/locations/us-central1/operations/operation-1787935570932-65a1e309634d1-0aaf0327-0124112a {"name":"projects/acaraje-da-bencao/locations/us-central1/operations/operation-1787935570932-65a1e309634d1-0aaf0327-0124112a","metadata":{"@type":"type.googleapis.com/google.cloud.functions.v2.OperationMetadata","createTime":"2026-08-28T16:46:13.577982747Z","target":"projects/acaraje-da-bencao/locations/us-central1/functions/webhookMercadoPago","verb":"update","cancelRequested":false,"apiVersion":"v2","requestResource":{"@type":"type.googleapis.com/google.cloud.functions.v2.Function","name":"projects/acaraje-da-bencao/locations/us-central1/functions/webhookMercadoPago","buildConfig":{"runtime":"nodejs24","entryPoint":"webhookMercadoPago","source":{"storageSource":{"bucket":"gcf-v2-sources-39673030784-us-central1","object":"webhookMercadoPago/function-source.zip","generation":"1787935573493116"}},"environmentVariables":{"GOOGLE_NODE_RUN_SCRIPTS":""},"dockerRepository":"projects/acaraje-da-bencao/locations/us-central1/repositories/gcf-artifacts","sourceProvenance":{"resolvedStorageSource":{"bucket":"gcf-v2-sources-39673030784-us-central1","object":"webhookMercadoPago/function-source.zip","generation":"1787924558707976"}},"dockerRegistry":"ARTIFACT_REGISTRY","serviceAccount":"projects/acaraje-da-bencao/serviceAccounts/39673030784-compute@developer.gserviceaccount.com","automaticUpdatePolicy":{}},"serviceConfig":{"service":"projects/acaraje-da-bencao/locations/us-central1/services/webhookmercadopago","timeoutSeconds":60,"environmentVariables":{"FIREBASE_CONFIG":"{\"projectId\":\"acaraje-da-bencao\",\"storageBucket\":\"acaraje-da-bencao.firebasestorage.app\"}","GCLOUD_PROJECT":"acaraje-da-bencao","EVENTARC_CLOUD_EVENT_SOURCE":"projects/acaraje-da-bencao/locations/us-central1/services/webhookMercadoPago","FUNCTION_REGION":"us-central1","FUNCTION_TARGET":"webhookMercadoPago","LOG_EXECUTION_ID":"true","FUNCTION_SIGNATURE_TYPE":"http"},"ingressSettings":"ALLOW_ALL","uri":"https://webhookmercadopago-2mfyfptukq-uc.a.run.app","serviceAccountEmail":"39673030784-compute@developer.gserviceaccount.com","availableMemory":"256Mi","allTrafficOnLatestRevision":true,"secretEnvironmentVariables":[{"key":"MP_ACCESS_TOKEN","projectId":"acaraje-da-bencao","secret":"MP_ACCESS_TOKEN","version":"1"}],"revision":"webhookmercadopago-00015-xoc","maxInstanceRequestConcurrency":80,"availableCpu":"1"},"state":"ACTIVE","labels":{"deployment-tool":"cli-firebase","firebase-functions-hash":"e4bc23d79e2bfde92aeded2a1577d5579e9c4023"},"environment":"GEN_2","url":"https://us-central1-acaraje-da-bencao.cloudfunctions.net/webhookMercadoPago","satisfiesPzi":true},"stages":[{"name":"BUILD","message":"Build in progress","state":"IN_PROGRESS","resource":"projects/39673030784/locations/us-central1/builds/29fa866b-da31-4536-a54c-bc94ae7392ad","resourceUri":"https://console.cloud.google.com/cloud-build/builds;region=us-central1/29fa866b-da31-4536-a54c-bc94ae7392ad?project=39673030784"},{"name":"SERVICE","state":"NOT_STARTED"}],"operationType":"UPDATE_FUNCTION","buildName":"projects/39673030784/locations/us-central1/builds/29fa866b-da31-4536-a54c-bc94ae7392ad"},"done":false}
[debug] [2026-08-28T16:52:34.652Z] [update-default-us-central1-webhookMercadoPago] Retrying task index 0
[debug] [2026-08-28T16:52:34.652Z] Checked if tokens are valid: true, expires at: 1787937781267
[debug] [2026-08-28T16:52:34.652Z] Checked if tokens are valid: true, expires at: 1787937781267
[debug] [2026-08-28T16:52:34.652Z] >>> [apiv2][query] GET https://cloudfunctions.googleapis.com/v2/projects/acaraje-da-bencao/locations/us-central1/operations/operation-1787935570932-65a1e309634d1-0aaf0327-0124112a [none]
[debug] [2026-08-28T16:52:35.495Z] <<< [apiv2][status] GET https://cloudfunctions.googleapis.com/v2/projects/acaraje-da-bencao/locations/us-central1/operations/operation-1787935570932-65a1e309634d1-0aaf0327-0124112a 200
[debug] [2026-08-28T16:52:35.496Z] <<< [apiv2][body] GET https://cloudfunctions.googleapis.com/v2/projects/acaraje-da-bencao/locations/us-central1/operations/operation-1787935570932-65a1e309634d1-0aaf0327-0124112a {"name":"projects/acaraje-da-bencao/locations/us-central1/operations/operation-1787935570932-65a1e309634d1-0aaf0327-0124112a","metadata":{"@type":"type.googleapis.com/google.cloud.functions.v2.OperationMetadata","createTime":"2026-08-28T16:46:13.577982747Z","target":"projects/acaraje-da-bencao/locations/us-central1/functions/webhookMercadoPago","verb":"update","cancelRequested":false,"apiVersion":"v2","requestResource":{"@type":"type.googleapis.com/google.cloud.functions.v2.Function","name":"projects/acaraje-da-bencao/locations/us-central1/functions/webhookMercadoPago","buildConfig":{"runtime":"nodejs24","entryPoint":"webhookMercadoPago","source":{"storageSource":{"bucket":"gcf-v2-sources-39673030784-us-central1","object":"webhookMercadoPago/function-source.zip","generation":"1787935573493116"}},"environmentVariables":{"GOOGLE_NODE_RUN_SCRIPTS":""},"dockerRepository":"projects/acaraje-da-bencao/locations/us-central1/repositories/gcf-artifacts","sourceProvenance":{"resolvedStorageSource":{"bucket":"gcf-v2-sources-39673030784-us-central1","object":"webhookMercadoPago/function-source.zip","generation":"1787924558707976"}},"dockerRegistry":"ARTIFACT_REGISTRY","serviceAccount":"projects/acaraje-da-bencao/serviceAccounts/39673030784-compute@developer.gserviceaccount.com","automaticUpdatePolicy":{}},"serviceConfig":{"service":"projects/acaraje-da-bencao/locations/us-central1/services/webhookmercadopago","timeoutSeconds":60,"environmentVariables":{"FIREBASE_CONFIG":"{\"projectId\":\"acaraje-da-bencao\",\"storageBucket\":\"acaraje-da-bencao.firebasestorage.app\"}","GCLOUD_PROJECT":"acaraje-da-bencao","EVENTARC_CLOUD_EVENT_SOURCE":"projects/acaraje-da-bencao/locations/us-central1/services/webhookMercadoPago","FUNCTION_REGION":"us-central1","FUNCTION_TARGET":"webhookMercadoPago","LOG_EXECUTION_ID":"true","FUNCTION_SIGNATURE_TYPE":"http"},"ingressSettings":"ALLOW_ALL","uri":"https://webhookmercadopago-2mfyfptukq-uc.a.run.app","serviceAccountEmail":"39673030784-compute@developer.gserviceaccount.com","availableMemory":"256Mi","allTrafficOnLatestRevision":true,"secretEnvironmentVariables":[{"key":"MP_ACCESS_TOKEN","projectId":"acaraje-da-bencao","secret":"MP_ACCESS_TOKEN","version":"1"}],"revision":"webhookmercadopago-00015-xoc","maxInstanceRequestConcurrency":80,"availableCpu":"1"},"state":"ACTIVE","labels":{"deployment-tool":"cli-firebase","firebase-functions-hash":"e4bc23d79e2bfde92aeded2a1577d5579e9c4023"},"environment":"GEN_2","url":"https://us-central1-acaraje-da-bencao.cloudfunctions.net/webhookMercadoPago","satisfiesPzi":true},"stages":[{"name":"BUILD","message":"Build in progress","state":"IN_PROGRESS","resource":"projects/39673030784/locations/us-central1/builds/29fa866b-da31-4536-a54c-bc94ae7392ad","resourceUri":"https://console.cloud.google.com/cloud-build/builds;region=us-central1/29fa866b-da31-4536-a54c-bc94ae7392ad?project=39673030784"},{"name":"SERVICE","state":"NOT_STARTED"}],"operationType":"UPDATE_FUNCTION","buildName":"projects/39673030784/locations/us-central1/builds/29fa866b-da31-4536-a54c-bc94ae7392ad"},"done":false}
[debug] [2026-08-28T16:52:45.509Z] [update-default-us-central1-webhookMercadoPago] Retrying task index 0
[debug] [2026-08-28T16:52:45.509Z] Checked if tokens are valid: true, expires at: 1787937781267
[debug] [2026-08-28T16:52:45.509Z] Checked if tokens are valid: true, expires at: 1787937781267
[debug] [2026-08-28T16:52:45.510Z] >>> [apiv2][query] GET https://cloudfunctions.googleapis.com/v2/projects/acaraje-da-bencao/locations/us-central1/operations/operation-1787935570932-65a1e309634d1-0aaf0327-0124112a [none]
[debug] [2026-08-28T16:52:46.973Z] <<< [apiv2][status] GET https://cloudfunctions.googleapis.com/v2/projects/acaraje-da-bencao/locations/us-central1/operations/operation-1787935570932-65a1e309634d1-0aaf0327-0124112a 200
[debug] [2026-08-28T16:52:46.974Z] <<< [apiv2][body] GET https://cloudfunctions.googleapis.com/v2/projects/acaraje-da-bencao/locations/us-central1/operations/operation-1787935570932-65a1e309634d1-0aaf0327-0124112a {"name":"projects/acaraje-da-bencao/locations/us-central1/operations/operation-1787935570932-65a1e309634d1-0aaf0327-0124112a","metadata":{"@type":"type.googleapis.com/google.cloud.functions.v2.OperationMetadata","createTime":"2026-08-28T16:46:13.577982747Z","target":"projects/acaraje-da-bencao/locations/us-central1/functions/webhookMercadoPago","verb":"update","cancelRequested":false,"apiVersion":"v2","requestResource":{"@type":"type.googleapis.com/google.cloud.functions.v2.Function","name":"projects/acaraje-da-bencao/locations/us-central1/functions/webhookMercadoPago","buildConfig":{"runtime":"nodejs24","entryPoint":"webhookMercadoPago","source":{"storageSource":{"bucket":"gcf-v2-sources-39673030784-us-central1","object":"webhookMercadoPago/function-source.zip","generation":"1787935573493116"}},"environmentVariables":{"GOOGLE_NODE_RUN_SCRIPTS":""},"dockerRepository":"projects/acaraje-da-bencao/locations/us-central1/repositories/gcf-artifacts","sourceProvenance":{"resolvedStorageSource":{"bucket":"gcf-v2-sources-39673030784-us-central1","object":"webhookMercadoPago/function-source.zip","generation":"1787924558707976"}},"dockerRegistry":"ARTIFACT_REGISTRY","serviceAccount":"projects/acaraje-da-bencao/serviceAccounts/39673030784-compute@developer.gserviceaccount.com","automaticUpdatePolicy":{}},"serviceConfig":{"service":"projects/acaraje-da-bencao/locations/us-central1/services/webhookmercadopago","timeoutSeconds":60,"environmentVariables":{"FIREBASE_CONFIG":"{\"projectId\":\"acaraje-da-bencao\",\"storageBucket\":\"acaraje-da-bencao.firebasestorage.app\"}","GCLOUD_PROJECT":"acaraje-da-bencao","EVENTARC_CLOUD_EVENT_SOURCE":"projects/acaraje-da-bencao/locations/us-central1/services/webhookMercadoPago","FUNCTION_REGION":"us-central1","FUNCTION_TARGET":"webhookMercadoPago","LOG_EXECUTION_ID":"true","FUNCTION_SIGNATURE_TYPE":"http"},"ingressSettings":"ALLOW_ALL","uri":"https://webhookmercadopago-2mfyfptukq-uc.a.run.app","serviceAccountEmail":"39673030784-compute@developer.gserviceaccount.com","availableMemory":"256Mi","allTrafficOnLatestRevision":true,"secretEnvironmentVariables":[{"key":"MP_ACCESS_TOKEN","projectId":"acaraje-da-bencao","secret":"MP_ACCESS_TOKEN","version":"1"}],"revision":"webhookmercadopago-00015-xoc","maxInstanceRequestConcurrency":80,"availableCpu":"1"},"state":"ACTIVE","labels":{"deployment-tool":"cli-firebase","firebase-functions-hash":"e4bc23d79e2bfde92aeded2a1577d5579e9c4023"},"environment":"GEN_2","url":"https://us-central1-acaraje-da-bencao.cloudfunctions.net/webhookMercadoPago","satisfiesPzi":true},"stages":[{"name":"BUILD","message":"Build in progress","state":"IN_PROGRESS","resource":"projects/39673030784/locations/us-central1/builds/29fa866b-da31-4536-a54c-bc94ae7392ad","resourceUri":"https://console.cloud.google.com/cloud-build/builds;region=us-central1/29fa866b-da31-4536-a54c-bc94ae7392ad?project=39673030784"},{"name":"SERVICE","state":"NOT_STARTED"}],"operationType":"UPDATE_FUNCTION","buildName":"projects/39673030784/locations/us-central1/builds/29fa866b-da31-4536-a54c-bc94ae7392ad"},"done":false}
[debug] [2026-08-28T16:52:56.984Z] [update-default-us-central1-webhookMercadoPago] Retrying task index 0
[debug] [2026-08-28T16:52:56.985Z] Checked if tokens are valid: true, expires at: 1787937781267
[debug] [2026-08-28T16:52:56.985Z] Checked if tokens are valid: true, expires at: 1787937781267
[debug] [2026-08-28T16:52:56.986Z] >>> [apiv2][query] GET https://cloudfunctions.googleapis.com/v2/projects/acaraje-da-bencao/locations/us-central1/operations/operation-1787935570932-65a1e309634d1-0aaf0327-0124112a [none]
[debug] [2026-08-28T16:52:57.657Z] <<< [apiv2][status] GET https://cloudfunctions.googleapis.com/v2/projects/acaraje-da-bencao/locations/us-central1/operations/operation-1787935570932-65a1e309634d1-0aaf0327-0124112a 200
[debug] [2026-08-28T16:52:57.658Z] <<< [apiv2][body] GET https://cloudfunctions.googleapis.com/v2/projects/acaraje-da-bencao/locations/us-central1/operations/operation-1787935570932-65a1e309634d1-0aaf0327-0124112a {"name":"projects/acaraje-da-bencao/locations/us-central1/operations/operation-1787935570932-65a1e309634d1-0aaf0327-0124112a","metadata":{"@type":"type.googleapis.com/google.cloud.functions.v2.OperationMetadata","createTime":"2026-08-28T16:46:13.577982747Z","target":"projects/acaraje-da-bencao/locations/us-central1/functions/webhookMercadoPago","verb":"update","cancelRequested":false,"apiVersion":"v2","requestResource":{"@type":"type.googleapis.com/google.cloud.functions.v2.Function","name":"projects/acaraje-da-bencao/locations/us-central1/functions/webhookMercadoPago","buildConfig":{"runtime":"nodejs24","entryPoint":"webhookMercadoPago","source":{"storageSource":{"bucket":"gcf-v2-sources-39673030784-us-central1","object":"webhookMercadoPago/function-source.zip","generation":"1787935573493116"}},"environmentVariables":{"GOOGLE_NODE_RUN_SCRIPTS":""},"dockerRepository":"projects/acaraje-da-bencao/locations/us-central1/repositories/gcf-artifacts","sourceProvenance":{"resolvedStorageSource":{"bucket":"gcf-v2-sources-39673030784-us-central1","object":"webhookMercadoPago/function-source.zip","generation":"1787924558707976"}},"dockerRegistry":"ARTIFACT_REGISTRY","serviceAccount":"projects/acaraje-da-bencao/serviceAccounts/39673030784-compute@developer.gserviceaccount.com","automaticUpdatePolicy":{}},"serviceConfig":{"service":"projects/acaraje-da-bencao/locations/us-central1/services/webhookmercadopago","timeoutSeconds":60,"environmentVariables":{"FIREBASE_CONFIG":"{\"projectId\":\"acaraje-da-bencao\",\"storageBucket\":\"acaraje-da-bencao.firebasestorage.app\"}","GCLOUD_PROJECT":"acaraje-da-bencao","EVENTARC_CLOUD_EVENT_SOURCE":"projects/acaraje-da-bencao/locations/us-central1/services/webhookMercadoPago","FUNCTION_REGION":"us-central1","FUNCTION_TARGET":"webhookMercadoPago","LOG_EXECUTION_ID":"true","FUNCTION_SIGNATURE_TYPE":"http"},"ingressSettings":"ALLOW_ALL","uri":"https://webhookmercadopago-2mfyfptukq-uc.a.run.app","serviceAccountEmail":"39673030784-compute@developer.gserviceaccount.com","availableMemory":"256Mi","allTrafficOnLatestRevision":true,"secretEnvironmentVariables":[{"key":"MP_ACCESS_TOKEN","projectId":"acaraje-da-bencao","secret":"MP_ACCESS_TOKEN","version":"1"}],"revision":"webhookmercadopago-00015-xoc","maxInstanceRequestConcurrency":80,"availableCpu":"1"},"state":"ACTIVE","labels":{"deployment-tool":"cli-firebase","firebase-functions-hash":"e4bc23d79e2bfde92aeded2a1577d5579e9c4023"},"environment":"GEN_2","url":"https://us-central1-acaraje-da-bencao.cloudfunctions.net/webhookMercadoPago","satisfiesPzi":true},"stages":[{"name":"BUILD","message":"Build in progress","state":"IN_PROGRESS","resource":"projects/39673030784/locations/us-central1/builds/29fa866b-da31-4536-a54c-bc94ae7392ad","resourceUri":"https://console.cloud.google.com/cloud-build/builds;region=us-central1/29fa866b-da31-4536-a54c-bc94ae7392ad?project=39673030784"},{"name":"SERVICE","state":"NOT_STARTED"}],"operationType":"UPDATE_FUNCTION","buildName":"projects/39673030784/locations/us-central1/builds/29fa866b-da31-4536-a54c-bc94ae7392ad"},"done":false}
